time,data
0.0375363826751709,220.5148468017578
0.08977556228637695,221.7859649658203
0.13972210884094238,224.04815673828125
0.19060087203979492,223.95306396484375
0.2394263744354248,224.26707458496094
0.29033327102661133,224.4415740966797
0.3391425609588623,223.56704711914062
0.39072608947753906,222.3787841796875
0.43941807746887207,223.42340087890625
0.49067020416259766,225.8585662841797
0.5394952297210693,223.10250854492188
0.5891866683959961,220.5691375732422
0.6403028964996338,223.35076904296875
0.690741777420044,222.91966247558594
0.7393622398376465,222.75827026367188
0.7907285690307617,223.09185791015625
0.8395645618438721,223.55743408203125
0.8905839920043945,224.36996459960938
0.939359188079834,225.45262145996094
0.9907228946685791,226.4750213623047
1.0393805503845215,227.58302307128906
1.090744972229004,228.03756713867188
1.1395068168640137,229.75595092773438
1.1907062530517578,231.1752471923828
1.2394568920135498,228.2702178955078
1.2907342910766602,230.114990234375
1.3394603729248047,228.6029052734375
1.3907089233398438,229.4968719482422
1.4394121170043945,230.720458984375
1.4907104969024658,233.3618621826172
1.5394642353057861,235.10935974121094
1.590430736541748,232.8094024658203
1.6394200325012207,230.1597900390625
1.6904780864715576,232.6908416748047
1.7394320964813232,231.5574188232422
1.7906150817871094,231.94288635253906
1.8393466472625732,232.32777404785156
1.890639066696167,233.99176025390625
1.9392974376678467,235.94105529785156
1.9908852577209473,238.95120239257812
2.039508819580078,236.4831085205078
2.090702772140503,234.82318115234375
2.1394312381744385,236.25442504882812
2.1907079219818115,239.37265014648438
2.24059796333313,239.531494140625
2.2907447814941406,242.117919921875
2.3392205238342285,244.96534729003906
2.390692949295044,245.86965942382812
2.4393861293792725,244.20545959472656
2.4907612800598145,244.63938903808594
2.5394396781921387,244.0836944580078
2.5903382301330566,245.95555114746094
2.639448642730713,245.47914123535156
2.691101551055908,245.4179229736328
2.7396962642669678,243.31224060058594
2.790672779083252,243.50892639160156
2.8394882678985596,241.99888610839844
2.8906354904174805,243.9980010986328
2.939335584640503,246.5106658935547
2.9907360076904297,249.02685546875
3.039341926574707,251.62933349609375
3.090756893157959,254.2600555419922
3.1397926807403564,256.333251953125
3.1906960010528564,257.08209228515625
3.2394442558288574,258.4795837402344
3.2907326221466064,256.932373046875
3.339428663253784,254.68304443359375
3.390734910964966,251.90069580078125
3.4394378662109375,249.17628479003906
3.4904234409332275,249.73074340820312
3.539494752883911,246.7053985595703
3.5907132625579834,247.30812072753906
3.6395111083984375,250.38299560546875
3.6907551288604736,249.84115600585938
3.739699602127075,252.2211151123047
3.7906570434570312,251.5349578857422
3.8399577140808105,253.96981811523438
3.890660524368286,256.943359375
3.9399473667144775,256.847412109375
3.9908993244171143,259.02691650390625
4.039684534072876,259.8052673339844
4.090410947799683,261.46807861328125
4.139719724655151,263.5226135253906
4.190725803375244,262.25885009765625
4.239488124847412,262.2257385253906
4.2907555103302,265.1968688964844
4.339446306228638,264.4011535644531
4.3907270431518555,263.9313659667969
4.439440965652466,263.88372802734375
4.490764141082764,266.14794921875
4.5399274826049805,266.8357238769531
4.590730905532837,267.6159362792969
4.640092849731445,265.9895324707031
4.690430641174316,268.9518737792969
4.739686965942383,266.13458251953125
4.790717124938965,265.5157775878906
4.839462995529175,266.3863525390625
4.89075493812561,263.46551513671875
4.939436435699463,264.1277770996094
4.990410327911377,264.2364196777344
5.039516925811768,263.1363220214844
5.0904295444488525,263.9736633300781
5.139267444610596,266.28759765625
5.190739631652832,267.71014404296875
5.239439487457275,269.62933349609375
5.290738344192505,268.6564025878906
5.339436054229736,268.9345397949219
5.391176223754883,269.3794860839844
5.439361810684204,267.5743103027344
5.491201400756836,269.1596984863281
5.53999400138855,269.26312255859375
5.590744972229004,269.62542724609375
5.639464855194092,268.15728759765625
5.690697431564331,268.7674865722656
5.739462852478027,267.12127685546875
5.790750026702881,267.42315673828125
5.839484691619873,268.6938171386719
5.89079213142395,267.36309814453125
5.939706563949585,268.06292724609375
5.990729570388794,269.11907958984375
6.039631128311157,269.4031982421875
6.089951515197754,269.4701232910156
6.139425039291382,268.059326171875
6.190712928771973,268.3747253417969
6.240002632141113,267.0767517089844
6.290720701217651,265.96746826171875
6.339464902877808,267.6181640625
6.3907294273376465,267.22296142578125
6.439283847808838,268.7713623046875
6.491270542144775,268.7850341796875
6.53968071937561,268.28765869140625
6.590749979019165,269.0338134765625
6.6396284103393555,269.3492126464844
6.690739154815674,269.0384521484375
6.739704370498657,269.1392517089844
6.791137456893921,268.6581726074219
6.840070724487305,268.5196838378906
6.890802383422852,268.73614501953125
6.939643859863281,268.8997802734375
6.9907896518707275,268.487548828125
7.0394322872161865,268.7519836425781
7.088277339935303,268.45489501953125
7.141320705413818,268.6253967285156
7.190709829330444,268.7418212890625
7.239593029022217,268.49554443359375
7.291177988052368,268.3081359863281
7.339713096618652,269.1798400878906
7.391240358352661,268.4568786621094
7.439633846282959,268.701416015625
7.491197824478149,271.4684143066406
7.539658308029175,269.5796203613281
7.591188669204712,268.9255676269531
7.6395392417907715,268.6022644042969
7.691258907318115,266.9158630371094
7.7392942905426025,268.0290222167969
7.790738344192505,269.1650695800781
7.839653968811035,268.406982421875
7.891184329986572,269.401611328125
7.939659833908081,268.8222351074219
7.990710973739624,267.9105224609375
8.039515256881714,268.46710205078125
8.090781450271606,268.6693420410156
8.139739990234375,268.3682861328125
8.191250085830688,268.5267028808594
8.239460706710815,268.4516296386719
8.291165590286255,270.0491638183594
8.33946681022644,270.3252258300781
8.390733003616333,270.7751159667969
8.43938946723938,271.144775390625
8.490686416625977,270.92193603515625
8.539880514144897,271.5013122558594
8.590655326843262,271.7204895019531
8.639310359954834,271.49871826171875
8.690698862075806,271.6107177734375
8.739667892456055,271.9050598144531
8.790716886520386,271.571533203125
8.84027361869812,272.09539794921875
8.890735149383545,272.9712219238281
8.939527034759521,272.8766784667969
8.990735292434692,272.9698181152344
9.03966498374939,272.9192199707031
9.090777397155762,272.9902648925781
9.139647483825684,272.2987365722656
9.190768718719482,271.4258728027344
9.239621639251709,270.9613037109375
9.290700435638428,269.8278503417969
9.339705467224121,268.8083190917969
9.390717029571533,268.5374755859375
9.439377069473267,268.8566589355469
9.491132974624634,269.5143127441406
9.539872646331787,269.7417297363281
9.590725183486938,268.8589172363281
9.639526605606079,267.43798828125
9.690711498260498,266.5274963378906
9.739619970321655,265.7497253417969
9.790393829345703,264.96929931640625
9.840015649795532,264.48675537109375
9.890864610671997,264.10125732421875
9.9393630027771,263.6988220214844
9.991108417510986,263.31793212890625
10.040218114852905,260.6175537109375
10.090697526931763,260.02838134765625
10.139326810836792,259.6102600097656
10.190714836120605,259.3222961425781
10.239511966705322,258.9879150390625
10.290629625320435,258.5428161621094
10.339552879333496,257.8114929199219
10.390610694885254,257.4390869140625
10.43926215171814,257.59375
10.490686893463135,257.825439453125
10.539519548416138,258.0283203125
10.590673923492432,258.4513244628906
10.639561653137207,258.92071533203125
10.690657377243042,260.0567932128906
10.739329099655151,261.8067626953125
10.790621280670166,262.23089599609375
10.839862823486328,262.6010437011719
10.890700578689575,262.9039306640625
10.939331293106079,263.2332458496094
10.990654945373535,263.4523010253906
11.03945255279541,263.6763000488281
11.091246604919434,263.9566345214844
11.139521598815918,264.23956298828125
11.191211938858032,264.5357971191406
11.239557027816772,264.7594909667969
11.29106879234314,265.1358642578125
11.339521408081055,265.3606262207031
11.390601634979248,265.5744323730469
11.439274311065674,265.6720275878906
11.49060320854187,265.9071960449219
11.538896560668945,265.90765380859375
11.590197324752808,265.6189270019531
11.639533996582031,265.4575500488281
11.69062089920044,265.51373291015625
11.7393639087677,265.6308288574219
11.790611743927002,265.4788818359375
11.839566946029663,265.44305419921875
11.89051628112793,265.1365966796875
11.93929934501648,264.8875427246094
11.990310668945312,264.5585632324219
12.039283752441406,264.2766418457031
12.090720415115356,264.1692199707031
12.13927674293518,264.2105407714844
12.190597534179688,264.0540466308594
12.239349603652954,263.76300048828125
12.29059100151062,263.9633483886719
12.339279651641846,263.50677490234375
12.390624046325684,262.90350341796875
12.438911199569702,262.3778991699219
12.490234851837158,261.8919677734375
12.539322853088379,261.211181640625
12.5906240940094,263.2943115234375
12.639369487762451,262.1723937988281
12.690590858459473,260.0887756347656
12.738913297653198,258.62701416015625
12.79051423072815,257.615478515625
12.839366912841797,256.20794677734375
12.890640258789062,253.48983764648438
12.939530611038208,251.77407836914062
12.990604162216187,250.87022399902344
13.039072275161743,250.78782653808594
13.090531349182129,249.6510009765625
13.139350414276123,247.94834899902344
13.190609455108643,247.16165161132812
13.239344120025635,246.292724609375
13.290601015090942,246.03123474121094
13.339141368865967,244.0069122314453
13.390507698059082,243.86505126953125
13.439269781112671,244.1494140625
13.490622758865356,243.13980102539062
13.53930401802063,242.77273559570312
13.590598106384277,243.4698944091797
13.638929605484009,244.5155029296875
13.69022250175476,244.46926879882812
13.73934555053711,245.97776794433594
13.790691137313843,246.7535858154297
13.83935809135437,244.26031494140625
13.890609502792358,245.5861358642578
13.93910264968872,246.6326141357422
13.990243196487427,247.9574737548828
14.039378881454468,249.97128295898438
14.09065556526184,251.1980743408203
14.139334440231323,251.90756225585938
14.190618991851807,253.60894775390625
14.239583015441895,256.2736511230469
14.290597200393677,259.2657470703125
14.339523553848267,261.6578063964844
14.390719890594482,260.1700134277344
14.439794540405273,262.2916259765625
14.490579605102539,259.40399169921875
14.539252281188965,259.8316650390625
14.590546369552612,260.4012756347656
14.639545917510986,261.4776611328125
14.69101357460022,259.10028076171875
14.739360332489014,259.7547912597656
14.790841817855835,259.91595458984375
14.839336395263672,259.9573974609375
14.89059829711914,260.1658935546875
14.93924331665039,259.6317138671875
14.990616083145142,259.05413818359375
15.039347648620605,258.8823547363281
15.09101152420044,258.5816345214844
15.139288902282715,258.19476318359375
15.190848588943481,257.34979248046875
15.239524364471436,257.4135437011719
15.290492534637451,256.59161376953125
15.339242696762085,255.94528198242188
15.390608549118042,253.06466674804688
15.439250707626343,252.24371337890625
15.490704536437988,251.84535217285156
15.539376020431519,251.21658325195312
15.590587854385376,249.9874725341797
15.63937258720398,247.20919799804688
15.690585613250732,249.95114135742188
15.739525318145752,252.56040954589844
15.790504932403564,250.98907470703125
15.839540481567383,252.00241088867188
15.890658855438232,251.32386779785156
15.939197063446045,252.3677215576172
15.990639686584473,251.94976806640625
16.03953719139099,250.50352478027344
16.090588092803955,249.0985565185547
16.13949680328369,247.19384765625
16.191014766693115,245.80335998535156
16.23955273628235,244.60328674316406
16.290635108947754,243.62889099121094
16.339261770248413,245.99913024902344
16.39069414138794,244.7800750732422
16.439866304397583,243.5133514404297
16.490560054779053,241.24913024902344
16.53931474685669,239.35581970214844
16.590617418289185,237.8556365966797
16.639506101608276,236.71002197265625
16.690584182739258,235.51844787597656
16.73929190635681,234.624755859375
16.790632009506226,234.10133361816406
16.839281797409058,233.21682739257812
16.890602827072144,233.85145568847656
16.939152479171753,233.73397827148438
16.990615606307983,233.1871337890625
17.040284156799316,233.58599853515625
17.090588569641113,232.87530517578125
17.139360904693604,234.5641326904297
17.19106936454773,234.74989318847656
17.240625381469727,235.26980590820312
17.291123867034912,235.2900390625
17.33923029899597,236.5917510986328
17.39066767692566,236.2913055419922
17.43941617012024,236.6302032470703
17.49070167541504,235.44664001464844
17.539527893066406,234.80096435546875
17.59067702293396,233.7646026611328
17.639569759368896,232.99765014648438
17.691065311431885,232.166259765625
17.73940134048462,232.1716766357422
17.790621280670166,232.6424560546875
17.839532375335693,232.92015075683594
17.891120672225952,233.35952758789062
17.93964147567749,233.86376953125
17.99116826057434,234.2367401123047
18.03962540626526,234.61264038085938
18.09114694595337,234.85406494140625
18.13913583755493,235.03199768066406
18.191118001937866,234.9962615966797
18.239619493484497,234.7768096923828
18.291138887405396,234.5155487060547
18.339373111724854,234.65272521972656
18.390681266784668,235.0008544921875
18.439070463180542,235.28126525878906
18.49117612838745,235.34649658203125
18.539389848709106,235.2190399169922
18.590651035308838,234.83998107910156
18.639532566070557,234.45004272460938
18.691222667694092,234.18710327148438
18.73952627182007,234.11868286132812
18.790645122528076,234.14830017089844
18.83913826942444,234.12596130371094
18.89107084274292,233.89076232910156
18.93927574157715,233.6126708984375
18.9910888671875,233.34353637695312
19.039146900177002,233.3435821533203
19.091155290603638,233.46836853027344
19.139477252960205,233.59548950195312
19.190638780593872,233.6411895751953
19.23917531967163,233.57568359375
19.2906711101532,233.53611755371094
19.339125633239746,233.57456970214844
19.391184091567993,233.36550903320312
19.439568758010864,233.1522674560547
19.49096393585205,232.97215270996094
19.53925919532776,232.3779296875
19.591094732284546,231.3993377685547
19.63924741744995,230.83316040039062
19.690643787384033,229.91265869140625
19.739855766296387,229.56016540527344
19.79112935066223,230.68685913085938
19.839590549468994,230.92889404296875
19.89113426208496,231.45033264160156
19.939132690429688,232.03065490722656
19.990755081176758,231.2710418701172
20.03951382637024,231.28231811523438
20.09066104888916,231.9037322998047
20.139246940612793,232.78317260742188
20.190600872039795,233.7009735107422
20.239773988723755,232.08921813964844
20.290597200393677,233.1511993408203
20.339591026306152,235.9689178466797
20.39066982269287,239.0695343017578
20.43922781944275,239.47335815429688
20.49113965034485,239.39381408691406
20.5395245552063,238.43392944335938
20.59075903892517,238.76939392089844
20.639111518859863,239.2917938232422
20.690632820129395,239.76583862304688
20.73938798904419,240.54710388183594
20.79060459136963,242.00010681152344
20.839598894119263,244.8523406982422
20.890679359436035,247.92852783203125
20.939496278762817,250.42306518554688
20.99094581604004,248.53936767578125
21.039753437042236,245.481689453125
21.091026306152344,245.79974365234375
21.139240503311157,246.94137573242188
21.19070529937744,246.4993133544922
21.239331245422363,246.04396057128906
21.290632963180542,245.61825561523438
21.339556455612183,246.04795837402344
21.391013383865356,245.58297729492188
21.43949317932129,246.22047424316406
21.491132974624634,246.9339599609375
21.53947687149048,248.7533416748047
21.59109902381897,247.22984313964844
21.639811515808105,246.99485778808594
21.691041231155396,245.99301147460938
21.73914670944214,245.11676025390625
21.7906014919281,244.69390869140625
21.839575052261353,245.84445190429688
21.890631198883057,245.11044311523438
21.939327001571655,243.54014587402344
21.991138696670532,245.6763458251953
22.039562702178955,246.1055908203125
22.090538024902344,243.69137573242188
22.139280796051025,243.30422973632812
22.19055461883545,242.9230499267578
22.239316940307617,242.8865966796875
22.290642976760864,241.27418518066406
22.339415550231934,240.04811096191406
22.390563488006592,238.68118286132812
22.43917965888977,235.6446533203125
22.49036431312561,236.8066864013672
22.539373636245728,236.95738220214844
22.590540885925293,235.61679077148438
22.63907527923584,235.99472045898438
22.690587997436523,236.86029052734375
22.739280700683594,239.09104919433594
22.79025912284851,240.68698120117188
22.839508533477783,242.42933654785156
22.89113450050354,244.17230224609375
22.939704656600952,247.16880798339844
22.990548849105835,244.4418487548828
23.039117336273193,246.09295654296875
23.090508460998535,245.37930297851562
23.139757871627808,244.63912963867188
23.19104242324829,243.43592834472656
23.239839792251587,242.11817932128906
23.290587186813354,243.10838317871094
23.339420557022095,241.11041259765625
23.39051365852356,238.34451293945312
23.4389865398407,240.67991638183594
23.490543842315674,238.29400634765625
23.53917622566223,240.68753051757812
23.59049654006958,243.57327270507812
23.639214038848877,245.37342834472656
23.69017505645752,245.72537231445312
23.738978385925293,245.08164978027344
23.7903892993927,242.77664184570312
23.83921480178833,239.7808837890625
23.890488624572754,239.6762237548828
23.939069747924805,237.7326202392578
23.990199089050293,239.64474487304688
24.03908371925354,242.72189331054688
24.090336084365845,244.54678344726562
24.139307737350464,244.96957397460938
24.190176010131836,242.06849670410156
24.239416122436523,243.29820251464844
24.29018759727478,243.45504760742188
24.338926553726196,242.8575439453125
24.390201091766357,242.31529235839844
24.439384698867798,240.26060485839844
24.49023938179016,238.7232666015625
24.538915634155273,238.2339324951172
24.590165853500366,239.18887329101562
24.639582872390747,239.08233642578125
24.690388679504395,241.16506958007812
24.739084482192993,239.32737731933594
24.79052996635437,237.65802001953125
24.83900284767151,239.04046630859375
24.89055299758911,241.33340454101562
24.938873529434204,238.69528198242188
24.990240812301636,240.88673400878906
25.039091110229492,242.81350708007812
25.091043949127197,239.7967529296875
25.139143705368042,237.8355712890625
25.190208673477173,239.65823364257812
25.239349365234375,239.8702392578125
25.29037833213806,242.3554229736328
25.339395761489868,242.6639862060547
25.39052176475525,243.7537078857422
25.439111471176147,244.5108642578125
25.49020528793335,244.8846435546875
25.538851737976074,245.13446044921875
25.59022307395935,245.67111206054688
25.639188289642334,246.17962646484375
25.69053602218628,243.4670867919922
25.739126920700073,244.5009002685547
25.790180921554565,245.3998565673828
25.838890552520752,247.70452880859375
25.890398025512695,244.95155334472656
25.939266204833984,247.97633361816406
25.990561962127686,245.1664276123047
26.0392427444458,242.7146453857422
26.090184926986694,245.28533935546875
26.138872385025024,246.9827117919922
26.19050884246826,249.11500549316406
26.239124298095703,250.5750274658203
26.290395736694336,248.0146942138672
26.339258193969727,250.48231506347656
26.39048933982849,249.8537139892578
26.43910264968872,250.07135009765625
26.490521669387817,251.24778747558594
26.539676427841187,251.85076904296875
26.590498447418213,251.437744140625
26.63898777961731,248.9290313720703
26.690174341201782,248.21534729003906
26.7391037940979,247.37109375
26.790597677230835,248.37477111816406
26.839398622512817,245.62525939941406
26.89063286781311,243.5331268310547
26.93911099433899,245.0744171142578
26.990504503250122,246.439208984375
27.03918433189392,245.70370483398438
27.090624570846558,242.8934326171875
27.139371633529663,245.6422119140625
27.190115928649902,244.15762329101562
27.23915147781372,244.71591186523438
27.290520668029785,247.3523406982422
27.338902711868286,247.0258026123047
27.39027714729309,246.8626251220703
27.439096212387085,245.9879913330078
27.49105930328369,246.24703979492188
27.53929352760315,246.3511199951172
27.59018087387085,247.01083374023438
27.638787508010864,246.65882873535156
27.690529346466064,246.75686645507812
27.73913335800171,246.67825317382812
27.79016923904419,244.1143341064453
27.838966846466064,242.57054138183594
27.89006733894348,239.5369415283203
27.938774824142456,236.4116973876953
27.990199089050293,235.7223358154297
28.039037227630615,237.296875
28.087687015533447,235.52804565429688
28.139776706695557,236.2902374267578
28.190070390701294,236.63104248046875
28.23901605606079,238.37213134765625
28.290146589279175,237.80682373046875
28.339239597320557,239.57077026367188
28.390177965164185,239.88609313964844
28.43906259536743,240.25790405273438
28.490041971206665,238.56822204589844
28.538976192474365,238.81781005859375
28.59057593345642,239.15003967285156
28.6390118598938,238.0081024169922
28.690157175064087,238.48052978515625
28.738823175430298,236.52008056640625
28.790321826934814,234.68850708007812
28.839010000228882,233.50555419921875
28.8906466960907,232.99349975585938
28.938812255859375,233.43919372558594
28.990154266357422,230.5560760498047
29.039106130599976,228.51821899414062
29.090564489364624,226.48175048828125
29.139025926589966,228.95655822753906
29.190576314926147,228.90260314941406
29.23933982849121,229.5125732421875
29.29018211364746,231.16990661621094
29.339279413223267,230.84922790527344
29.390347719192505,231.4524688720703
29.43875741958618,232.6739044189453
29.490110397338867,233.11172485351562
29.5387966632843,231.45425415039062
29.590534687042236,232.37994384765625
29.63902497291565,233.13894653320312
29.690651178359985,233.4220428466797
29.739030122756958,233.36949157714844
29.79063105583191,233.1856231689453
29.838887214660645,232.65585327148438
29.89012861251831,232.84002685546875
29.938727378845215,233.2489776611328
29.990635871887207,233.5117645263672
30.039323568344116,233.4398956298828
30.090710639953613,233.22787475585938
30.13908839225769,232.89381408691406
30.190577507019043,232.6867218017578
30.2389919757843,232.6300506591797
30.290132522583008,232.60301208496094
30.339809894561768,232.560546875
30.390102863311768,232.427978515625
30.43882441520691,232.24749755859375
30.490112781524658,232.04644775390625
30.538930654525757,231.92218017578125
30.590174436569214,232.63613891601562
30.639239072799683,232.06002807617188
30.690670251846313,232.11546325683594
30.73904514312744,232.0172882080078
30.79058027267456,231.84939575195312
30.839064121246338,232.19122314453125
30.89014196395874,232.4306640625
30.938763856887817,232.40625
30.990116357803345,232.18943786621094
31.03875708580017,231.9313201904297
31.090144157409668,231.7852325439453
31.138867139816284,231.5204315185547
31.19016718864441,231.70167541503906
31.238945484161377,231.9312744140625
31.290130138397217,230.88894653320312
31.339250087738037,232.89605712890625
31.39010739326477,235.12013244628906
31.438727378845215,234.85931396484375
31.490580558776855,235.2435760498047
31.538933277130127,237.451171875
31.59009861946106,236.1363525390625
31.63881278038025,236.3258056640625
31.69056987762451,236.43528747558594
31.738981246948242,237.76571655273438
31.790125370025635,237.4205322265625
31.83879280090332,238.1732940673828
31.890596389770508,239.0789031982422
31.938848972320557,239.4197540283203
31.99013924598694,238.95574951171875
32.0387544631958,240.35916137695312
32.09010457992554,239.98614501953125
32.13890099525452,239.82427978515625
32.19000029563904,239.1767120361328
32.23916959762573,242.131591796875
32.289750814437866,241.6730499267578
32.338765382766724,240.4730682373047
32.38868737220764,241.57762145996094
32.440566539764404,242.8487091064453
32.489181995391846,243.5555877685547
32.54014730453491,243.6771697998047
32.589773416519165,244.19935607910156
32.640061140060425,244.466796875
32.68901181221008,244.03524780273438
32.74017000198364,243.91455078125
32.78880047798157,243.45191955566406
32.84058332443237,243.8421173095703
32.88898825645447,243.83419799804688
32.940163135528564,243.6965789794922
32.990041971206665,243.0383758544922
33.04054617881775,242.52503967285156
33.08888244628906,242.41827392578125
33.1405234336853,242.9502410888672
33.18893527984619,243.87228393554688
33.23968172073364,244.26502990722656
33.28941607475281,245.19635009765625
33.3402042388916,247.6869354248047
33.38876700401306,248.7166748046875
33.44013166427612,248.92974853515625
33.488757848739624,250.00079345703125
33.54040217399597,250.2308807373047
33.590123414993286,250.50770568847656
33.64057397842407,250.57266235351562
33.688841819763184,251.84417724609375
33.74067831039429,252.16761779785156
33.78895020484924,251.0107879638672
33.8405282497406,251.36744689941406
33.88879871368408,250.19078063964844
33.940165281295776,252.61138916015625
33.98880052566528,254.49270629882812
34.04009556770325,253.08135986328125
34.0889048576355,250.15762329101562
34.140159606933594,247.17848205566406
34.190157890319824,245.6134796142578
34.24010467529297,243.53146362304688
34.2887237071991,242.6954803466797
34.34020185470581,242.29627990722656
34.38913941383362,243.15625
34.44013261795044,246.0543212890625
34.48892951011658,248.0821990966797
34.54010987281799,249.4923095703125
34.58877944946289,251.1360626220703
34.64008092880249,252.39923095703125
34.688925981521606,253.0490264892578
34.74013137817383,253.24176025390625
34.78866982460022,253.5811004638672
34.84014105796814,254.10467529296875
34.888745069503784,254.74066162109375
34.940441370010376,254.04977416992188
34.98895525932312,255.45155334472656
35.04020929336548,254.41380310058594
35.08878493309021,254.1571044921875
35.14048361778259,254.69203186035156
35.188695192337036,255.58604431152344
35.240023612976074,258.5534362792969
35.28869652748108,257.8472595214844
35.34006690979004,256.9691467285156
35.388691902160645,256.9666748046875
35.44002437591553,257.6264343261719
35.48908305168152,258.3538818359375
35.540040254592896,258.3807067871094
35.58879518508911,258.4765319824219
35.64005184173584,257.7107849121094
35.68895411491394,256.1783447265625
35.740068674087524,253.38397216796875
35.7886917591095,250.77659606933594
35.84036302566528,247.89141845703125
35.88887310028076,246.2357177734375
35.94053530693054,245.0269317626953
35.98892664909363,245.10952758789062
36.04003620147705,245.65187072753906
36.08885884284973,246.3909912109375
36.14008045196533,247.0812225341797
36.18868899345398,248.01927185058594
36.24005103111267,250.38412475585938
36.28866004943848,251.87118530273438
36.34003400802612,253.3000030517578
36.38869524002075,253.63551330566406
36.44005346298218,251.27383422851562
36.488659620285034,250.0998992919922
36.54007291793823,249.60935974121094
36.58873105049133,249.5828857421875
36.640061140060425,251.64276123046875
36.688679695129395,254.61354064941406
36.74006724357605,256.669677734375
36.788923025131226,254.3546600341797
36.84057021141052,253.6439666748047
36.888826847076416,253.956787109375
36.94003677368164,253.74769592285156
36.98929977416992,253.55230712890625
37.040045738220215,253.6103973388672
37.08865308761597,253.93829345703125
37.140262842178345,254.45333862304688
37.1887903213501,255.1582489013672
37.240034103393555,255.9915771484375
37.28864812850952,257.5390625
37.34003186225891,259.4548645019531
37.3888144493103,260.68695068359375
37.43997359275818,259.4765625
37.488707542419434,260.0471496582031
37.54004979133606,260.00115966796875
37.588656187057495,260.2554016113281
37.64049243927002,260.7917785644531
37.68895649909973,262.0617980957031
37.74011301994324,263.9598693847656
37.78887891769409,265.7831726074219
37.840545892715454,267.7035217285156
37.8886342048645,270.7056579589844
37.94007420539856,271.9234313964844
37.98849320411682,272.8134460449219
38.04003643989563,273.59454345703125
38.08864617347717,276.0744323730469
38.14011907577515,277.26715087890625
38.188629388809204,277.5896301269531
38.240063190460205,277.84613037109375
38.28870725631714,278.09375
38.339996099472046,278.28076171875
38.388657093048096,278.3207702636719
38.44003629684448,278.1343688964844
38.48859882354736,277.5956726074219
38.54006624221802,277.4484558105469
38.58888101577759,275.36663818359375
38.639971017837524,273.1681823730469
38.689175844192505,275.0254821777344
38.73999238014221,271.9145202636719
38.78860139846802,275.01416015625
38.83971118927002,272.9577941894531
38.889081716537476,271.1199951171875
38.940407514572144,272.44586181640625
38.989057302474976,272.0503845214844
39.04005575180054,270.63287353515625
39.08884048461914,271.9688415527344
39.1400420665741,272.030029296875
39.18829798698425,271.86865234375
39.2397665977478,270.8506164550781
39.28833293914795,270.7076721191406
39.33976602554321,270.73388671875
39.38835310935974,272.540771484375
39.43975353240967,272.5629577636719
39.48836421966553,272.2561340332031
39.53975176811218,271.75665283203125
39.58871865272522,271.5977783203125
39.63978338241577,271.8115234375
39.689364433288574,272.5845642089844
39.74012899398804,273.34173583984375
39.78849530220032,273.5947570800781
39.840248107910156,272.9905700683594
39.88844537734985,271.8294372558594
39.93973231315613,270.1623229980469
39.988301515579224,267.6722106933594
40.039896965026855,266.32550048828125
40.08845853805542,265.3622131347656
40.14028716087341,264.832275390625
40.188700675964355,265.71429443359375
40.23972201347351,266.28582763671875
40.28841686248779,266.1014404296875
40.33973741531372,266.080810546875
40.388468742370605,265.484619140625
40.43972134590149,264.6337890625
40.48850345611572,262.8281555175781
40.53977608680725,261.5122985839844
40.5883150100708,260.5038146972656
40.639790296554565,259.6334228515625
40.68855261802673,259.11187744140625
40.73976182937622,258.8793029785156
40.78817820549011,258.7234802246094
40.84018015861511,258.68841552734375
40.88828635215759,259.411376953125
40.94032669067383,260.8578186035156
40.98838567733765,260.8131408691406
41.03974890708923,260.0655822753906
41.08847737312317,260.1453857421875
41.13971161842346,260.4333190917969
41.18836212158203,260.7484436035156
41.23980474472046,260.8638610839844
41.28830122947693,258.4927673339844
41.33974242210388,258.603271484375
41.3883216381073,259.1463928222656
41.439757108688354,259.93450927734375
41.48873233795166,260.90020751953125
41.53980565071106,262.7269592285156
41.588351249694824,263.91949462890625
41.640207290649414,264.5123596191406
41.688376903533936,264.9469299316406
41.740195751190186,265.343017578125
41.78852319717407,265.681884765625
41.83968639373779,265.9249572753906
41.88848543167114,266.1484680175781
41.93988013267517,266.3088684082031
41.98829698562622,266.3847351074219
42.03974747657776,266.2671813964844
42.08847999572754,266.1550598144531
42.140127182006836,266.1077880859375
42.18830370903015,266.0642395019531
42.24021649360657,266.0905456542969
42.28848481178284,266.1628723144531
42.3397216796875,266.2039794921875
42.38817381858826,266.21478271484375
42.440239667892456,266.2134704589844
42.488256216049194,266.23199462890625
42.54026126861572,266.24749755859375
42.588491678237915,266.2346496582031
42.640188455581665,266.1524658203125
42.68899464607239,266.07666015625
42.740310192108154,266.0116271972656
42.788233041763306,265.7773742675781
42.8397376537323,265.47735595703125
42.888426542282104,265.1943359375
42.94031524658203,264.84893798828125
42.988513231277466,264.40045166015625
43.040366411209106,263.748046875
43.088324308395386,263.05963134765625
43.14026975631714,262.5044250488281
43.188716650009155,262.2512512207031
43.23958420753479,262.0089111328125
43.2882444858551,261.8435974121094
43.33984136581421,261.7170715332031
43.38823175430298,261.6033020019531
43.439727783203125,261.4934997558594
43.488389015197754,261.51641845703125
43.53968620300293,261.6861267089844
43.58893013000488,261.993896484375
43.63966703414917,262.4851989746094
43.68823838233948,263.172607421875
43.73973560333252,263.90692138671875
43.78830909729004,264.52325439453125
43.83968186378479,264.80010986328125
43.888453245162964,265.0251159667969
43.93967270851135,265.0260314941406
43.98843955993652,264.72454833984375
44.0396888256073,265.59600830078125
44.08944129943848,265.458251953125
44.139724254608154,265.5225524902344
44.18822693824768,265.1408386230469
44.23937678337097,265.2146911621094
44.288201570510864,264.9216003417969
44.34011721611023,265.18157958984375
44.38826632499695,264.6921691894531
44.43975281715393,265.0487060546875
44.4884979724884,264.6368103027344
44.53956484794617,264.5755310058594
44.58842420578003,264.5848083496094
44.63963317871094,264.7869873046875
44.68827676773071,265.013427734375
44.73970031738281,264.8009338378906
44.78830862045288,264.5853576660156
44.83975911140442,264.13543701171875
44.88819456100464,264.3996887207031
44.939781665802,264.0538024902344
44.98852205276489,263.9315490722656
45.03971219062805,264.1661682128906
45.08885407447815,264.4154052734375
45.139657497406006,264.5862121582031
45.18828463554382,264.7391052246094
45.23971152305603,264.6195983886719
45.2884247303009,264.4896545410156
45.34017586708069,264.4710388183594
45.388587951660156,264.1060485839844
45.439605951309204,263.9801025390625
45.488869190216064,263.6962890625
45.54014301300049,263.73651123046875
45.58858799934387,263.4950256347656
45.63977384567261,261.719482421875
45.688230991363525,260.9565734863281
45.73967623710632,261.62615966796875
45.78823661804199,261.3334655761719
45.84024143218994,261.04840087890625
45.8886456489563,260.2496643066406
45.93974947929382,260.6368103027344
45.988441705703735,260.93280029296875
46.039663314819336,260.8182373046875
46.08887505531311,260.5806579589844
46.139806509017944,260.4077453613281
46.188647747039795,260.2424011230469
46.23971104621887,260.1085510253906
46.28842043876648,260.1203308105469
46.33975577354431,259.8914794921875
46.388267993927,259.8915710449219
46.43943190574646,259.85919189453125
46.48829793930054,259.8199157714844
46.53961420059204,259.85784912109375
46.588351249694824,259.99420166015625
46.63967776298523,260.1057434082031
46.68855619430542,259.7998352050781
46.73970317840576,261.6867370605469
46.78865718841553,263.07855224609375
46.83995699882507,264.0534362792969
46.88844537734985,266.9455871582031
46.939701080322266,268.64715576171875
46.98843574523926,269.1718444824219
47.03968834877014,269.5820007324219
47.0883686542511,269.6851501464844
47.14013886451721,269.795654296875
47.188416719436646,266.9268798828125
47.2396674156189,266.96270751953125
47.28838658332825,266.4374694824219
47.33971405029297,266.4325866699219
47.3884642124176,266.9410095214844
47.43965983390808,267.5712585449219
47.489583015441895,268.0239562988281
47.53995156288147,268.4289855957031
47.5884006023407,270.12506103515625
47.639750242233276,270.1765441894531
47.68837285041809,270.2789306640625
47.73974299430847,271.48236083984375
47.7882559299469,271.3918151855469
47.84018659591675,273.83856201171875
47.888213872909546,272.9519348144531
47.93971061706543,272.6796569824219
47.98825001716614,272.1797790527344
48.03969860076904,272.0086975097656
48.088414430618286,271.8789978027344
48.14008617401123,272.150146484375
48.188411474227905,272.30389404296875
48.239707708358765,272.2121887207031
48.28819227218628,271.9835205078125
48.339656591415405,271.85089111328125
48.388338804244995,271.7927551269531
48.43934464454651,272.05413818359375
48.488343715667725,272.1150207519531
48.53972029685974,271.9834289550781
48.58828902244568,272.48944091796875
48.639721393585205,273.0713806152344
48.68819975852966,273.182373046875
48.73970580101013,273.3340759277344
48.7889039516449,273.4980163574219
48.83968257904053,273.5624084472656
48.88824510574341,273.8109436035156
48.939722299575806,274.5074157714844
48.98850727081299,274.65692138671875
49.039862871170044,275.0748291015625
49.088600158691406,275.376708984375
49.139689445495605,275.0158996582031
49.18827033042908,274.4741516113281
49.23969531059265,273.9075927734375
49.28851532936096,273.2889709472656
49.34017014503479,273.3373107910156
49.388662815093994,273.12640380859375
49.43995428085327,273.0021667480469
49.488314390182495,273.1763916015625
49.5398063659668,273.1462097167969
49.5882465839386,273.3376770019531
49.639687299728394,273.07891845703125
49.688300132751465,272.9298400878906
49.73969101905823,272.5619201660156
49.788318395614624,271.7243347167969
49.840200662612915,271.90631103515625
49.88830757141113,271.5400085449219
49.93979597091675,271.3415222167969
49.988173723220825,271.3107604980469
50.03971529006958,271.7467346191406
50.08851861953735,272.338134765625
50.13972091674805,272.3984680175781
50.188453674316406,272.47125244140625
50.239702224731445,272.5661315917969
50.288527488708496,272.74224853515625
50.339704513549805,272.8702087402344
50.38863134384155,272.92864990234375
50.439717531204224,273.19329833984375
50.48812437057495,273.1562805175781
50.539748191833496,273.13031005859375
50.58828639984131,273.22906494140625
50.63960003852844,273.2311706542969
50.68844938278198,273.3785400390625
50.73966836929321,273.5035705566406
50.788246631622314,273.43988037109375
50.83978486061096,273.66033935546875
50.88889932632446,273.7950439453125
50.9398410320282,273.60089111328125
50.988049030303955,274.574951171875
51.0382764339447,274.321044921875
51.09023928642273,274.7159729003906
51.14014959335327,273.79705810546875
51.18812155723572,274.4039611816406
51.23955988883972,274.6426086425781
51.28824019432068,274.4024658203125
51.33965349197388,274.3311767578125
51.388014793395996,274.6789245605469
51.43958854675293,275.063232421875
51.48827385902405,275.01318359375
51.53963041305542,275.3082580566406
51.58834266662598,274.70294189453125
51.63813638687134,275.2998046875
51.689945459365845,275.5691833496094
51.73813509941101,275.0877380371094
51.78962707519531,275.86944580078125
51.83826208114624,275.5028076171875
51.88962936401367,276.353515625
51.938509464263916,276.18255615234375
51.989572525024414,277.042236328125
52.038318395614624,276.7586364746094
52.089590549468994,277.59002685546875
52.1382360458374,277.6407165527344
52.18959379196167,277.93475341796875
52.23824405670166,277.94891357421875
52.28974938392639,277.7376403808594
52.33832359313965,278.1824951171875
52.390183210372925,278.157470703125
52.438522815704346,278.2408142089844
52.49011516571045,278.03631591796875
52.538100481033325,277.8348083496094
52.59010696411133,278.0440979003906
52.63811731338501,278.015625
52.6896436214447,277.9698181152344
52.73822617530823,277.8687438964844
52.79000782966614,277.56378173828125
52.838151931762695,277.3972473144531
52.890151262283325,277.4917297363281
52.93805480003357,277.81488037109375
52.98970437049866,277.23748779296875
53.038490533828735,277.07061767578125
53.08963680267334,279.9120178222656
53.138572692871094,277.373779296875
53.19006896018982,280.1970520019531
53.238117694854736,277.6449890136719
53.290417432785034,276.96929931640625
53.3385956287384,279.429443359375
53.389606952667236,276.6674499511719
53.43818497657776,275.90667724609375
53.48952317237854,278.90509033203125
53.53813052177429,280.72003173828125
53.58958649635315,279.8297424316406
53.63827323913574,279.724853515625
53.6895866394043,280.9399108886719
53.73827362060547,279.4478454589844
53.78955960273743,277.4533386230469
53.83843731880188,278.87945556640625
53.889565229415894,279.2247619628906
53.93798494338989,279.91595458984375
53.990010023117065,280.4340515136719
54.038050413131714,281.19677734375
54.08955788612366,282.00653076171875
54.1380500793457,282.54974365234375
54.19014811515808,281.5763854980469
54.23821043968201,280.18218994140625
54.290050983428955,278.7676086425781
54.338133811950684,278.0959167480469
54.390108823776245,277.82244873046875
54.43832015991211,277.3668212890625
54.48966073989868,275.3373718261719
54.538898229599,272.84967041015625
54.58957266807556,272.03778076171875
54.638055086135864,271.0773620605469
54.68948221206665,271.67596435546875
54.73809814453125,272.90374755859375
54.78956913948059,271.8331604003906
54.83804249763489,270.2171630859375
54.889559507369995,272.69793701171875
54.93824911117554,271.31890869140625
54.98924446105957,270.32489013671875
55.03805947303772,269.7159118652344
55.09028601646423,268.5172424316406
55.138535022735596,267.4184265136719
55.18968319892883,266.80322265625
55.238795042037964,266.3722229003906
55.289653062820435,266.23150634765625
55.338199615478516,266.53826904296875
55.38958239555359,267.1556396484375
55.438071727752686,267.87640380859375
55.48968744277954,268.6086120605469
55.53836011886597,270.0903625488281
55.58976626396179,270.67120361328125
55.6381893157959,270.80706787109375
55.68959164619446,271.1684875488281
55.738269329071045,271.5029602050781
55.78963017463684,271.7392272949219
55.83842444419861,271.9045104980469
55.889689922332764,271.9503479003906
55.93829417228699,271.9021911621094
55.989673137664795,271.7589416503906
56.0383517742157,271.4364318847656
56.089954137802124,270.95013427734375
56.13855004310608,270.2352600097656
56.189696311950684,269.3749084472656
56.23873519897461,268.48724365234375
56.28962063789368,267.91558837890625
56.338345527648926,267.58355712890625
56.38962149620056,267.4438781738281
56.438196897506714,267.61273193359375
56.48958444595337,268.1062316894531
56.5381817817688,268.17047119140625
56.589678049087524,267.99151611328125
56.638232469558716,267.7060241699219
56.6897292137146,267.5888366699219
56.73820161819458,267.7388610839844
56.79002594947815,268.09490966796875
56.83824968338013,268.54754638671875
56.88969659805298,269.30706787109375
56.93829607963562,270.1296691894531
56.9896457195282,270.81097412109375
57.038554430007935,271.2939453125
57.09012746810913,271.63226318359375
57.13846945762634,271.9682922363281
57.18958258628845,272.4363098144531
57.23826289176941,273.023193359375
57.289663791656494,273.8668518066406
57.33806753158569,274.37274169921875
57.38963174819946,274.95001220703125
57.43825054168701,275.5179443359375
57.48961591720581,275.44952392578125
57.53822660446167,275.7048645019531
57.58961462974548,276.03656005859375
57.63841891288757,276.2273254394531
57.689626693725586,276.01580810546875
57.7382652759552,275.9915466308594
57.789639472961426,276.1092224121094
57.83892607688904,275.62408447265625
57.88963222503662,276.1768493652344
57.93835783004761,276.68389892578125
57.989625215530396,276.5505676269531
58.038496017456055,276.3894958496094
58.09015130996704,276.429443359375
58.13875937461853,276.453369140625
58.18961429595947,276.34332275390625
58.23788642883301,276.3454895019531
58.28970646858215,276.2468566894531
58.33804130554199,276.3706359863281
58.3895788192749,276.37353515625
58.43786120414734,276.1513977050781
58.48926663398743,276.66888427734375
58.53787064552307,276.6603698730469
58.58957242965698,276.474365234375
58.63811635971069,276.6716003417969
58.68958759307861,276.7601623535156
58.737857818603516,275.8602600097656
58.78925132751465,276.7952880859375
58.83793878555298,276.83966064453125
58.88960385322571,277.0350341796875
58.938175439834595,276.7872619628906
58.989638566970825,277.01934814453125
59.03878688812256,277.38726806640625
59.08919906616211,277.4171447753906
59.1379075050354,276.7059631347656
59.1896185874939,276.84716796875
59.2381911277771,276.6263427734375
59.28964400291443,276.6690368652344
59.33812355995178,276.72454833984375
59.389586448669434,276.5714111328125
59.43808937072754,276.4653015136719
59.4896125793457,276.2953186035156
59.53820872306824,276.2828674316406
59.58950448036194,276.0105285644531
59.63812470436096,276.00946044921875
59.68919777870178,276.115966796875
59.73852777481079,276.2460021972656
59.7896990776062,275.64959716796875
59.83804512023926,275.7034912109375
59.889591693878174,275.45574951171875
59.93811321258545,275.6632385253906
59.987868547439575,275.51251220703125
60.03921294212341,275.3967590332031
60.089611768722534,275.4107666015625
60.13827419281006,274.9666748046875
60.189605474472046,275.0224914550781
60.23867988586426,274.9947509765625
60.28923177719116,275.78485107421875
60.33798909187317,275.7806091308594
60.3896541595459,275.7838134765625
60.43811798095703,275.16705322265625
60.48961901664734,276.6083984375
60.5382878780365,276.5912780761719
60.589205503463745,276.6381530761719
60.637789487838745,276.266357421875
60.68959188461304,276.3382568359375
60.7383337020874,276.31048583984375
60.789610862731934,276.2418518066406
60.83787512779236,276.3216552734375
60.88993859291077,276.5498962402344
60.937888622283936,276.85186767578125
60.98965620994568,276.7404479980469
61.0382764339447,276.7254638671875
61.08967208862305,276.56195068359375
61.13860082626343,276.6423034667969
61.190030336380005,276.8516540527344
61.23849892616272,276.5035400390625
61.2900230884552,276.5773010253906
61.33810377120972,276.3634033203125
61.38960099220276,276.6094055175781
61.438294649124146,276.7344970703125
61.48954796791077,276.8485107421875
61.53819179534912,276.8578186035156
61.58963489532471,276.74560546875
61.63831877708435,276.8979797363281
61.689600706100464,277.02264404296875
61.73811411857605,277.0667724609375
61.78958535194397,276.96783447265625
61.838330030441284,277.0052795410156
61.889683961868286,276.91485595703125
61.938328981399536,277.02239990234375
61.9896764755249,277.2618713378906
62.03836727142334,277.209716796875
62.08957648277283,277.3648986816406
62.13876986503601,277.0943908691406
62.189637899398804,277.5978088378906
62.23857593536377,277.31951904296875
62.28963041305542,277.3860168457031
62.338154315948486,277.19708251953125
62.389568567276,277.8604431152344
62.43804216384888,277.41253662109375
62.48950147628784,277.17266845703125
62.53819298744202,278.56103515625
62.58939838409424,278.0924987792969
62.638169050216675,277.5645751953125
62.689592123031616,279.74713134765625
62.73811197280884,278.55633544921875
62.78934383392334,279.7771301269531
62.8381028175354,278.93951416015625
62.88968014717102,279.02899169921875
62.93809795379639,280.5829162597656
62.989569425582886,280.63092041015625
63.03794527053833,281.3222961425781
63.08967685699463,279.9928894042969
63.137986183166504,276.9921569824219
63.18968915939331,279.3234558105469
63.23811483383179,279.40252685546875
63.289568185806274,277.9542541503906
63.338054180145264,278.5743103027344
63.38961720466614,276.89501953125
63.4380304813385,274.72259521484375
63.48961162567139,271.7663879394531
63.53788375854492,271.37347412109375
63.58933734893799,270.8500671386719
63.63819193840027,271.97210693359375
63.6896333694458,272.84405517578125
63.73821234703064,275.3933410644531
63.7896842956543,273.64300537109375
63.838111877441406,272.0608825683594
63.889652729034424,272.0815124511719
63.93886733055115,271.6251220703125
63.989827156066895,272.2539978027344
64.03809595108032,273.6156005859375
64.08964395523071,274.2099914550781
64.13829326629639,273.3837585449219
64.18956589698792,272.3302307128906
64.23909544944763,270.7822570800781
64.28999757766724,267.99273681640625
64.33819198608398,266.5033264160156
64.38958048820496,266.6887512207031
64.43883514404297,265.17034912109375
64.48967218399048,264.7281188964844
64.53820562362671,265.06463623046875
64.5892698764801,264.15753173828125
64.63790678977966,263.9654846191406
64.68958258628845,264.9581298828125
64.73823142051697,265.34002685546875
64.78962397575378,265.31170654296875
64.83868622779846,265.2510681152344
64.89036750793457,265.2039489746094
64.93810486793518,265.60113525390625
64.98985505104065,265.088623046875
65.03799724578857,265.80987548828125
65.08933806419373,265.6540832519531
65.1379120349884,266.3804931640625
65.18957734107971,267.43499755859375
65.23811268806458,267.9961242675781
65.28954648971558,267.5010681152344
65.33813333511353,266.921875
65.3895206451416,266.5767822265625
65.43817615509033,266.91436767578125
65.48958039283752,266.0568542480469
65.53804612159729,266.52947998046875
65.58964395523071,265.7284851074219
65.63780498504639,268.64312744140625
65.69004201889038,268.0067138671875
65.73801922798157,267.0571594238281
65.78970313072205,266.0019836425781
65.8380970954895,265.4671936035156
65.89035081863403,264.168701171875
65.93817329406738,264.00201416015625
65.9895977973938,263.6116943359375
66.03807163238525,262.87158203125
66.09004497528076,262.3941955566406
66.1379816532135,261.32513427734375
66.19000673294067,262.09661865234375
66.23791837692261,261.6121520996094
66.29004740715027,260.1942443847656
66.33795189857483,259.659423828125
66.38964867591858,258.72052001953125
66.43792581558228,259.7457275390625
66.49001622200012,261.08428955078125
66.53861999511719,262.8233642578125
66.589684009552,263.0568542480469
66.63832187652588,262.4100036621094
66.68961143493652,261.88568115234375
66.73813772201538,261.8795471191406
66.78970098495483,263.0335998535156
66.83837294578552,263.33392333984375
66.88971757888794,262.977783203125
66.93823194503784,263.1911315917969
66.98959708213806,263.23089599609375
67.03827500343323,263.4761657714844
67.08970093727112,263.9551696777344
67.13796663284302,264.1615295410156
67.18998742103577,264.4737548828125
67.2385926246643,264.7640075683594
67.28952717781067,262.7906799316406
67.33802056312561,262.4773254394531
67.38922643661499,262.0711669921875
67.43769478797913,260.815185546875
67.48997330665588,263.8297424316406
67.53818607330322,265.8696594238281
67.58950543403625,267.20672607421875
67.6379816532135,266.9493408203125
67.69003796577454,267.8941955566406
67.73878383636475,269.15252685546875
67.7895233631134,269.6700439453125
67.83803033828735,270.1064147949219
67.89006614685059,270.3689270019531
67.93803548812866,270.5364990234375
67.98921227455139,270.8536071777344
68.03789973258972,271.0127258300781
68.08964443206787,271.0897521972656
68.13795208930969,271.4306640625
68.18958306312561,272.88824462890625
68.2382869720459,271.45269775390625
68.28915977478027,271.6086120605469
68.33786916732788,272.2596130371094
68.38964056968689,270.1058349609375
68.4376802444458,268.244873046875
68.4891402721405,266.21954345703125
68.53783512115479,264.8600158691406
68.5892448425293,264.1836853027344
68.63781023025513,262.9104309082031
68.68916869163513,263.2911376953125
68.73879861831665,263.1826171875
68.78915524482727,264.1308898925781
68.83804774284363,265.9194030761719
68.88914632797241,268.8987731933594
68.9395763874054,267.54168701171875
68.98920488357544,268.5409851074219
69.03917622566223,266.8454284667969
69.08918333053589,265.33367919921875
69.1377866268158,266.86273193359375
69.18915724754333,265.4022216796875
69.23783659934998,262.4545593261719
69.28948259353638,261.01177978515625
69.33779883384705,260.72747802734375
69.38956141471863,262.48492431640625
69.43854212760925,262.7637939453125
69.48915672302246,262.9850158691406
69.53814005851746,262.9494934082031
69.58915901184082,263.8388671875
69.63782143592834,263.5950622558594
69.68882346153259,265.3642883300781
69.73881840705872,263.1588134765625
69.78919649124146,260.3305969238281
69.83791518211365,258.11114501953125
69.8891499042511,260.4504089355469
69.939133644104,259.89410400390625
69.98917388916016,259.8971862792969
70.03782868385315,260.7794494628906
70.08916997909546,260.96142578125
70.13775634765625,262.46014404296875
70.18909811973572,263.07806396484375
70.23875498771667,262.6169128417969
70.28918409347534,262.14178466796875
70.33779215812683,263.3755187988281
70.38916826248169,263.162841796875
70.43784403800964,262.6242370605469
70.48957395553589,260.1064147949219
70.53845548629761,258.4432678222656
70.5891842842102,257.65570068359375
70.63785600662231,257.1039123535156
70.68919920921326,256.7891540527344
70.738840341568,256.5485534667969
70.78915286064148,257.6300354003906
70.8387885093689,257.63385009765625
70.88916516304016,257.66455078125
70.93768501281738,257.6375427246094
70.9893012046814,257.53411865234375
71.03780674934387,257.5980529785156
71.08915328979492,257.474609375
71.13785409927368,257.13348388671875
71.18918442726135,257.19183349609375
71.23799896240234,257.3484802246094
71.28917717933655,257.43951416015625
71.3384017944336,257.2849426269531
71.38910412788391,257.44952392578125
71.43760895729065,257.7063903808594
71.48962354660034,257.955078125
71.53787302970886,258.04498291015625
71.58913373947144,258.2123107910156
71.63779711723328,257.4813232421875
71.68917083740234,258.6799621582031
71.73759388923645,259.3118896484375
71.78913736343384,259.0065002441406
71.83854556083679,258.95867919921875
71.8891179561615,259.7206115722656
71.93897104263306,260.29864501953125
71.9890992641449,261.1030578613281
72.03780627250671,262.0830383300781
72.08915114402771,262.4947509765625
72.13772559165955,262.5967102050781
72.18910503387451,262.7814025878906
72.23783659934998,262.68231201171875
72.28911709785461,263.2054443359375
72.33819842338562,263.8976745605469
72.38915181159973,263.9803771972656
72.43804931640625,264.1683654785156
72.48911547660828,264.50604248046875
72.53873825073242,264.8428955078125
72.58908867835999,264.68896484375
72.6381585597992,263.7747802734375
72.68901801109314,262.3567199707031
72.73863077163696,262.5412902832031
72.78905868530273,260.3956298828125
72.83775091171265,262.5027770996094
72.88882541656494,261.51898193359375
72.93863821029663,260.16326904296875
72.98907351493835,257.0454406738281
73.03902745246887,257.41326904296875
73.089102268219,258.8520202636719
73.13804912567139,259.0804748535156
73.18914484977722,258.7619323730469
73.23761296272278,258.66253662109375
73.289057970047,258.5618591308594
73.33751821517944,258.3458251953125
73.38908243179321,257.40655517578125
73.43870449066162,257.80804443359375
73.48914074897766,258.6787414550781
73.53793668746948,259.6726379394531
73.58904552459717,259.0023498535156
73.63847517967224,260.5599060058594
73.68904614448547,259.35919189453125
73.73866105079651,260.60784912109375
73.78908276557922,261.0072021484375
73.83845615386963,259.7192077636719
73.88909077644348,259.1003112792969
73.93752884864807,258.46295166015625
73.98950433731079,258.8537902832031
74.03790664672852,255.95993041992188
74.0894844532013,255.13909912109375
74.13771605491638,253.3065643310547
74.18949675559998,250.18243408203125
74.23766016960144,249.37759399414062
74.28902697563171,251.61607360839844
74.33848237991333,249.89871215820312
74.38908672332764,248.98715209960938
74.43876147270203,245.89410400390625
74.48912739753723,243.0638427734375
74.53790950775146,243.08203125
74.58909153938293,245.13595581054688
74.63846588134766,245.7128143310547
74.68909072875977,246.29432678222656
74.73845720291138,246.00152587890625
74.78902792930603,244.7348175048828
74.83839201927185,246.17152404785156
74.88910365104675,246.39646911621094
74.93753385543823,247.10360717773438
74.98905944824219,247.54168701171875
75.03881764411926,246.65975952148438
75.08954572677612,247.53854370117188
75.13792777061462,247.4571533203125
75.18911600112915,247.76609802246094
75.23774123191833,247.9322967529297
75.28907370567322,248.1147918701172
75.33765363693237,248.72030639648438
75.38905739784241,249.34066772460938
75.4387321472168,249.32638549804688
75.48954272270203,249.62730407714844
75.53768563270569,249.95346069335938
75.58908915519714,248.5889434814453
75.63771724700928,247.80471801757812
75.68904948234558,246.93484497070312
75.73769903182983,246.5494384765625
75.78957653045654,243.52999877929688
75.83756279945374,243.68955993652344
75.88906574249268,244.24256896972656
75.93768644332886,244.48768615722656
75.98905920982361,244.68263244628906
76.03772735595703,244.76266479492188
76.08911037445068,245.52114868164062
76.13771533966064,245.96421813964844
76.18949627876282,245.84970092773438
76.23789763450623,245.7484130859375
76.28952407836914,245.54568481445312
76.33765625953674,246.02572631835938
76.38908624649048,244.86105346679688
76.43771839141846,243.34706115722656
76.48904705047607,241.88780212402344
76.53845930099487,242.51145935058594
76.58900570869446,243.0749053955078
76.6377305984497,243.4146728515625
76.68909811973572,243.12945556640625
76.73751878738403,243.4268035888672
76.78902792930603,243.9840850830078
76.83937883377075,244.1455078125
76.88897347450256,244.2513427734375
76.93773865699768,244.58094787597656
76.98904013633728,244.94940185546875
77.0376443862915,245.0363311767578
77.08950471878052,245.3082275390625
77.13897275924683,245.550048828125
77.19012904167175,245.82029724121094
77.23993134498596,245.9435577392578
77.28968691825867,246.07342529296875
77.33760809898376,246.05137634277344
77.3891019821167,246.56253051757812
77.43777203559875,246.82342529296875
77.48828387260437,247.0886688232422
77.53903675079346,247.30142211914062
77.58913087844849,248.11892700195312
77.63758492469788,248.74038696289062
77.68921208381653,248.85214233398438
77.7379150390625,248.80142211914062
77.78904342651367,248.9759063720703
77.83895540237427,249.207275390625
77.88914442062378,249.4541473388672
77.93761539459229,250.14601135253906
77.98914408683777,250.3982696533203
78.03771924972534,250.6017608642578
78.08851456642151,250.64488220214844
78.13900017738342,250.99652099609375
78.18907904624939,251.344482421875
78.23911118507385,251.08384704589844
78.28907203674316,250.94488525390625
78.33762216567993,250.554931640625
78.38899302482605,249.64662170410156
78.43756484985352,248.51393127441406
78.4890809059143,248.6701202392578
78.5375509262085,248.302978515625
78.58924531936646,248.06541442871094
78.6376428604126,248.02169799804688
78.68906688690186,245.57115173339844
78.73776006698608,245.3338165283203
78.78885984420776,244.86582946777344
78.83875131607056,245.21505737304688
78.88890933990479,245.71250915527344
78.93739581108093,246.2001953125
78.98925423622131,246.28890991210938
79.03753471374512,246.30050659179688
79.08890318870544,246.53187561035156
79.13727927207947,246.50698852539062
79.18920397758484,246.60984802246094
79.23926949501038,246.4143829345703
79.28897714614868,246.18565368652344
79.33750891685486,246.05322265625
79.38877820968628,245.56741333007812
79.43875908851624,245.72987365722656
79.48878765106201,245.6242218017578
79.53827381134033,245.72210693359375
79.58876276016235,245.72679138183594
79.6372377872467,245.87989807128906
79.68888664245605,245.97572326660156
79.73732089996338,246.13035583496094
79.78875827789307,246.24066162109375
79.83879518508911,246.3102569580078
79.88877964019775,246.42764282226562
79.93729829788208,246.71041870117188
79.98919939994812,246.94271850585938
80.03832793235779,246.86260986328125
80.08867979049683,246.51805114746094
80.13874983787537,246.0625457763672
80.18874049186707,246.00552368164062
80.23837304115295,246.7471160888672
80.28872799873352,248.61595153808594
80.33872199058533,245.4842987060547
80.3888087272644,245.98545837402344
80.43704080581665,246.26239013671875
80.4886384010315,246.1709747314453
80.53821563720703,246.47982788085938
80.58926200866699,245.7003173828125
80.63743424415588,245.9129638671875
80.68911004066467,246.18959045410156
80.7382800579071,246.1480712890625
80.7887635231018,245.97705078125
80.83864736557007,245.86669921875
80.88864707946777,245.9922637939453
80.93830561637878,245.9049835205078
80.9886257648468,245.64076232910156
81.03833937644958,245.33514404296875
81.08878254890442,245.19082641601562
81.13898491859436,245.12240600585938
81.1891942024231,244.38394165039062
81.23748469352722,243.23558044433594
81.28877019882202,241.69732666015625
81.33829975128174,241.3018035888672
81.3887288570404,240.6149444580078
81.43858337402344,240.11573791503906
81.48850131034851,239.55685424804688
81.53846597671509,239.43978881835938
81.58874678611755,239.21438598632812
81.63822340965271,238.8854522705078
81.6887686252594,239.6095428466797
81.7387216091156,239.43675231933594
81.78875303268433,239.11021423339844
81.83870482444763,238.4146270751953
81.8888041973114,238.78538513183594
81.938729763031,239.0030059814453
81.98880815505981,239.91543579101562
82.0386791229248,240.49594116210938
82.08878898620605,240.82957458496094
82.13735342025757,240.85110473632812
82.18864154815674,240.5245361328125
82.23868489265442,241.16180419921875
82.28875422477722,240.49964904785156
82.33822679519653,240.2456512451172
82.38871574401855,240.81101989746094
82.43793249130249,240.5589141845703
82.48865914344788,242.9404754638672
82.53824353218079,242.6698455810547
82.58872938156128,242.8986053466797
82.6386604309082,243.13124084472656
82.68873596191406,243.27847290039062
82.7383279800415,243.4483642578125
82.78869938850403,243.46408081054688
82.83826971054077,243.99032592773438
82.8887403011322,244.6248016357422
82.93861794471741,244.38192749023438
82.9887342453003,244.9651641845703
83.03797006607056,245.98524475097656
83.08901381492615,246.54534912109375
83.13719272613525,246.98828125
83.1872947216034,247.21141052246094
83.23862504959106,247.74343872070312
83.288738489151,247.28651428222656
83.33826422691345,246.20069885253906
83.3886387348175,246.53294372558594
83.43865036964417,245.43341064453125
83.48869729042053,245.84913635253906
83.53868675231934,246.2071533203125
83.58874034881592,247.37660217285156
83.63799738883972,246.22698974609375
83.68874883651733,246.17225646972656
83.73825120925903,245.5995635986328
83.78869462013245,248.07403564453125
83.83863067626953,246.6277313232422
83.88870429992676,247.36318969726562
83.93823552131653,248.63824462890625
83.98875188827515,248.6856231689453
84.03791165351868,248.0632781982422
84.08896660804749,247.84994506835938
84.1375093460083,247.2692108154297
84.18873524665833,246.5528106689453
84.23868751525879,245.71295166015625
84.28901505470276,245.25270080566406
84.33717489242554,244.71302795410156
84.38876986503601,244.24986267089844
84.43827152252197,245.26400756835938
84.48880577087402,245.88836669921875
84.53727602958679,245.80014038085938
84.5887861251831,245.2899932861328
84.63871908187866,244.92518615722656
84.6887366771698,244.61865234375
84.73873043060303,244.50747680664062
84.78876852989197,243.30059814453125
84.83871150016785,241.88995361328125
84.88868999481201,241.4392852783203
84.93825817108154,241.59727478027344
84.98887825012207,241.75352478027344
85.03824639320374,241.4788360595703
85.08875131607056,240.55950927734375
85.13824558258057,240.6629180908203
85.18870902061462,240.75601196289062
85.23834657669067,240.83114624023438
85.28864312171936,240.85540771484375
85.33828163146973,240.7942657470703
85.38898372650146,240.76588439941406
85.43825054168701,240.7033233642578
85.48890447616577,240.69644165039062
85.53833961486816,240.8209228515625
85.588707447052,240.5560302734375
85.63877177238464,240.42153930664062
85.68874907493591,240.5033721923828
85.7383325099945,240.57835388183594
85.78871893882751,240.7218017578125
85.8382716178894,240.72706604003906
85.88873839378357,240.8041229248047
85.93872904777527,240.91189575195312
85.98875832557678,241.06544494628906
86.03861927986145,241.2056884765625
86.08875107765198,241.29022216796875
86.13829326629639,241.46548461914062
86.18873691558838,241.29098510742188
86.23841547966003,241.39674377441406
86.28874731063843,241.3335418701172
86.33869957923889,241.29518127441406
86.3887984752655,241.2368927001953
86.43835973739624,241.06256103515625
86.4886884689331,241.0437469482422
86.5383369922638,241.12127685546875
86.58871459960938,241.0171661376953
86.63869142532349,241.07322692871094
86.68875002861023,241.04466247558594
86.73826003074646,241.0889892578125
86.78873252868652,241.07077026367188
86.83720421791077,241.0649871826172
86.88872504234314,240.67874145507812
86.93822193145752,241.0330047607422
86.98871111869812,241.17367553710938
87.03827619552612,240.87948608398438
87.08623456954956,240.86048889160156
87.1387186050415,240.99691772460938
87.18870949745178,240.7882843017578
87.2382504940033,240.7196807861328
87.28871393203735,240.68600463867188
87.33834838867188,240.6069793701172
87.38871312141418,240.970458984375
87.43869733810425,240.54031372070312
87.48877096176147,240.6434783935547
87.53863549232483,241.06248474121094
87.588796377182,241.0168914794922
87.63823914527893,240.7593231201172
87.68706965446472,240.95681762695312
87.73926520347595,240.8651885986328
87.78915023803711,241.01283264160156
87.83798837661743,241.14939880371094
87.88843512535095,241.0286865234375
87.93868017196655,240.78515625
87.98876690864563,240.92555236816406
88.03846406936646,241.15524291992188
88.0891523361206,241.15185546875
88.13846278190613,240.73178100585938
88.18882131576538,241.0680389404297
88.23869729042053,241.45956420898438
88.28766393661499,241.20706176757812
88.33872437477112,241.13246154785156
88.38875102996826,241.63209533691406
88.43883681297302,241.49586486816406
88.48869895935059,241.5504913330078
88.53873491287231,241.25550842285156
88.58867144584656,240.7664031982422
88.63868689537048,241.43612670898438
88.68832540512085,241.15101623535156
88.73874616622925,240.90670776367188
88.78832960128784,241.5059356689453
88.83878707885742,241.3570556640625
88.88836359977722,240.90078735351562
88.93871927261353,241.83372497558594
88.9883542060852,242.84979248046875
89.03870344161987,240.58322143554688
89.08862924575806,238.0861358642578
89.13871645927429,239.15513610839844
89.1882631778717,239.82797241210938
89.23877549171448,238.59439086914062
89.28870010375977,238.15182495117188
89.33926153182983,237.80233764648438
89.38722515106201,237.65394592285156
89.43871688842773,238.76234436035156
89.4883143901825,238.6504364013672
89.5387270450592,239.7209014892578
89.58869552612305,240.7212677001953
89.6387460231781,241.0255584716797
89.68825244903564,242.1136474609375
89.73875641822815,241.43136596679688
89.78821921348572,241.27049255371094
89.83889698982239,241.63040161132812
89.88879203796387,241.79913330078125
89.93869686126709,241.6918182373047
89.98868680000305,241.5804901123047
90.03869962692261,241.18988037109375
90.0871045589447,240.277587890625
90.13874673843384,240.0515594482422
90.1882255077362,239.27183532714844
90.23869132995605,239.760498046875
90.28869652748108,238.73931884765625
90.33866786956787,239.5856475830078
90.38797545433044,239.3642120361328
90.43843460083008,239.24124145507812
90.48881077766418,240.43258666992188
90.53870177268982,239.33335876464844
90.58869075775146,239.55674743652344
90.63886761665344,240.03465270996094
90.68860912322998,240.5919189453125
90.73871493339539,242.88548278808594
90.78869318962097,244.3860321044922
90.8387496471405,246.55125427246094
90.88916301727295,249.30795288085938
90.93872237205505,248.11328125
90.98826932907104,247.58596801757812
91.03877878189087,247.01622009277344
91.0887451171875,246.35752868652344
91.13915514945984,246.3757781982422
91.1870448589325,246.8061981201172
91.23872232437134,246.6618194580078
91.28826832771301,246.09677124023438
91.33879017829895,246.58389282226562
91.38856363296509,244.21925354003906
91.43888139724731,245.9374542236328
91.48818516731262,246.97772216796875
91.53863716125488,245.78541564941406
91.58858561515808,243.50193786621094
91.63866376876831,240.83998107910156
91.68834280967712,238.9985809326172
91.73868441581726,238.84144592285156
91.78829741477966,239.83523559570312
91.83867359161377,239.97671508789062
91.88715624809265,240.89752197265625
91.93901705741882,240.85972595214844
91.9871277809143,239.87351989746094
92.03870391845703,241.09974670410156
92.08866715431213,238.79315185546875
92.13922047615051,239.69168090820312
92.18715453147888,240.9132080078125
92.23912358283997,242.06259155273438
92.28715252876282,239.4317626953125
92.33919191360474,237.13710021972656
92.38787317276001,237.53933715820312
92.43860912322998,237.56568908691406
92.48822951316833,238.05897521972656
92.53862762451172,238.88925170898438
92.58864402770996,239.37127685546875
92.63863706588745,238.92239379882812
92.68726944923401,238.51004028320312
92.73869252204895,240.48614501953125
92.78816413879395,240.69309997558594
92.83864092826843,240.81631469726562
92.88857436180115,241.34054565429688
92.93865871429443,242.03271484375
92.98888182640076,241.60894775390625
93.03866052627563,242.05589294433594
93.08701992034912,244.17337036132812
93.13857102394104,246.357421875
93.18815445899963,245.13182067871094
93.23847246170044,242.64723205566406
93.28670167922974,242.3213653564453
93.338552236557,240.5204620361328
93.38773918151855,240.7129364013672
93.4385838508606,240.1000518798828
93.48780846595764,239.84744262695312
93.53850173950195,239.72215270996094
93.58755040168762,240.11695861816406
93.63856911659241,239.1866912841797
93.68806457519531,239.09938049316406
93.73858308792114,237.56814575195312
93.78782033920288,237.95294189453125
93.83823490142822,237.96295166015625
93.88803386688232,238.0041046142578
93.93857502937317,237.8561248779297
93.98856806755066,238.59303283691406
94.03870368003845,237.31825256347656
94.08790159225464,238.80154418945312
94.1382737159729,237.55947875976562
94.18696188926697,240.36410522460938
94.23864388465881,239.13821411132812
94.28808641433716,238.85581970214844
94.33859372138977,238.71090698242188
94.38855338096619,238.83944702148438
94.43846988677979,239.22874450683594
94.48825025558472,239.75650024414062
94.53864097595215,241.395263671875
94.58854532241821,243.50193786621094
94.63856625556946,244.44430541992188
94.68765139579773,243.55055236816406
94.73823833465576,240.68186950683594
94.78829383850098,241.6313934326172
94.83851647377014,241.6773681640625
94.88715124130249,241.52481079101562
94.93861532211304,240.5425262451172
94.98791408538818,239.79798889160156
95.03825545310974,238.75697326660156
95.0877103805542,240.8240966796875
95.13869619369507,239.86021423339844
95.18820714950562,239.48521423339844
95.23860788345337,239.5072784423828
95.28807950019836,239.09799194335938
95.33826684951782,238.92169189453125
95.38759565353394,239.5792694091797
95.43864798545837,241.07203674316406
95.48803639411926,241.69583129882812
95.53860569000244,242.26419067382812
95.58825659751892,242.73036193847656
95.63826560974121,243.0856475830078
95.68856120109558,243.69808959960938
95.73864245414734,243.9987335205078
95.78862404823303,243.7099609375
95.83869099617004,243.49961853027344
95.88760948181152,243.46397399902344
95.93820834159851,243.4702911376953
95.98782777786255,243.7574005126953
96.03868460655212,244.1173553466797
96.08691835403442,244.4065399169922
96.13860869407654,243.91702270507812
96.188729763031,243.59754943847656
96.23864960670471,244.52542114257812
96.28725123405457,244.16038513183594
96.33871150016785,246.28504943847656
96.38811326026917,245.9437255859375
96.43861961364746,244.5442352294922
96.48739910125732,245.85289001464844
96.53865838050842,245.43421936035156
96.58850574493408,245.76979064941406
96.63867688179016,244.2313232421875
96.68809866905212,244.8540802001953
96.73894047737122,246.2752227783203
96.78817701339722,246.08421325683594
96.83860874176025,244.6310577392578
96.88824224472046,247.44085693359375
96.93861317634583,250.42098999023438
96.98820185661316,252.82485961914062
97.0386049747467,253.83860778808594
97.0881335735321,254.31919860839844
97.13846707344055,254.16383361816406
97.18834066390991,255.22154235839844
97.2386064529419,255.31088256835938
97.28820872306824,254.64059448242188
97.3386058807373,256.0560302734375
97.38811898231506,255.34307861328125
97.43869137763977,254.80128479003906
97.48818516731262,254.06521606445312
97.53862810134888,254.4751434326172
97.58815288543701,255.04608154296875
97.63861632347107,255.29554748535156
97.68814635276794,254.9860382080078
97.73856782913208,253.93104553222656
97.7881326675415,254.91708374023438
97.83863615989685,254.74124145507812
97.88813138008118,252.62863159179688
97.93860960006714,253.36485290527344
97.98826026916504,254.24639892578125
98.038645029068,255.02581787109375
98.08863854408264,255.94468688964844
98.13861870765686,257.194091796875
98.18870759010315,258.21514892578125
98.23868155479431,258.76031494140625
98.28718709945679,260.00469970703125
98.3390142917633,257.2210693359375
98.38707780838013,258.2210388183594
98.43915176391602,259.3929138183594
98.48713278770447,260.2940979003906
98.53862524032593,260.5718994140625
98.58815050125122,260.0885009765625
98.63848567008972,260.4775085449219
98.68805694580078,260.7810974121094
98.7385847568512,261.1444396972656
98.78775119781494,260.71466064453125
98.83863711357117,260.40374755859375
98.88776350021362,260.53985595703125
98.93863844871521,260.8023376464844
98.98811841011047,260.9779968261719
99.03868889808655,260.7925720214844
99.08728265762329,260.5004577636719
99.13839149475098,260.14007568359375
99.189133644104,259.87908935546875
99.23867273330688,259.7068176269531
99.28871178627014,259.0394592285156
99.33868741989136,258.236572265625
99.38822340965271,257.5162048339844
99.43866467475891,256.80029296875
99.48865461349487,255.307861328125
99.53860831260681,254.64381408691406
99.58850193023682,253.68472290039062
99.63868618011475,252.4766845703125
99.68862557411194,251.47769165039062
99.73882055282593,249.51373291015625
99.78839635848999,249.0335693359375
99.83860564231873,249.59637451171875
99.88887333869934,247.3799591064453
99.93892812728882,246.40908813476562
99.98723793029785,246.29556274414062
100.03869724273682,245.78533935546875
100.08834981918335,245.8671875
100.13915872573853,242.9657440185547
100.18716382980347,240.86270141601562
100.23909997940063,242.5175323486328
100.28706073760986,240.67286682128906
100.33860635757446,238.45159912109375
100.38861441612244,238.84703063964844
100.43868231773376,238.0477752685547
100.48849296569824,237.8601837158203
100.53870058059692,237.19070434570312
100.58850145339966,237.15370178222656
100.63867044448853,239.1378631591797
100.6886293888092,242.22662353515625
100.73869490623474,242.59657287597656
100.788654088974,241.20481872558594
100.83884501457214,240.3410186767578
100.8871157169342,240.95938110351562
100.93870067596436,241.26202392578125
100.98819398880005,241.29769897460938
101.0386574268341,242.32669067382812
101.0885922908783,243.1956024169922
101.1387140750885,243.35574340820312
101.18790078163147,243.5758056640625
101.23874425888062,243.86294555664062
101.28867554664612,244.55567932128906
101.33879899978638,244.8807830810547
101.38865065574646,244.7807159423828
101.43866872787476,244.63233947753906
101.48811936378479,244.60862731933594
101.53705549240112,245.63897705078125
101.58834028244019,246.00161743164062
101.63862442970276,246.55711364746094
101.68819975852966,247.08543395996094
101.73834347724915,247.0414276123047
101.7881247997284,247.60189819335938
101.83868408203125,247.9772491455078
101.88852643966675,247.0454864501953
101.93862557411194,247.8225860595703
101.98811650276184,246.54464721679688
102.03869676589966,245.1227264404297
102.08703756332397,244.2024688720703
102.13664293289185,245.6325225830078
102.18863868713379,245.47256469726562
102.23861718177795,245.98806762695312
102.28811120986938,245.5320281982422
102.3384017944336,246.14471435546875
102.38797330856323,246.43084716796875
102.43795013427734,246.3636474609375
102.48768067359924,246.59791564941406
102.5387179851532,246.84213256835938
102.58704876899719,247.8046112060547
102.63871192932129,248.76113891601562
102.68803405761719,248.30047607421875
102.73689317703247,248.35560607910156
102.78863000869751,248.44476318359375
102.83871054649353,249.83840942382812
102.88710641860962,249.36167907714844
102.93859004974365,248.3288116455078
102.98798704147339,251.37413024902344
103.03848648071289,253.2012481689453
103.08859896659851,254.84088134765625
103.13866400718689,256.4296875
103.18784213066101,255.5513458251953
103.23817706108093,256.72979736328125
103.28793692588806,259.62548828125
103.33695769309998,258.48681640625
103.38819575309753,258.5181884765625
103.43859887123108,259.1000671386719
103.48807454109192,256.0044860839844
103.53819060325623,257.1444396972656
103.58792972564697,259.068603515625
103.63859510421753,260.9605712890625
103.68793392181396,259.7255554199219
103.7385025024414,259.79217529296875
103.78807878494263,259.8271484375
103.83858680725098,259.59613037109375
103.88795924186707,258.92022705078125
103.9367470741272,258.85205078125
103.98849558830261,259.1378479003906
104.03720140457153,259.4752197265625
104.08859944343567,259.0585021972656
104.13853144645691,258.7550964355469
104.18859243392944,259.1214294433594
104.23805379867554,259.68035888671875
104.28859639167786,260.6165771484375
104.33837819099426,260.9902648925781
104.38813400268555,261.2322692871094
104.43792676925659,261.7080383300781
104.48827481269836,262.7641906738281
104.5381281375885,264.8900146484375
104.5883264541626,263.0679626464844
104.63793921470642,264.95294189453125
104.68856239318848,264.0495910644531
104.73805356025696,265.0833740234375
104.78859615325928,263.7347717285156
104.83793878555298,264.24420166015625
104.88863754272461,264.2747497558594
104.93851089477539,263.5714111328125
104.98822212219238,265.84454345703125
105.03794527053833,264.9811706542969
105.08849334716797,265.2744140625
105.13792872428894,265.55743408203125
105.18806028366089,266.4088439941406
105.23792147636414,266.699951171875
105.28832244873047,267.2770690917969
105.33810615539551,265.5460510253906
105.38829636573792,265.07489013671875
105.43827795982361,265.2101745605469
105.48828291893005,267.6297302246094
105.53795433044434,268.51654052734375
105.58826231956482,268.97930908203125
105.63758301734924,269.58294677734375
105.68830466270447,270.16302490234375
105.73829364776611,270.7384338378906
105.78858876228333,270.8243713378906
105.83757758140564,270.9361572265625
105.88826441764832,271.1993408203125
105.93807625770569,274.16552734375
105.98858165740967,274.05126953125
106.03790378570557,273.7708435058594
106.08858799934387,273.3301696777344
106.13755321502686,272.6242980957031
106.18822360038757,272.4678649902344
106.23777747154236,272.9046630859375
106.28823184967041,273.1205139160156
106.33822345733643,272.9166259765625
106.38788342475891,272.7557067871094
106.43812704086304,272.6712646484375
106.48822593688965,272.9161071777344
106.53791952133179,272.64306640625
106.58821415901184,272.3182678222656
106.6378288269043,271.8087463378906
106.68859195709229,272.0799255371094
106.73822402954102,272.58709716796875
106.78785872459412,272.65570068359375
106.83757209777832,272.5798034667969
106.88835620880127,272.19970703125
106.93794465065002,272.265869140625
106.98827981948853,272.2325134277344
107.03789973258972,271.7501220703125
107.08823156356812,271.538818359375
107.13785815238953,271.4234619140625
107.18791770935059,271.58575439453125
107.23854780197144,271.58026123046875
107.28823828697205,271.76220703125
107.33787488937378,271.92095947265625
107.38823509216309,272.2128601074219
107.43819832801819,272.20355224609375
107.4866394996643,272.5077209472656
107.53776359558105,270.89605712890625
107.58859300613403,271.2025146484375
107.63784766197205,270.8424072265625
107.6882381439209,270.7786560058594
107.73787140846252,270.6581115722656
107.78815221786499,271.451416015625
107.83773493766785,271.5096435546875
107.88773918151855,271.24822998046875
107.93767642974854,271.9986572265625
107.98821544647217,272.5306396484375
108.03822445869446,272.8604736328125
108.08822298049927,272.4731140136719
108.13822531700134,272.9326477050781
108.18805193901062,272.6255187988281
108.23857188224792,271.9255065917969
108.28807330131531,271.9007873535156
108.33821725845337,272.7852783203125
108.38819575309753,272.9728088378906
108.43807315826416,272.61761474609375
108.48807382583618,273.03094482421875
108.53761100769043,272.98468017578125
108.5880765914917,271.58099365234375
108.63818049430847,270.0375061035156
108.6882061958313,269.3328552246094
108.73815536499023,272.1163330078125
108.78803038597107,272.3124084472656
108.83738708496094,272.33782958984375
108.88804864883423,271.8990478515625
108.93773531913757,271.89276123046875
108.98824620246887,272.1053161621094
109.03777527809143,274.786865234375
109.08807730674744,274.4423828125
109.13809275627136,273.2166442871094
109.18806290626526,272.2361145019531
109.23781132698059,271.274169921875
109.28816366195679,272.2416687011719
109.33808064460754,273.70709228515625
109.38808417320251,271.8377685546875
109.43801474571228,273.1903381347656
109.48818278312683,272.2106018066406
109.5374698638916,272.2051086425781
109.5881519317627,272.0983581542969
109.63766288757324,270.50653076171875
109.68809652328491,269.2772521972656
109.7374005317688,270.2799072265625
109.78809309005737,272.77423095703125
109.8378484249115,270.9111328125
109.88815212249756,271.5708923339844
109.93776202201843,270.93475341796875
109.98805046081543,271.02105712890625
110.03763151168823,270.6531982421875
110.0880618095398,271.3211669921875
110.13770866394043,272.7463073730469
110.18813490867615,270.0121765136719
110.23742771148682,271.7353210449219
110.28805994987488,270.8166198730469
110.33763074874878,270.2863464355469
110.38807487487793,269.7064514160156
110.43803000450134,269.92547607421875
110.48814535140991,270.3543395996094
110.53771781921387,270.8815612792969
110.5881199836731,272.1338806152344
110.63767743110657,274.7649230957031
110.6878616809845,275.83856201171875
110.73774433135986,278.0391540527344
110.7881531715393,277.2326965332031
110.83815455436707,277.62750244140625
110.88808250427246,277.392578125
110.93813586235046,278.5115661621094
110.98812341690063,277.25164794921875
111.03786182403564,278.5135498046875
111.0881609916687,278.1735534667969
111.13805937767029,278.9115295410156
111.18816828727722,279.1432800292969
111.23770380020142,279.0769958496094
111.28814458847046,279.2575988769531
111.33821249008179,279.9101867675781
111.38851952552795,280.2354736328125
111.43814587593079,280.1526794433594
111.48811388015747,279.4961853027344
111.53775191307068,279.8778991699219
111.58854341506958,281.0646667480469
111.63780045509338,281.3444519042969
111.68820118904114,280.7764587402344
111.73740482330322,280.0829162597656
111.78810620307922,279.8359680175781
111.83802556991577,279.8277587890625
111.88808608055115,279.6236267089844
111.93801164627075,279.1490783691406
111.9881341457367,278.96295166015625
112.03811693191528,279.757568359375
112.08812832832336,280.24615478515625
112.1380615234375,280.4831237792969
112.18810963630676,280.36431884765625
112.2381203174591,280.14654541015625
112.28805828094482,280.00103759765625
112.3380126953125,280.1658630371094
112.38859701156616,282.9140319824219
112.437814950943,281.7650451660156
112.48843431472778,279.9397888183594
112.53812551498413,279.1665344238281
112.58815622329712,278.7730407714844
112.63768553733826,278.3123779296875
112.68809270858765,278.0511779785156
112.73792314529419,277.511474609375
112.7880790233612,276.8885803222656
112.83764839172363,277.4306945800781
112.88813257217407,277.3450927734375
112.9379940032959,276.16522216796875
112.98814010620117,275.7884216308594
113.03769063949585,276.2997741699219
113.08813190460205,277.0218200683594
113.13806509971619,277.2632751464844
113.18808317184448,277.5583801269531
113.23742771148682,278.0010070800781
113.28812766075134,278.42047119140625
113.33811068534851,278.9080810546875
113.38846158981323,279.27459716796875
113.43772315979004,279.93353271484375
113.48812365531921,279.7862548828125
113.53774333000183,280.0401916503906
113.58808875083923,280.06414794921875
113.63812685012817,280.1986999511719
113.68812298774719,280.3003234863281
113.73796057701111,280.9043884277344
113.78804421424866,282.2916564941406
113.837655544281,282.1673583984375
113.88812851905823,281.784912109375
113.93768739700317,282.1914367675781
113.98809146881104,282.2935791015625
114.03800439834595,283.12164306640625
114.08853244781494,284.5438537597656
114.13808393478394,284.39984130859375
114.18851780891418,284.23443603515625
114.23815870285034,284.2336730957031
114.28857207298279,284.5785827636719
114.33816719055176,285.06683349609375
114.3880889415741,284.9106750488281
114.43805575370789,284.2621765136719
114.48819518089294,284.044921875
114.53801345825195,282.7502136230469
114.58804082870483,282.3138122558594
114.63795566558838,282.4288330078125
114.68805837631226,282.13043212890625
114.73732161521912,282.224609375
114.78804874420166,281.9986267089844
114.83792781829834,281.81243896484375
114.88813018798828,281.7250671386719
114.9381456375122,281.73565673828125
114.98813033103943,282.3915100097656
115.03775572776794,283.79461669921875
115.08809900283813,283.748291015625
115.13840103149414,284.3864440917969
115.18806314468384,285.4735412597656
115.2380120754242,285.6731262207031
115.28801822662354,285.667724609375
115.33794641494751,285.4049987792969
115.38810324668884,285.39251708984375
115.43738293647766,285.3775634765625
115.48804521560669,285.3036804199219
115.53734111785889,285.1907653808594
115.58810567855835,285.10595703125
115.6380500793457,285.08428955078125
115.68806552886963,285.0728454589844
115.73759937286377,284.99017333984375
115.78801250457764,284.98968505859375
115.83806920051575,284.9826354980469
115.8880341053009,284.9345703125
115.93804121017456,284.8619079589844
115.9880542755127,284.90924072265625
116.03796553611755,284.8360595703125
116.08806157112122,284.7478332519531
116.13795924186707,284.8072509765625
116.18802237510681,284.8804016113281
116.23798561096191,284.76837158203125
116.28830480575562,284.7915954589844
116.33762240409851,284.8985900878906
116.38802695274353,284.934814453125
116.43803477287292,284.98114013671875
116.48807168006897,285.1258239746094
116.53769159317017,285.42645263671875
116.58800721168518,285.4375305175781
116.63792443275452,285.4370422363281
116.68809843063354,285.31134033203125
116.73802614212036,285.25567626953125
116.78840589523315,285.21978759765625
116.8374297618866,285.0589904785156
116.88803291320801,285.0843200683594
116.93754196166992,285.1277160644531
116.98818492889404,284.93865966796875
117.03765177726746,285.24151611328125
117.08801627159119,285.3487854003906
117.13755297660828,285.683349609375
117.18814444541931,285.7391052246094
117.2376594543457,285.5879821777344
117.28777980804443,285.8652648925781
117.33733224868774,286.1235656738281
117.38776183128357,286.68328857421875
117.43767642974854,286.69024658203125
117.48773741722107,286.75128173828125
117.53725123405457,287.155517578125
117.58769989013672,287.35516357421875
117.6373975276947,287.35211181640625
117.68773531913757,287.3747863769531
117.73765826225281,287.64288330078125
117.78771209716797,288.0877380371094
117.83773493766785,288.623291015625
117.88774037361145,288.60296630859375
117.93730807304382,288.4266357421875
117.98779535293579,288.37359619140625
118.03768563270569,288.29583740234375
118.08797311782837,288.27392578125
118.13723564147949,288.3160400390625
118.18772840499878,288.415283203125
118.23697924613953,288.3392028808594
118.28795790672302,288.319091796875
118.3375768661499,288.45574951171875
118.3880021572113,288.50018310546875
118.43754005432129,288.3683776855469
118.48796939849854,288.2481994628906
118.53732562065125,288.26397705078125
118.58774280548096,287.94219970703125
118.63734483718872,287.7111511230469
118.68758916854858,287.5650634765625
118.7372555732727,287.19879150390625
118.78769659996033,286.80682373046875
118.83766436576843,286.2953186035156
118.88775515556335,286.1134033203125
118.93727660179138,285.9420471191406
118.98767828941345,285.86083984375
119.03805541992188,285.7607727050781
119.08773303031921,285.5558776855469
119.13765597343445,285.41827392578125
119.18771529197693,285.2929382324219
119.23779797554016,285.19476318359375
119.28774070739746,285.17010498046875
119.33761787414551,285.221435546875
119.38774394989014,285.36212158203125
119.43722343444824,285.50372314453125
119.48770070075989,285.6467590332031
119.53765749931335,285.7121887207031
119.5877480506897,285.7968444824219
119.63733077049255,285.85174560546875
119.68769860267639,286.0986022949219
119.73735904693604,286.3556213378906
119.7877037525177,286.5248107910156
119.83767700195312,286.6490173339844
119.88766646385193,286.8053894042969
119.93730735778809,286.87799072265625
119.98768138885498,286.8168029785156
120.03734922409058,286.8124084472656
120.08779883384705,286.7716369628906
120.13778877258301,286.46490478515625
120.18777847290039,286.0203552246094
120.23778343200684,285.67535400390625
120.2876980304718,285.55950927734375
120.33772373199463,285.4391174316406
120.38766646385193,285.3877258300781
120.43735885620117,285.7286682128906
120.48772168159485,285.8394775390625
120.53725385665894,286.0298156738281
120.58764028549194,286.26287841796875
120.63761115074158,286.60235595703125
120.6877167224884,286.8893737792969
120.73768639564514,286.9969177246094
120.78772783279419,287.07244873046875
120.8376886844635,287.0133361816406
120.88773488998413,286.8078918457031
120.93721580505371,286.5093078613281
120.98766708374023,286.3179931640625
121.03763341903687,286.1079406738281
121.0877411365509,285.9593505859375
121.13725733757019,285.6900939941406
121.1876323223114,285.46209716796875
121.23723793029785,285.1109924316406
121.28730845451355,285.3384704589844
121.33728361129761,285.98455810546875
121.38737773895264,285.8199462890625
121.43764615058899,285.6639099121094
121.48766589164734,285.4844665527344
121.53727173805237,285.03131103515625
121.58770394325256,284.9815979003906
121.63766837120056,286.2245788574219
121.68777537345886,286.1865234375
121.73760628700256,285.9610900878906
121.7878065109253,286.10345458984375
121.8372449874878,286.5107727050781
121.88771152496338,286.81549072265625
121.93728065490723,287.0001525878906
121.98776602745056,287.0521240234375
122.03767681121826,287.1434326171875
122.08739638328552,287.2494201660156
122.13771843910217,288.2411193847656
122.18528246879578,289.055908203125
122.23836898803711,289.3043518066406
122.28822684288025,289.6285095214844
122.33737635612488,289.8719482421875
122.38763213157654,290.011962890625
122.4376585483551,290.1656494140625
122.48675203323364,290.1903991699219
122.5378520488739,290.4221496582031
122.58826732635498,290.4586486816406
122.63631391525269,290.08404541015625
122.6881902217865,289.6958312988281
122.73770666122437,289.7499694824219
122.78774356842041,290.0950012207031
122.83767819404602,290.22723388671875
122.88771319389343,290.3379821777344
122.9377954006195,290.4297790527344
122.98785376548767,290.5060119628906
123.0376968383789,290.77783203125
123.0870349407196,292.11907958984375
123.1378984451294,293.23699951171875
123.18607807159424,293.4039001464844
123.23766136169434,293.495361328125
123.28765201568604,293.3187255859375
123.33735918998718,293.26239013671875
123.38777542114258,293.5496826171875
123.4373767375946,293.720947265625
123.48770475387573,296.34405517578125
123.53740906715393,296.4287109375
123.5874502658844,296.58544921875
123.63779902458191,296.6438903808594
123.68773055076599,296.69891357421875
123.73730039596558,296.77362060546875
123.78777599334717,296.9697570800781
123.83773183822632,297.07855224609375
123.88787722587585,297.2002868652344
123.93736743927002,297.3764343261719
123.9877598285675,297.6471862792969
124.03782105445862,298.0789489746094
124.08778619766235,298.4486999511719
124.13785481452942,298.1255187988281
124.1878674030304,298.2145690917969
124.2377347946167,298.17193603515625
124.28786182403564,298.39697265625
124.33808088302612,298.46240234375
124.38787746429443,298.6735534667969
124.4378387928009,298.9129638671875
124.48788499832153,298.72052001953125
124.53774285316467,298.5759582519531
124.58784317970276,298.46441650390625
124.63770580291748,298.4055480957031
124.6878342628479,298.5729064941406
124.737375497818,298.4593505859375
124.78768348693848,299.54583740234375
124.83738613128662,298.177001953125
124.88783550262451,299.845947265625
124.93780660629272,299.0657043457031
124.98798179626465,299.7638244628906
125.03770303726196,299.5933532714844
125.08698153495789,299.5248718261719
125.13777875900269,299.8829650878906
125.1862895488739,299.7063903808594
125.23720836639404,300.4255065917969
125.28775000572205,300.3020935058594
125.33789944648743,298.7707214355469
125.38777375221252,300.7619323730469
125.43778562545776,300.2176208496094
125.48781728744507,300.154052734375
125.53707933425903,302.96246337890625
125.58784937858582,300.3876953125
125.63777351379395,299.5451965332031
125.68780660629272,299.8373107910156
125.73730206489563,300.3728332519531
125.78773736953735,300.4705505371094
125.83738017082214,298.25274658203125
125.8877854347229,298.3152160644531
125.93764591217041,301.1490478515625
125.98778581619263,300.2192687988281
126.03732419013977,300.31866455078125
126.08650279045105,300.2431335449219
126.13779759407043,300.0151062011719
126.18784475326538,299.9664611816406
126.23770666122437,300.26409912109375
126.28765869140625,299.26275634765625
126.33734202384949,299.106201171875
126.38773465156555,299.4913024902344
126.43771243095398,299.7887268066406
126.48773145675659,300.0251159667969
126.53769397735596,300.2259826660156
126.58787941932678,300.5128479003906
126.63738107681274,300.78619384765625
126.68794775009155,300.8057861328125
126.73731398582458,301.0623779296875
126.78771877288818,301.30242919921875
126.83778810501099,301.0769958496094
126.88772869110107,300.45263671875
126.93761396408081,300.4278869628906
126.9873697757721,299.7178039550781
127.03732252120972,296.5907287597656
127.0876841545105,296.5535888671875
127.13735389709473,294.2327880859375
127.18775939941406,294.4532775878906
127.23678779602051,293.1610107421875
127.28734588623047,292.8328857421875
127.33769011497498,292.35260009765625
127.38769459724426,293.2391357421875
127.43765354156494,291.06005859375
127.48776865005493,292.05328369140625
127.53766870498657,293.81060791015625
127.58768558502197,294.7021789550781
127.6372754573822,296.79095458984375
127.6876540184021,295.5680847167969
127.73735570907593,298.0393371582031
127.78733849525452,298.13275146484375
127.83769750595093,298.7154235839844
127.88810682296753,298.93304443359375
127.93770909309387,298.9270935058594
127.98791098594666,299.8458557128906
128.03708267211914,299.4032897949219
128.08763599395752,298.86212158203125
128.1376829147339,298.3626708984375
128.18770480155945,297.39666748046875
128.2369089126587,296.7383117675781
128.28774046897888,294.3017272949219
128.33716773986816,294.32818603515625
128.38767790794373,293.2651062011719
128.43705224990845,293.0255432128906
128.48681378364563,291.8633117675781
128.53722715377808,292.0401611328125
128.58715224266052,291.6836242675781
128.63689351081848,291.6507568359375
128.6876175403595,292.23388671875
128.73759984970093,293.0868835449219
128.78757429122925,290.3100280761719
128.83693146705627,288.8343200683594
128.88776993751526,287.7217102050781
128.9373161792755,289.40936279296875
128.98768758773804,289.5097351074219
129.03767323493958,289.42236328125
129.08733320236206,288.5544128417969
129.13693475723267,288.74237060546875
129.1861810684204,289.6253662109375
129.2376959323883,292.07843017578125
129.28768491744995,291.94903564453125
129.3375825881958,293.098876953125
129.38734221458435,292.9788818359375
129.4369339942932,293.43511962890625
129.48767352104187,293.0862731933594
129.53717517852783,293.25555419921875
129.58736538887024,293.2703857421875
129.6372935771942,293.373291015625
129.68726587295532,293.69866943359375
129.73725008964539,293.9239807128906
129.78781723976135,294.2636413574219
129.83723545074463,294.413330078125
129.88773322105408,292.34130859375
129.93760061264038,292.8711242675781
129.98695731163025,293.8927307128906
130.03703022003174,295.0083312988281
130.08822798728943,294.5902404785156
130.13765907287598,294.77496337890625
130.18768191337585,295.88763427734375
130.2371802330017,298.041748046875
130.2876114845276,298.5789489746094
130.33728289604187,298.3701171875
130.3873586654663,298.127197265625
130.4370059967041,298.05047607421875
130.48762941360474,297.7707824707031
130.53722882270813,297.6346435546875
130.587242603302,297.78546142578125
130.63689875602722,297.7925109863281
130.68769645690918,297.59857177734375
130.73765873908997,297.75244140625
130.78781700134277,298.2003173828125
130.83758449554443,298.6089172363281
130.88760566711426,299.2696228027344
130.93723797798157,300.2638854980469
130.98766040802002,301.1665344238281
131.0376787185669,301.62823486328125
131.08740878105164,301.9067687988281
131.13739013671875,302.5832824707031
131.1876289844513,302.804931640625
131.23724818229675,302.8623962402344
131.28765296936035,303.21258544921875
131.3371980190277,303.3403625488281
131.38738989830017,303.293212890625
131.43714451789856,303.3500061035156
131.4877474308014,303.8227844238281
131.53716731071472,304.8208312988281
131.58738827705383,305.8555603027344
131.63727378845215,307.264892578125
131.68776512145996,308.7859191894531
131.73766350746155,310.2614440917969
131.78764963150024,311.7684631347656
131.83720898628235,312.82904052734375
131.8876929283142,313.6069641113281
131.93766331672668,313.8054504394531
131.98735809326172,315.5571594238281
132.0373568534851,316.9830322265625
132.0846130847931,317.636474609375
132.1374704837799,318.4742126464844
132.18772625923157,319.7181701660156
132.23808097839355,320.3171691894531
132.2876751422882,319.17327880859375
132.33717489242554,318.4852600097656
132.38760018348694,318.51971435546875
132.4375286102295,318.43682861328125
132.48769664764404,317.8804931640625
132.53730177879333,316.6182861328125
132.586501121521,315.8259582519531
132.63739156723022,315.3409423828125
132.68765449523926,314.7110595703125
132.73752546310425,313.7925109863281
132.7873091697693,314.9578857421875
132.83768725395203,315.5086364746094
132.88758873939514,315.8502197265625
132.93734073638916,315.7347717285156
132.98730206489563,316.0187072753906
133.03751492500305,316.5380859375
133.08751130104065,317.1549377441406
133.13719415664673,317.5873718261719
133.18773484230042,318.3430480957031
133.23668766021729,318.57171630859375
133.28594040870667,318.9521789550781
133.33760118484497,319.17681884765625
133.38772892951965,319.3047180175781
133.43729734420776,319.737548828125
133.4875283241272,320.017578125
133.53770279884338,319.38262939453125
133.58815264701843,319.2776184082031
133.63761496543884,319.21234130859375
133.68764305114746,319.0750732421875
133.7372019290924,318.5719909667969
133.78777885437012,317.8280944824219
133.83759999275208,317.4851379394531
133.88753294944763,317.4624938964844
133.93754172325134,317.62841796875
133.98775100708008,318.81732177734375
134.0373067855835,318.5829772949219
134.0867202281952,318.6573181152344
134.13771033287048,319.05194091796875
134.188129901886,319.4579162597656
134.23815178871155,320.22607421875
134.28812503814697,320.5880432128906
134.33804368972778,320.3260803222656
134.38814640045166,320.23516845703125
134.43807458877563,319.894287109375
134.48774123191833,319.693115234375
134.53758311271667,319.55560302734375
134.58738613128662,319.08856201171875
134.63764762878418,318.9320983886719
134.6877841949463,319.1167297363281
134.73780250549316,319.01104736328125
134.78797817230225,318.7201843261719
134.8381371498108,318.4828186035156
134.8875503540039,318.6485900878906
134.9379961490631,318.1737365722656
134.98770022392273,318.10272216796875
135.03769755363464,317.7127380371094
135.08810544013977,316.9910888671875
135.13776278495789,316.5157470703125
135.18820643424988,316.2173767089844
135.23622870445251,315.8758544921875
135.28820395469666,315.9381408691406
135.33762860298157,315.92999267578125
135.38722467422485,316.1426086425781
135.4377040863037,316.2179870605469
135.4875931739807,316.07672119140625
135.5376102924347,316.45452880859375
135.58786010742188,316.26409912109375
135.63777041435242,317.0238037109375
135.68772768974304,316.1776123046875
135.73768544197083,317.60455322265625
135.78620886802673,317.01531982421875
135.8381564617157,319.6319274902344
135.8880558013916,317.05535888671875
135.93816995620728,318.1748046875
135.98630332946777,320.310791015625
136.0377504825592,319.835693359375
136.0877766609192,320.9937438964844
136.13805675506592,318.2671203613281
136.18765425682068,317.3315124511719
136.23765802383423,316.95611572265625
136.2876172065735,316.9634704589844
136.33759379386902,313.8548278808594
136.38726830482483,315.2465515136719
136.43772840499878,312.1275329589844
136.48736882209778,311.831298828125
136.5372714996338,313.92254638671875
136.58752036094666,312.1005859375
136.637633562088,313.852294921875
136.68734121322632,310.9151916503906
136.73739409446716,313.9130859375
136.787691116333,313.88482666015625
136.83752059936523,314.16668701171875
136.88710761070251,315.255615234375
136.93736505508423,316.38153076171875
136.98762249946594,314.8697814941406
137.03751635551453,317.0877990722656
137.08766055107117,319.3870849609375
137.1373805999756,317.72332763671875
137.18718814849854,316.80572509765625
137.23767828941345,317.5022277832031
137.28762197494507,316.46978759765625
137.33639645576477,316.60858154296875
137.38761973381042,317.11187744140625
137.4375274181366,317.6680908203125
137.48718810081482,315.71527099609375
137.5376274585724,315.99090576171875
137.58721709251404,316.7642822265625
137.6375482082367,316.06329345703125
137.68771719932556,316.1446838378906
137.73768067359924,315.901611328125
137.78723049163818,315.5932922363281
137.83604884147644,314.58197021484375
137.88762784004211,314.52459716796875
137.93769145011902,315.311767578125
137.98803901672363,314.64324951171875
138.03760862350464,313.8438415527344
138.08715200424194,313.07110595703125
138.13626956939697,312.33929443359375
138.1872935295105,310.05938720703125
138.23773789405823,308.0864562988281
138.28777742385864,309.1358337402344
138.33768367767334,306.1210021972656
138.3873827457428,306.07745361328125
138.4372386932373,303.367919921875
138.48760175704956,304.5555725097656
138.53769373893738,306.1520690917969
138.58705639839172,305.7553405761719
138.63763809204102,304.8560791015625
138.68776726722717,303.251708984375
138.73764538764954,305.62890625
138.78718638420105,306.0361633300781
138.83761715888977,304.99639892578125
138.88701391220093,305.876220703125
138.93754267692566,304.96453857421875
138.9876892566681,304.6402282714844
139.03740549087524,305.0272216796875
139.08758068084717,304.80401611328125
139.13764190673828,305.15753173828125
139.18720769882202,306.0167236328125
139.23733139038086,305.6568603515625
139.28698658943176,306.63250732421875
139.33773183822632,304.1378479003906
139.3873610496521,302.77008056640625
139.4376344680786,303.2568054199219
139.48722982406616,302.19537353515625
139.53720378875732,302.92108154296875
139.5873317718506,304.99786376953125
139.6376612186432,302.12042236328125
139.68723797798157,299.59521484375
139.73761177062988,301.1485595703125
139.78764939308167,299.5860900878906
139.83736300468445,299.4494934082031
139.88734221458435,299.79864501953125
139.93763613700867,301.153564453125
139.98707509040833,298.5284118652344
140.03700041770935,299.1781005859375
140.08688020706177,296.128662109375
140.13723039627075,294.75177001953125
140.18695640563965,296.7830505371094
140.2376172542572,295.641357421875
140.28719472885132,294.6395263671875
140.33727312088013,293.73834228515625
140.38725876808167,293.6357421875
140.4376208782196,294.5070495605469
140.48758268356323,294.85888671875
140.53760385513306,292.36114501953125
140.58511185646057,291.8454895019531
140.63763093948364,293.9148864746094
140.6869101524353,290.8343811035156
140.7373034954071,291.4148864746094
140.7868869304657,291.4774475097656
140.8376805782318,292.3399353027344
140.88694024085999,293.5194396972656
140.93762612342834,290.5230407714844
140.98695135116577,291.65155029296875
141.03743982315063,292.9766540527344
141.08723521232605,291.8840026855469
141.13761639595032,292.0833740234375
141.1876757144928,292.2532653808594
141.23726201057434,291.6455383300781
141.28738570213318,293.3373718261719
141.3376350402832,292.2671203613281
141.3875286579132,291.1526794433594
141.43728876113892,294.02001953125
141.48755502700806,290.9323425292969
141.5369107723236,292.5846862792969
141.58686804771423,292.5643310546875
141.6375710964203,292.3758544921875
141.68752264976501,292.9898376464844
141.737544298172,290.9595642089844
141.78636741638184,288.99505615234375
141.8372015953064,288.176025390625
141.8869001865387,285.7972106933594
141.9377362728119,285.5999450683594
141.986634016037,282.6169128417969
142.03719639778137,285.65679931640625
142.085795879364,285.0089416503906
142.1372468471527,287.5201416015625
142.1872639656067,285.23626708984375
142.23743605613708,285.7650146484375
142.28754496574402,284.2890319824219
142.33757615089417,285.5705261230469
142.38695430755615,285.1815490722656
142.43688297271729,282.3644104003906
142.48685789108276,283.9674377441406
142.53731727600098,281.825439453125
142.5871455669403,283.7027893066406
142.63724493980408,280.8943176269531
142.68747186660767,280.0237731933594
142.7372589111328,279.3979187011719
142.7871961593628,279.061767578125
142.83758807182312,279.2833251953125
142.8869366645813,278.5509948730469
142.93759727478027,278.29229736328125
142.98703479766846,278.07879638671875
143.03723788261414,277.8868408203125
143.08477401733398,277.58935546875
143.137220621109,276.8085021972656
143.18751192092896,276.0932922363281
143.23719334602356,276.66448974609375
143.2868468761444,275.66192626953125
143.3377013206482,274.5523681640625
143.38689851760864,272.79400634765625
143.43752884864807,272.3468017578125
143.48755884170532,272.27587890625
143.537517786026,272.3148193359375
143.58710646629333,272.4771728515625
143.6372127532959,272.8046875
143.68705940246582,272.8201599121094
143.73755812644958,273.1078796386719
143.78678727149963,273.30621337890625
143.8376100063324,273.6650695800781
143.88751649856567,274.1150207519531
143.9380407333374,274.2697448730469
143.98716831207275,274.51068115234375
144.0370237827301,275.1677551269531
144.08719897270203,276.7234191894531
144.13766622543335,277.1004333496094
144.1860842704773,277.689453125
144.23756623268127,277.96783447265625
144.28719234466553,278.63726806640625
144.33731269836426,279.20697021484375
144.38721323013306,279.4188537597656
144.4373083114624,280.1150817871094
144.4867160320282,280.1252136230469
144.5367202758789,280.9740295410156
144.5867736339569,281.2272033691406
144.63726496696472,284.2521057128906
144.68665218353271,284.29949951171875
144.73727130889893,284.8807373046875
144.78674054145813,285.24908447265625
144.83705401420593,285.6063232421875
144.88647842407227,286.5311279296875
144.9372615814209,286.4378356933594
144.98645091056824,287.26812744140625
145.03760981559753,286.8020324707031
145.086665391922,287.855224609375
145.1371009349823,289.4685363769531
145.18692874908447,289.24188232421875
145.2368996143341,290.7386779785156
145.28713297843933,290.78765869140625
145.33688735961914,290.67034912109375
145.3867473602295,290.29644775390625
145.4370517730713,290.3390808105469
145.48716115951538,290.40655517578125
145.53723406791687,290.3545227050781
145.58673477172852,290.2317810058594
145.6372721195221,289.91461181640625
145.6867470741272,290.36566162109375
145.73724031448364,290.2620849609375
145.78683972358704,290.34283447265625
145.83689284324646,290.3635559082031
145.88645672798157,290.2224426269531
145.93719005584717,290.1374816894531
145.98704862594604,290.9306335449219
146.03686928749084,290.9169921875
146.08682012557983,290.6859130859375
146.13721656799316,288.8528137207031
146.18710899353027,290.83343505859375
146.2372748851776,290.86474609375
146.28682780265808,291.8097229003906
146.33724212646484,292.00592041015625
146.38681387901306,291.81597900390625
146.43726325035095,291.73992919921875
146.48712849617004,292.8232727050781
146.5368528366089,293.9062194824219
146.58678889274597,295.0774841308594
146.6369252204895,295.5816345214844
146.68732070922852,296.8713684082031
146.73718357086182,299.97412109375
146.78660488128662,298.41473388671875
146.83723878860474,297.83660888671875
146.88669872283936,297.8033447265625
146.93721413612366,297.54644775390625
146.98718452453613,297.3900451660156
147.03713178634644,296.98931884765625
147.0868217945099,296.9317932128906
147.13770294189453,296.4250183105469
147.1867003440857,296.1051940917969
147.23722791671753,295.74713134765625
147.28683590888977,295.293701171875
147.33719444274902,294.9334716796875
147.3871204853058,294.6850891113281
147.43724703788757,294.095947265625
147.48664236068726,293.7712707519531
147.5372018814087,293.45660400390625
147.5867099761963,292.9132385253906
147.63730144500732,292.90869140625
147.68712258338928,292.9832458496094
147.73690128326416,292.8014831542969
147.7866690158844,292.91790771484375
147.83719086647034,292.89453125
147.8864302635193,292.93109130859375
147.93726253509521,292.98626708984375
147.9868552684784,292.9744873046875
148.0372438430786,293.29833984375
148.08712148666382,292.8416748046875
148.1370885372162,291.7569580078125
148.18717908859253,291.1468200683594
148.23726224899292,291.3211669921875
148.28686022758484,291.2905578613281
148.3368194103241,291.0308837890625
148.3868546485901,291.42791748046875
148.43721270561218,291.7355041503906
148.4865689277649,292.0150146484375
148.53717398643494,293.1972961425781
148.5864703655243,293.99713134765625
148.63718390464783,294.7877197265625
148.68678069114685,295.203369140625
148.737224817276,295.3416442871094
148.78726720809937,295.67919921875
148.8371844291687,295.986572265625
148.8866946697235,296.27728271484375
148.93732571601868,296.9472351074219
148.98667335510254,297.2174072265625
149.03715586662292,297.69384765625
149.08711910247803,298.0558166503906
149.1371796131134,298.41064453125
149.18764328956604,298.62261962890625
149.23725938796997,298.9187316894531
149.28674173355103,299.1127014160156
149.33723187446594,299.2575988769531
149.38710188865662,299.4361877441406
149.43713688850403,299.2762145996094
149.48666262626648,299.8632507324219
149.53720808029175,300.1695861816406
149.58760595321655,300.13568115234375
149.63712978363037,300.6471252441406
149.68725490570068,300.992919921875
149.73725819587708,300.8633117675781
149.78678917884827,301.01861572265625
149.83722567558289,302.6414489746094
149.88649487495422,302.17266845703125
149.93719029426575,302.65362548828125
149.9866247177124,302.9525146484375
150.03718876838684,302.8974914550781
150.08714175224304,303.1042785644531
150.13727116584778,303.0882568359375
150.1869876384735,303.2004699707031
150.23711776733398,303.1653137207031
150.28672194480896,303.15484619140625
150.3371663093567,303.4396667480469
150.38672733306885,303.4013671875
150.43681168556213,303.7243347167969
150.4867079257965,303.7784118652344
150.53712224960327,303.6609191894531
150.58670592308044,303.65740966796875
150.63671135902405,303.6061096191406
150.6866638660431,303.68365478515625
150.73720502853394,303.275146484375
150.78683590888977,303.3621520996094
150.83718538284302,303.2135314941406
150.88684129714966,303.40863037109375
150.93722772598267,303.76025390625
150.98679542541504,303.5700378417969
151.03712558746338,303.7863464355469
151.08703351020813,303.2662658691406
151.1370759010315,302.73272705078125
151.1867003440857,302.9372863769531
151.23713207244873,302.517822265625
151.28682041168213,301.9848327636719
151.33713722229004,301.6802062988281
151.38883590698242,301.35443115234375
151.4374897480011,300.15838623046875
151.48662209510803,299.4485778808594
151.53710651397705,299.0010681152344
151.58677625656128,298.4287109375
151.63703179359436,297.7694396972656
151.68654131889343,297.5069885253906
151.73703002929688,297.14697265625
151.7870647907257,296.9271545410156
151.83712649345398,296.6648254394531
151.88701009750366,296.28131103515625
151.93754744529724,296.22186279296875
151.98698782920837,295.8111877441406
152.03548645973206,295.2295227050781
152.08741521835327,293.6900634765625
152.137127161026,292.656005859375
152.18701767921448,292.3900146484375
152.23702335357666,291.9259338378906
152.2870934009552,291.86328125
152.33709383010864,292.3072204589844
152.3870198726654,294.7994689941406
152.43746066093445,294.30792236328125
152.4867649078369,295.19146728515625
152.5371129512787,295.44415283203125
152.58668780326843,295.8560791015625
152.6360330581665,295.9426574707031
152.68737292289734,295.8301696777344
152.73558163642883,296.1447448730469
152.7869575023651,295.8867492675781
152.8370988368988,296.202392578125
152.8870072364807,296.31842041015625
152.93753051757812,296.7457580566406
152.9870707988739,296.9501037597656
153.03706407546997,297.1446838378906
153.08544397354126,296.8609313964844
153.13702011108398,297.6985778808594
153.185564994812,298.01116943359375
153.23692655563354,298.0086364746094
153.28756594657898,298.11468505859375
153.33657121658325,298.568359375
153.38696670532227,298.567626953125
153.43692994117737,298.3818664550781
153.48715472221375,299.34967041015625
153.5364487171173,299.8980712890625
153.58706402778625,300.7256774902344
153.636638879776,301.22052001953125
153.68695044517517,301.3556823730469
153.73661136627197,301.4418640136719
153.78708839416504,301.515625
153.83687543869019,301.7888488769531
153.88676476478577,301.7531433105469
153.93666696548462,301.9053649902344
153.9870102405548,302.8170166015625
154.03710865974426,302.6789855957031
154.0875687599182,302.8363952636719
154.13666582107544,302.12255859375
154.18756699562073,303.2436828613281
154.23688745498657,302.9279479980469
154.28712725639343,303.47344970703125
154.33683490753174,303.68695068359375
154.38672399520874,303.767578125
154.43668842315674,303.98638916015625
154.4867286682129,304.26806640625
154.53673768043518,304.2619323730469
154.58678269386292,304.27154541015625
154.63674640655518,304.48333740234375
154.68699884414673,304.5721435546875
154.73666095733643,304.7995300292969
154.78675079345703,305.0152893066406
154.83673095703125,305.1634521484375
154.8867757320404,305.3826904296875
154.93633031845093,305.6335754394531
154.98670196533203,305.77044677734375
155.03631782531738,306.06817626953125
155.0867636203766,307.09454345703125
155.1373233795166,307.4230651855469
155.1872661113739,307.4505310058594
155.23665523529053,307.7960205078125
155.28674364089966,307.6983337402344
155.33673357963562,308.2479553222656
155.38723921775818,308.6595153808594
155.43713641166687,308.3608703613281
155.4867241382599,311.19146728515625
155.536230802536,311.5005187988281
155.58672952651978,311.5792541503906
155.6366410255432,311.71844482421875
155.6867320537567,312.5499572753906
155.73631739616394,315.6272888183594
155.78674602508545,316.01385498046875
155.83625650405884,316.2109069824219
155.8864188194275,316.562255859375
155.9362394809723,316.9996337890625
155.98716568946838,317.5599670410156
156.03694224357605,318.4631042480469
156.08713364601135,319.12890625
156.13662123680115,320.0555114746094
156.18669414520264,321.3064270019531
156.23631310462952,321.6871032714844
156.28671002388,321.80352783203125
156.33634424209595,321.7064208984375
156.38713693618774,321.704345703125
156.4366500377655,321.6738586425781
156.48671531677246,321.64398193359375
156.53661561012268,321.6667175292969
156.58677506446838,321.65374755859375
156.63670086860657,321.9298095703125
156.6871702671051,321.76629638671875
156.73636722564697,321.6089782714844
156.78668522834778,321.4974670410156
156.83624982833862,321.45330810546875
156.88642811775208,321.5047302246094
156.93673372268677,321.5591735839844
156.98725390434265,321.48370361328125
157.03665590286255,321.27301025390625
157.08670926094055,320.9587707519531
157.13669395446777,320.71856689453125
157.1871154308319,320.7560119628906
157.2370810508728,320.5657958984375
157.28716588020325,320.2286376953125
157.33664464950562,319.38824462890625
157.38671326637268,319.3644714355469
157.4366934299469,319.5967102050781
157.48714089393616,319.6902160644531
157.53672552108765,319.8235778808594
157.58686447143555,319.9739990234375
157.636700630188,320.0777587890625
157.6867024898529,319.7693786621094
157.73630738258362,319.62982177734375
157.78724312782288,319.8839111328125
157.8367884159088,320.01947021484375
157.88726615905762,320.1637268066406
157.93669748306274,320.2591552734375
157.98671436309814,320.12005615234375
158.03674960136414,320.10699462890625
158.08717012405396,320.0339050292969
158.13674759864807,320.05517578125
158.1872570514679,320.1375427246094
158.23714923858643,320.2567443847656
158.28708052635193,320.3256530761719
158.3364062309265,320.3445129394531
158.3865818977356,320.2703857421875
158.43661952018738,320.1942443847656
158.48676085472107,320.3309326171875
158.53643202781677,320.31884765625
158.58675599098206,320.14910888671875
158.6365761756897,320.068359375
158.6866738796234,319.07427978515625
158.73681020736694,318.77374267578125
158.78727173805237,318.40008544921875
158.83708214759827,317.68804931640625
158.88673424720764,317.1328430175781
158.93679857254028,317.2781677246094
158.9867386817932,317.1966857910156
159.03667283058167,316.9718933105469
159.08666396141052,316.844482421875
159.1364996433258,317.03326416015625
159.18668222427368,317.9891357421875
159.23629426956177,317.552490234375
159.28662061691284,317.5647277832031
159.33670115470886,317.2729797363281
159.38722467422485,316.8793029785156
159.43676114082336,316.92559814453125
159.48671746253967,316.58282470703125
159.53656578063965,316.7118835449219
159.58668208122253,317.07281494140625
159.63671922683716,317.0646057128906
159.68670344352722,316.81036376953125
159.73634243011475,317.4303283691406
159.78668689727783,318.1402893066406
159.8366515636444,318.283935546875
159.88665628433228,318.21551513671875
159.93627977371216,318.0904541015625
159.98671650886536,318.0230712890625
160.0367202758789,317.89862060546875
160.08673119544983,317.7168884277344
160.13635563850403,317.4691162109375
160.18716430664062,317.36907958984375
160.23715448379517,317.3432312011719
160.28686594963074,317.2228698730469
160.3371183872223,317.1292419433594
160.38671112060547,316.82574462890625
160.43669486045837,317.4251403808594
160.48673343658447,317.6336975097656
160.5363485813141,317.58013916015625
160.58671736717224,317.3880310058594
160.63662266731262,317.1625061035156
160.68670535087585,317.0137023925781
160.73637437820435,317.0069885253906
160.78724551200867,316.98974609375
160.836678981781,316.96630859375
160.8867106437683,316.9033203125
160.93676018714905,316.7243347167969
160.9864284992218,316.6015319824219
161.03629755973816,316.6666259765625
161.0867521762848,316.7369384765625
161.13661789894104,316.47235107421875
161.1866490840912,315.70172119140625
161.23669624328613,315.0897521972656
161.28682780265808,315.29083251953125
161.33622479438782,315.651611328125
161.3872570991516,315.908447265625
161.43676590919495,316.0980224609375
161.4872076511383,316.568603515625
161.53668999671936,317.1440124511719
161.58727645874023,317.2554016113281
161.636901140213,317.4406433105469
161.68631315231323,317.45037841796875
161.7367022037506,317.6767578125
161.7867090702057,317.8432922363281
161.83670949935913,317.87298583984375
161.88675904273987,316.8291320800781
161.9365940093994,316.7752685546875
161.98671531677246,316.6664123535156
162.03677129745483,316.6402282714844
162.08530807495117,316.4643859863281
162.1340310573578,316.29351806640625
162.18432879447937,316.12908935546875
162.23340010643005,315.8641052246094
162.28350925445557,315.6859130859375
162.33346843719482,315.7781982421875
162.3834092617035,314.2132568359375
162.4334671497345,314.2297668457031
162.48440504074097,313.42138671875
162.53427362442017,312.29473876953125
162.58345556259155,312.0654296875
162.63342761993408,311.9940185546875
162.6834044456482,311.8955993652344
162.73342394828796,311.64300537109375
162.7834393978119,311.3779602050781
162.83345794677734,311.12811279296875
162.88343000411987,310.7326965332031
162.93346452713013,310.6318359375
162.9833686351776,310.4605712890625
163.033429145813,310.1636962890625
163.08346104621887,309.56024169921875
163.13343906402588,309.5378112792969
163.18344902992249,310.1351013183594
163.233469247818,310.1770935058594
163.28337574005127,310.3782043457031
163.33339142799377,310.43560791015625
163.38342308998108,310.4775390625
163.43347215652466,310.6346435546875
163.4834520816803,310.5730285644531
163.53343892097473,310.45416259765625
163.58337211608887,310.7170104980469
163.63341093063354,310.6178894042969
163.68342685699463,310.6922302246094
163.73350620269775,311.18157958984375
163.78347277641296,311.6070251464844
163.83348321914673,311.8476867675781
163.88337659835815,311.986083984375
163.93339252471924,312.2603454589844
163.98342967033386,312.479248046875
164.03347063064575,312.874267578125
164.08350658416748,313.2806701660156
164.13355350494385,313.87664794921875
164.18340730667114,314.797607421875
164.23342752456665,315.5481262207031
164.28341960906982,315.8379821777344
164.33347296714783,315.84002685546875
164.3834743499756,316.0892333984375
164.4334852695465,316.3756408691406
164.48339319229126,316.6961975097656
164.53340220451355,316.8526611328125
164.58343291282654,317.0252990722656
164.63351249694824,317.2022399902344
164.6834590435028,317.4505310058594
164.73348999023438,317.4412536621094
164.78340673446655,317.52142333984375
164.83344531059265,317.489501953125
164.88343262672424,317.6387939453125
164.93348383903503,317.5871276855469
164.98330283164978,317.5051574707031
165.03349614143372,317.5965270996094
165.0832200050354,317.5950622558594
165.13323640823364,317.62493896484375
165.18328857421875,317.6465759277344
165.23334503173828,317.7095947265625
165.28347206115723,317.79888916015625
165.3333261013031,317.79833984375
165.3833920955658,317.7228698730469
165.4354853630066,317.82366943359375
165.48657035827637,318.13134765625
165.5365219116211,318.41778564453125
165.58652591705322,318.4700622558594
165.6363365650177,318.81256103515625
165.68619894981384,318.8529357910156
165.73629093170166,319.0651550292969
165.78629755973816,319.1747741699219
165.83663058280945,319.498046875
165.88661098480225,319.5865173339844
165.93638062477112,319.6523742675781
165.98656129837036,319.7657470703125
166.03664302825928,319.366943359375
166.08663487434387,319.1396179199219
166.1365990638733,319.0163269042969
166.18668818473816,318.9030456542969
166.23636770248413,318.7989807128906
166.28675508499146,318.41876220703125
166.33659887313843,318.2613830566406
166.38660430908203,318.2588195800781
166.43609428405762,318.5089111328125
166.4859275817871,318.29766845703125
166.53660988807678,317.9585876464844
166.58652448654175,317.6225280761719
166.63658738136292,317.2776184082031
166.6866216659546,316.4322509765625
166.73628211021423,316.637939453125
166.7866051197052,315.841064453125
166.83666396141052,315.63116455078125
166.88619470596313,315.5896911621094
166.93653202056885,315.6543273925781
166.98660612106323,315.7898254394531
167.03623843193054,315.8670349121094
167.08630990982056,316.1091613769531
167.13660168647766,316.38128662109375
167.18656134605408,316.7262268066406
167.2364842891693,316.87481689453125
167.2865869998932,316.87261962890625
167.33660197257996,317.1136779785156
167.38659501075745,317.02581787109375
167.43665862083435,316.9921875
167.48661637306213,316.4926452636719
167.5364921092987,316.58917236328125
167.586199760437,316.447509765625
167.63631129264832,316.2658996582031
167.686607837677,316.2899475097656
167.7361660003662,316.60101318359375
167.78651785850525,316.9228210449219
167.83651685714722,317.1595764160156
167.88657784461975,317.5485534667969
167.93674397468567,317.5003662109375
167.9865665435791,317.47222900390625
168.03621864318848,317.5779113769531
168.08695721626282,317.16204833984375
168.13661742210388,316.9095764160156
168.18715691566467,316.6403503417969
168.23619651794434,316.425048828125
168.28660011291504,313.7413024902344
168.33605432510376,313.7490539550781
168.38653206825256,313.61981201171875
168.43621563911438,313.5364990234375
168.48659372329712,313.4454040527344
168.53658032417297,313.52545166015625
168.5867042541504,313.4617614746094
168.63613152503967,313.3802185058594
168.68628859519958,313.8702697753906
168.7368721961975,315.4358215332031
168.78625011444092,315.94171142578125
168.83659505844116,316.3155822753906
168.88660597801208,316.9490966796875
168.93621230125427,316.6319885253906
168.98670864105225,317.0386962890625
169.036194562912,316.5717468261719
169.08693265914917,317.0395812988281
169.1366138458252,317.60614013671875
169.18632888793945,317.9088439941406
169.23622727394104,318.6064147949219
169.28623223304749,318.70263671875
169.33620691299438,319.05169677734375
169.38632464408875,318.387451171875
169.43620228767395,318.56097412109375
169.48669242858887,318.8526916503906
169.53617811203003,319.0435791015625
169.58677887916565,319.5504150390625
169.6360957622528,319.3334655761719
169.68653774261475,319.3515930175781
169.73620915412903,320.0055236816406
169.78654551506042,319.88995361328125
169.8364942073822,319.97650146484375
169.88662314414978,319.92535400390625
169.93620610237122,320.279296875
169.98664236068726,320.10107421875
170.03631377220154,320.20440673828125
170.08634042739868,320.2855224609375
170.13616633415222,320.42193603515625
170.1862452030182,320.5884094238281
170.2365744113922,320.559814453125
170.28668069839478,320.6063232421875
170.3361620903015,320.5574951171875
170.38659238815308,320.4998779296875
170.43620419502258,320.52557373046875
170.48660731315613,320.5785217285156
170.53653383255005,320.80865478515625
170.58660435676575,320.8287353515625
170.63620805740356,320.8309020996094
170.68666744232178,320.7140808105469
170.73659753799438,320.6976623535156
170.78661251068115,320.8343200683594
170.8365921974182,321.106689453125
170.88660955429077,321.10357666015625
170.9362189769745,321.53729248046875
170.98664355278015,321.3930358886719
171.03650617599487,321.60565185546875
171.08630228042603,321.9868469238281
171.13658618927002,321.900634765625
171.18709301948547,322.51824951171875
171.2366383075714,321.9766845703125
171.28666710853577,321.17828369140625
171.3366630077362,320.6722106933594
171.3865761756897,320.4052734375
171.43619394302368,320.3341979980469
171.48672938346863,320.178466796875
171.53666591644287,320.1573791503906
171.58696222305298,320.0982360839844
171.6365602016449,320.3244323730469
171.6865861415863,320.4203796386719
171.7362117767334,320.5137939453125
171.78660702705383,320.6205749511719
171.83665347099304,320.6692810058594
171.88663864135742,320.43743896484375
171.93663954734802,320.1634826660156
171.9866852760315,320.083984375
172.03652930259705,320.01507568359375
172.0850052833557,319.6522521972656
172.13666796684265,319.4379577636719
172.18664717674255,319.2396240234375
172.2365860939026,318.93377685546875
172.28634190559387,318.57611083984375
172.3366460800171,318.714599609375
172.38660764694214,318.6983642578125
172.4365532398224,318.9011535644531
172.48663330078125,321.62548828125
172.53661727905273,321.01593017578125
172.58672404289246,321.57830810546875
172.6366150379181,321.477294921875
172.68661284446716,321.6070556640625
172.73661875724792,321.70037841796875
172.78662037849426,321.9317321777344
172.83702945709229,321.8154602050781
172.88657593727112,321.9234924316406
172.93659615516663,321.2380676269531
172.98672580718994,321.4346923828125
173.03678250312805,321.2850341796875
173.08711409568787,321.18206787109375
173.13659024238586,320.892333984375
173.18720769882202,320.92059326171875
173.23662567138672,320.4518127441406
173.2866005897522,320.3805847167969
173.33629894256592,320.0396423339844
173.38627290725708,320.14520263671875
173.43662071228027,319.3433532714844
173.48667311668396,319.9989013671875
173.5366289615631,319.74285888671875
173.5870487689972,318.88092041015625
173.63536620140076,320.5570373535156
173.68698644638062,321.1610412597656
173.73667979240417,318.40521240234375
173.78665709495544,315.7867431640625
173.83670020103455,315.306396484375
173.88680911064148,313.5967102050781
173.9366192817688,315.1639404296875
173.9869828224182,316.6377868652344
174.03665208816528,318.31683349609375
174.08694767951965,318.9217834472656
174.13692045211792,316.5262145996094
174.18727922439575,316.7908630371094
174.2367172241211,314.69500732421875
174.28674125671387,313.7405090332031
174.33711886405945,313.8454284667969
174.38693499565125,313.3575134277344
174.43319249153137,314.0459899902344
174.48321104049683,313.90399169921875
174.53320860862732,314.0830993652344
174.58420276641846,314.5290832519531
174.6332607269287,314.3548278808594
174.68316054344177,316.72930908203125
174.73310613632202,316.9310302734375
174.78321504592896,317.1590576171875
174.83323526382446,316.96002197265625
174.88432478904724,316.7878112792969
174.93413472175598,316.7843933105469
174.98404383659363,316.6198425292969
175.03330397605896,316.4447937011719
175.08325099945068,316.49188232421875
175.13336849212646,316.44244384765625
175.18323588371277,316.2812194824219
175.23316311836243,316.59783935546875
175.28317499160767,316.57373046875
175.33324456214905,316.36810302734375
175.38319396972656,316.82489013671875
175.4331820011139,317.26708984375
175.48317766189575,317.44110107421875
175.5330934524536,317.5185852050781
175.58311104774475,317.1394348144531
175.6332197189331,317.4332580566406
175.68320274353027,317.3629150390625
175.73322796821594,317.5832824707031
175.7832272052765,317.8287658691406
175.8329837322235,317.4595642089844
175.8830873966217,317.34637451171875
175.93311548233032,316.9562683105469
175.9831976890564,316.31103515625
176.0332155227661,315.2368469238281
176.08321452140808,316.5679931640625
176.1330599784851,315.5018310546875
176.18304896354675,314.9595642089844
176.23313522338867,314.61767578125
176.28311252593994,313.4768371582031
176.33315563201904,314.51361083984375
176.38315796852112,313.2147521972656
176.43300533294678,314.3045349121094
176.48304414749146,314.9457702636719
176.53310632705688,314.9848937988281
176.5831241607666,315.4620361328125
176.63302946090698,315.90362548828125
176.6831636428833,316.1968688964844
176.73299980163574,316.4113464355469
176.78311157226562,316.988037109375
176.83318400382996,316.6279296875
176.88313150405884,316.6781921386719
176.9330723285675,317.10797119140625
176.98319053649902,316.96124267578125
177.03300428390503,316.7562255859375
177.0830535888672,316.9957275390625
177.13302063941956,317.04632568359375
177.18288373947144,316.678466796875
177.23303174972534,317.18634033203125
177.28306198120117,316.6084899902344
177.33298325538635,316.6665344238281
177.38287949562073,316.8691101074219
177.43301129341125,316.67694091796875
177.48297309875488,316.6764221191406
177.53300404548645,316.773681640625
177.5829632282257,316.69061279296875
177.63298082351685,316.67120361328125
177.68292903900146,316.7173156738281
177.73292446136475,316.6477966308594
177.78293108940125,316.98876953125
177.83306121826172,316.69183349609375
177.88307690620422,317.0097351074219
177.93292832374573,317.0305480957031
177.98304200172424,316.595947265625
178.03319358825684,316.8251037597656
178.08316612243652,316.8599548339844
178.13290286064148,317.2296447753906
178.1831090450287,316.7562255859375
178.23299431800842,316.9870300292969
178.28315448760986,316.8903503417969
178.33304262161255,317.11553955078125
178.38316297531128,317.14825439453125
178.43316221237183,317.2126770019531
178.48319244384766,317.1540832519531
178.53402614593506,317.1272888183594
178.58409571647644,317.07537841796875
178.6340413093567,316.9603576660156
178.68410515785217,317.1119689941406
178.73414182662964,316.8067626953125
178.7841534614563,316.5476989746094
178.83408999443054,316.3683166503906
178.88408827781677,315.5433654785156
178.9341516494751,314.1534118652344
178.98312711715698,314.58270263671875
179.03323340415955,314.29443359375
179.08321571350098,313.5891418457031
179.133056640625,313.29302978515625
179.18299889564514,313.4120178222656
179.2331199645996,312.74810791015625
179.28321623802185,312.5887451171875
179.33307814598083,312.20098876953125
179.38317561149597,312.3138732910156
179.43311953544617,311.656005859375
179.48312997817993,311.17156982421875
179.53293919563293,311.0287780761719
179.5830855369568,310.8474426269531
179.6330590248108,310.6978759765625
179.68313789367676,310.43505859375
179.73305487632751,310.4745178222656
179.78302788734436,310.2030334472656
179.83298420906067,310.0505065917969
179.88321900367737,309.8816833496094
179.9330916404724,309.64324951171875
179.983172416687,309.3846130371094
180.03300976753235,309.633544921875
180.0828697681427,309.3808288574219
180.13294577598572,309.3681640625
180.18308472633362,309.3214416503906
180.23290252685547,309.54473876953125
180.2830319404602,309.40179443359375
180.33318066596985,309.65673828125
180.38297963142395,309.673095703125
180.43292784690857,310.21160888671875
180.48425579071045,307.5948181152344
180.53664755821228,307.8074645996094
180.5831241607666,307.916015625
180.63301253318787,307.98577880859375
180.6830461025238,308.056640625
180.73318791389465,307.516845703125
180.78300738334656,308.64678955078125
180.83308458328247,308.153564453125
180.8831090927124,308.2641906738281
180.93298482894897,308.9649353027344
180.9830436706543,308.9698181152344
181.0331997871399,309.0482482910156
181.08309841156006,307.3044128417969
181.13286113739014,307.15826416015625
181.1866512298584,307.046142578125
181.23585033416748,307.040283203125
181.28616452217102,306.6557312011719
181.33582162857056,306.1614685058594
181.38666987419128,306.429443359375
181.43652057647705,306.56494140625
181.48653078079224,306.6897277832031
181.53582882881165,306.4049377441406
181.58664917945862,306.929443359375
181.63615107536316,306.7583923339844
181.68665504455566,306.70037841796875
181.73653602600098,307.4014892578125
181.78622841835022,306.5525207519531
181.83661699295044,307.0102844238281
181.88601970672607,307.4553527832031
181.93619585037231,307.5018615722656
181.98624086380005,308.5376892089844
182.03690934181213,307.9377746582031
182.08667588233948,307.962646484375
182.1350679397583,307.7594299316406
182.18611693382263,308.08721923828125
182.23624897003174,308.4986572265625
182.28663849830627,308.5632629394531
182.3361234664917,308.4208984375
182.38613557815552,308.7655029296875
182.435777425766,308.4308776855469
182.48621940612793,308.7153015136719
182.53609466552734,308.47576904296875
182.58612155914307,308.73956298828125
182.63581228256226,308.5528564453125
182.6861560344696,308.5696105957031
182.73566699028015,308.2706604003906
182.78612399101257,308.1885986328125
182.83610558509827,308.10333251953125
182.88616108894348,308.2100524902344
182.93580865859985,308.11212158203125
182.9862916469574,308.26177978515625
183.03657245635986,308.0373840332031
183.08621764183044,307.7704772949219
183.13613533973694,307.9954528808594
183.18618845939636,307.5707092285156
183.23609066009521,307.5480041503906
183.28620028495789,307.6192321777344
183.33556699752808,307.4276428222656
183.3861837387085,307.38531494140625
183.43573117256165,307.3776550292969
183.4861605167389,307.4935302734375
183.5357699394226,307.6528015136719
183.58621215820312,307.66546630859375
183.63651418685913,307.48583984375
183.68615412712097,307.6687927246094
183.7357838153839,307.46905517578125
183.78602504730225,307.4407043457031
183.8358826637268,307.5394287109375
183.88612508773804,307.4646911621094
183.93578481674194,308.0130920410156
183.98615264892578,307.80328369140625
184.03626537322998,307.26373291015625
184.08625864982605,307.79608154296875
184.13603734970093,307.4954528808594
184.18618822097778,308.00640869140625
184.23600029945374,307.6862487792969
184.2862732410431,307.5018005371094
184.3362193107605,307.51715087890625
184.38621640205383,307.44329833984375
184.43578672409058,307.38336181640625
184.48611164093018,307.5097961425781
184.53563451766968,307.3391418457031
184.58620691299438,307.5305480957031
184.6360366344452,307.8458251953125
184.68622183799744,307.2725524902344
184.7361180782318,307.30218505859375
184.78617095947266,307.71453857421875
184.83613109588623,308.0281677246094
184.8861439228058,308.0370788574219
184.93619847297668,307.6039123535156
184.9862780570984,307.542724609375
185.0359194278717,307.964111328125
185.08366990089417,307.9669494628906
185.1356701850891,308.2443542480469
185.186030626297,308.2515869140625
185.23601126670837,308.07061767578125
185.28605103492737,308.1715393066406
185.3359875679016,307.5807800292969
185.386079788208,308.0043640136719
185.43569660186768,308.25152587890625
185.4860806465149,308.5292053222656
185.53552961349487,308.5560607910156
185.58600997924805,308.6448974609375
185.63564252853394,308.3380126953125
185.685720205307,308.2321472167969
185.7357804775238,308.1656188964844
185.7861351966858,308.19512939453125
185.8361053466797,308.2125549316406
185.88611936569214,308.4376525878906
185.93575024604797,308.2723388671875
185.98632860183716,308.330078125
186.03631114959717,307.9400329589844
186.08662605285645,308.0511474609375
186.1351821422577,308.27227783203125
186.18654990196228,308.3629150390625
186.23610663414001,308.31243896484375
186.28659653663635,308.5695495605469
186.33610796928406,308.6557922363281
186.38610982894897,308.53094482421875
186.43611454963684,308.53558349609375
186.48618531227112,308.3635559082031
186.53580689430237,308.3927001953125
186.58617877960205,308.2118225097656
186.63605904579163,308.34423828125
186.6860945224762,308.4577331542969
186.73594498634338,308.3879699707031
186.78598260879517,308.3375244140625
186.8353180885315,308.4503479003906
186.88573718070984,308.4941101074219
186.93568921089172,308.6089172363281
186.98605108261108,308.7181396484375
187.035658121109,308.62493896484375
187.08607983589172,308.8927307128906
187.13594126701355,308.775390625
187.18596363067627,309.0206298828125
187.23563981056213,308.69146728515625
187.28604316711426,308.6236877441406
187.33542776107788,310.38507080078125
187.3860626220703,309.10784912109375
187.43603444099426,308.4096374511719
187.48614645004272,311.0663757324219
187.53571772575378,312.96453857421875
187.58606553077698,311.5986328125
187.63572454452515,310.89361572265625
187.68614292144775,310.6152038574219
187.73579668998718,311.1739807128906
187.7860689163208,311.6932373046875
187.83599710464478,311.202880859375
187.88605856895447,311.7566223144531
187.93568062782288,311.4496765136719
187.98608088493347,311.4873046875
188.03581357002258,311.3064270019531
188.08599758148193,311.1901550292969
188.13610553741455,311.6852111816406
188.18609952926636,311.0843811035156
188.23600435256958,311.3880615234375
188.28599381446838,311.800537109375
188.33538341522217,311.4479675292969
188.38602876663208,311.5577087402344
188.43541359901428,311.5032043457031
188.48609232902527,311.7373046875
188.53602838516235,311.4565124511719
188.58602714538574,311.35894775390625
188.63570952415466,311.7174377441406
188.68572998046875,311.62738037109375
188.73565554618835,311.8044128417969
188.7859809398651,312.0032958984375
188.83575534820557,311.9355773925781
188.88570523262024,311.5958251953125
188.93601751327515,311.7806396484375
188.9857211112976,312.1580810546875
189.03599452972412,311.6044006347656
189.08605027198792,311.9117431640625
189.13570761680603,312.2738037109375
189.18606853485107,312.1204528808594
189.23608493804932,311.8498840332031
189.28453850746155,312.2662048339844
189.3359854221344,311.5952453613281
189.38602209091187,311.6441955566406
189.43568181991577,312.211181640625
189.48605346679688,312.0208435058594
189.53594326972961,311.7315368652344
189.58604264259338,311.6799011230469
189.63567209243774,311.3882141113281
189.68605518341064,312.22100830078125
189.7356059551239,311.72125244140625
189.78602194786072,312.0796813964844
189.83536982536316,312.0723571777344
189.88460898399353,312.0187072753906
189.93577980995178,311.9902038574219
189.98601460456848,311.8192443847656
190.03606843948364,311.8717041015625
190.08607053756714,312.008056640625
190.13606119155884,312.1191711425781
190.18605637550354,311.97320556640625
190.23652291297913,311.87139892578125
190.28571844100952,311.8838195800781
190.33609580993652,311.98504638671875
190.385675907135,311.7950744628906
190.436017036438,311.8014831542969
190.485985994339,312.1627197265625
190.53603768348694,311.7625427246094
190.58542370796204,311.8892822265625
190.63576698303223,312.02581787109375
190.68573594093323,311.8001708984375
190.7360029220581,311.7022399902344
190.785386800766,312.0456848144531
190.8360252380371,312.2260437011719
190.885404586792,311.7887268066406
190.93544960021973,311.76416015625
190.98509788513184,312.0287170410156
191.03577995300293,312.34344482421875
191.08573293685913,312.3990783691406
191.13535284996033,312.39276123046875
191.18536043167114,312.4108581542969
191.23539280891418,312.3629150390625
191.28536367416382,312.2732849121094
191.33574604988098,312.2118225097656
191.38537907600403,312.3315734863281
191.43538331985474,312.59820556640625
191.48537850379944,312.90155029296875
191.5356981754303,313.1612548828125
191.58542847633362,313.3539733886719
191.63567733764648,313.2799987792969
191.6852695941925,313.03857421875
191.73569059371948,312.54229736328125
191.78533792495728,310.45904541015625
191.8354513645172,310.71240234375
191.88537645339966,311.39605712890625
191.93574714660645,312.65887451171875
191.98540377616882,312.9519958496094
192.03605270385742,312.5934143066406
192.08533310890198,312.0953063964844
192.13603353500366,313.0720520019531
192.1856677532196,309.9927062988281
192.23569297790527,308.8016662597656
192.2856719493866,309.0467834472656
192.3357264995575,308.6158447265625
192.38563656806946,305.58837890625
192.43572449684143,304.0878601074219
192.4853355884552,306.84979248046875
192.53573060035706,305.5958557128906
192.58540153503418,306.7242736816406
192.63582348823547,307.1705627441406
192.685546875,304.1499328613281
192.73573207855225,303.78143310546875
192.78536415100098,304.8787841796875
192.83574652671814,304.59979248046875
192.88534903526306,304.98651123046875
192.9358036518097,305.0324401855469
192.9857258796692,306.52703857421875
193.0357427597046,306.7912292480469
193.08566308021545,305.5655212402344
193.13526320457458,302.897705078125
193.18586325645447,303.1477355957031
193.23562860488892,303.0400085449219
193.28316140174866,304.16839599609375
193.33572387695312,304.7807312011719
193.38540053367615,304.4879455566406
193.43547534942627,303.274658203125
193.48578357696533,300.9420471191406
193.53577661514282,303.289794921875
193.58561825752258,302.4825439453125
193.63575911521912,301.4451904296875
193.6854054927826,300.2054138183594
193.73582649230957,299.628662109375
193.78535866737366,300.12017822265625
193.83580327033997,299.45574951171875
193.88576912879944,298.7643127441406
193.93583607673645,297.96307373046875
193.98569130897522,298.6568298339844
194.03579878807068,300.8022766113281
194.08573484420776,301.02984619140625
194.13566422462463,302.6810607910156
194.1858274936676,302.2658386230469
194.2358636856079,302.69561767578125
194.28547763824463,303.30340576171875
194.33580684661865,304.0202941894531
194.38545107841492,305.5229187011719
194.43567872047424,307.1738586425781
194.48560547828674,305.7515563964844
194.53571248054504,304.8186340332031
194.5858178138733,302.81463623046875
194.63585019111633,305.0893859863281
194.68572092056274,302.7093505859375
194.73570919036865,302.1954040527344
194.7852919101715,302.4648742675781
194.8353726863861,304.0434875488281
194.88538026809692,303.8209533691406
194.93585300445557,302.03155517578125
194.98588848114014,299.5870666503906
195.03584122657776,296.4945068359375
195.08583641052246,298.1698303222656
195.13549709320068,300.790771484375
195.18585538864136,299.0813903808594
195.23574090003967,299.4911193847656
195.2854425907135,297.4205627441406
195.33575534820557,296.0689697265625
195.38579082489014,297.09698486328125
195.43546342849731,297.7398986816406
195.48581171035767,297.4364929199219
195.53586220741272,298.0419616699219
195.58539366722107,298.01983642578125
195.63572144508362,299.9588623046875
195.6857888698578,299.3531494140625
195.73543190956116,298.86309814453125
195.7857825756073,298.178955078125
195.8358211517334,298.2789306640625
195.88539052009583,296.4726257324219
195.93573689460754,296.1712341308594
195.9858112335205,296.7615661621094
196.03576612472534,296.6788024902344
196.08541083335876,296.5057678222656
196.1355013847351,299.0078125
196.1857476234436,299.3650817871094
196.23567032814026,298.345947265625
196.285658121109,297.74603271484375
196.33571434020996,297.90057373046875
196.38540601730347,298.10504150390625
196.4359474182129,297.5052795410156
196.48577404022217,296.630615234375
196.53534865379333,294.97161865234375
196.58533024787903,294.0429382324219
196.6355414390564,295.5946960449219
196.68540859222412,296.5564880371094
196.735844373703,296.5989074707031
196.78543138504028,296.9591979980469
196.8353726863861,298.4720458984375
196.88525366783142,298.4396667480469
196.93549132347107,298.0568542480469
196.98574662208557,297.53564453125
197.03579354286194,298.5973205566406
197.08544278144836,298.68780517578125
197.13575387001038,298.4739990234375
197.18565583229065,297.9006042480469
197.23571920394897,297.6125793457031
197.285400390625,298.33026123046875
197.33571553230286,297.8160705566406
197.38541460037231,299.55084228515625
197.4356632232666,300.3235778808594
197.48534154891968,300.58740234375
197.53577423095703,301.1163024902344
197.58473706245422,301.73895263671875
197.6358458995819,301.7850341796875
197.68543314933777,302.10162353515625
197.7353823184967,302.1365661621094
197.785640001297,302.0962219238281
197.8359763622284,301.802734375
197.8853907585144,302.4350280761719
197.93547224998474,302.6094055175781
197.98576855659485,302.6695556640625
198.0356650352478,302.8827209472656
198.0851185321808,303.0361633300781
198.1358072757721,303.7154846191406
198.18540930747986,303.9744567871094
198.2358260154724,303.6231994628906
198.28545594215393,304.47503662109375
198.33577513694763,305.1189270019531
198.38577246665955,305.2833557128906
198.435804605484,306.0293273925781
198.48568558692932,306.71295166015625
198.53577184677124,305.8559875488281
198.58536100387573,304.1518859863281
198.6357662677765,304.7633056640625
198.68580675125122,306.59320068359375
198.73578357696533,307.8305969238281
198.78540635108948,309.1939697265625
198.83566212654114,310.5233154296875
198.88540840148926,310.6343078613281
198.93561506271362,310.4483947753906
198.98530769348145,310.5892639160156
199.03536128997803,310.4961242675781
199.08581233024597,310.61395263671875
199.13572907447815,310.3747863769531
199.1857659816742,310.0660095214844
199.23566603660583,308.9085998535156
199.28581833839417,310.04803466796875
199.3356819152832,309.8659362792969
199.38560605049133,308.76104736328125
199.43571591377258,310.5927734375
199.48532724380493,309.772705078125
199.53538179397583,309.4720153808594
199.58566451072693,309.4351501464844
199.63575792312622,309.1390380859375
199.68535685539246,309.0299377441406
199.73573851585388,309.1082763671875
199.78540635108948,308.54296875
199.83573865890503,308.81268310546875
199.88570189476013,308.4192199707031
199.93594002723694,309.0500183105469
199.98542189598083,308.27972412109375
200.0357804298401,307.4828796386719
200.0853672027588,306.9329528808594
200.1358072757721,306.8485412597656
200.18564558029175,306.75341796875
200.23574900627136,305.4723205566406
200.28569722175598,304.3371276855469
200.3356969356537,304.9057922363281
200.38534355163574,303.9892883300781
200.4357829093933,304.61553955078125
200.48567843437195,303.7183837890625
200.5357084274292,303.8208923339844
200.58573150634766,303.96185302734375
200.63595962524414,303.7569885253906
200.68538618087769,303.5963439941406
200.73529243469238,304.07135009765625
200.78497695922852,304.9177551269531
200.83578395843506,305.1737976074219
200.88544344902039,304.9739685058594
200.9350881576538,305.17254638671875
200.98574924468994,305.05322265625
201.03556203842163,305.1468200683594
201.08498334884644,306.153076171875
201.13531708717346,307.187744140625
201.1856815814972,306.5657043457031
201.2354884147644,307.5865478515625
201.28554511070251,307.3769836425781
201.3359591960907,307.8548583984375
201.38533520698547,308.27349853515625
201.43567872047424,309.1467590332031
201.48525857925415,309.88629150390625
201.5356171131134,308.4350891113281
201.58528232574463,310.0102844238281
201.63566160202026,309.8211364746094
201.6851499080658,309.982421875
201.73558473587036,310.3153381347656
201.78530144691467,310.0782470703125
201.83563446998596,309.8966369628906
201.88521003723145,309.4369201660156
201.93558764457703,309.9107360839844
201.98554611206055,309.2418212890625
202.03567838668823,310.295654296875
202.0852928161621,310.6075439453125
202.1353132724762,310.706787109375
202.18504118919373,310.6947937011719
202.23559284210205,310.9947814941406
202.2852692604065,311.7247009277344
202.33565020561218,311.5047912597656
202.38521552085876,311.58734130859375
202.43561816215515,312.1726989746094
202.48521900177002,311.70928955078125
202.53408479690552,311.9724426269531
202.5856328010559,312.0848388671875
202.6342339515686,312.17889404296875
202.68555736541748,309.9646301269531
202.7352819442749,308.2328796386719
202.78559470176697,308.87469482421875
202.83557200431824,308.2847900390625
202.8856086730957,307.7049865722656
202.9356141090393,307.3790283203125
202.98563432693481,307.23944091796875
203.03550934791565,307.2830810546875
203.08616161346436,306.97357177734375
203.13529181480408,306.57672119140625
203.1861171722412,306.3826904296875
203.2356514930725,306.9066467285156
203.28565669059753,306.6351013183594
203.33505988121033,306.6293029785156
203.38527083396912,306.33978271484375
203.43515539169312,306.7220458984375
203.4860394001007,306.9897155761719
203.53553438186646,306.82177734375
203.5855643749237,304.12506103515625
203.63516354560852,304.2041931152344
203.68554067611694,304.0725402832031
203.73516011238098,304.0048522949219
203.78561902046204,304.91064453125
203.83522486686707,305.2817077636719
203.88556170463562,305.2044982910156
203.9371886253357,305.227294921875
203.98600125312805,304.8595886230469
204.03576397895813,304.81512451171875
204.0857195854187,304.5382385253906
204.1352195739746,304.4752502441406
204.18540406227112,304.4710388183594
204.2352316379547,304.1304931640625
204.2853422164917,304.11212158203125
204.33572053909302,304.26953125
204.38571548461914,304.43902587890625
204.43538999557495,304.741455078125
204.4855923652649,305.0680236816406
204.53535056114197,305.20440673828125
204.5861828327179,305.5932922363281
204.63527631759644,305.96533203125
204.68582701683044,306.3326110839844
204.73523712158203,306.9365234375
204.78533935546875,307.34765625
204.83530569076538,307.65277099609375
204.88535809516907,307.6995544433594
204.93574285507202,307.80816650390625
204.98542976379395,307.4597473144531
205.03566980361938,307.9933776855469
205.08528661727905,308.2303466796875
205.13557696342468,308.2796325683594
205.18556308746338,308.0783386230469
205.23530960083008,307.64251708984375
205.28550839424133,310.3501892089844
205.3352496623993,310.49786376953125
205.3853476047516,310.45892333984375
205.43530297279358,310.3503112792969
205.4855227470398,309.8965759277344
205.53517842292786,309.7207946777344
205.585702419281,309.7491760253906
205.63558316230774,309.68133544921875
205.68521094322205,309.7223205566406
205.7355453968048,309.78729248046875
205.78532814979553,309.96160888671875
205.83548521995544,309.90106201171875
205.88586735725403,309.59771728515625
205.93547010421753,309.3236083984375
205.9859254360199,309.27386474609375
206.03568148612976,309.76348876953125
206.08571791648865,310.495361328125
206.13521361351013,310.49334716796875
206.18552255630493,310.7297058105469
206.23574900627136,310.5301208496094
206.2860016822815,310.5147705078125
206.33564496040344,309.8009338378906
206.38526034355164,308.5947570800781
206.43577408790588,307.82476806640625
206.4862039089203,307.76422119140625
206.5356969833374,307.75872802734375
206.5856432914734,307.48663330078125
206.6355836391449,306.99493408203125
206.68555545806885,308.9109191894531
206.73570084571838,308.5579528808594
206.78523969650269,308.36114501953125
206.8357434272766,308.456787109375
206.88565850257874,308.3619689941406
206.9355914592743,308.2425537109375
206.98526620864868,308.0569763183594
207.03575825691223,308.06109619140625
207.08622860908508,308.1874694824219
207.13555145263672,308.36346435546875
207.1861629486084,308.428955078125
207.23561596870422,308.719970703125
207.28564643859863,308.8987121582031
207.33573460578918,309.0798034667969
207.38565921783447,309.5867004394531
207.43559646606445,309.95379638671875
207.48571729660034,310.1546936035156
207.53570652008057,310.8513488769531
207.58565378189087,311.39422607421875
207.63572669029236,311.9238586425781
207.6862919330597,312.2875061035156
207.73570036888123,312.35693359375
207.78570914268494,312.2868957519531
207.83526921272278,312.3636474609375
207.88572525978088,312.1016540527344
207.93558382987976,312.038818359375
207.9857213497162,312.02386474609375
208.03559756278992,311.5025329589844
208.0857229232788,311.1820983886719
208.13572812080383,311.04498291015625
208.18571996688843,311.0305480957031
208.23559951782227,310.29443359375
208.28546118736267,308.28631591796875
208.33561205863953,307.98992919921875
208.38561725616455,308.06988525390625
208.43527507781982,307.3091735839844
208.48525094985962,307.3159484863281
208.53555393218994,308.5945739746094
208.5848743915558,308.3823547363281
208.63522100448608,307.2455139160156
208.6856882572174,307.5589904785156
208.73570132255554,307.698974609375
208.78560829162598,307.36456298828125
208.83518028259277,304.400634765625
208.88560366630554,304.2904968261719
208.93569469451904,304.3101806640625
208.98576664924622,304.2488708496094
209.03559923171997,304.1795959472656
209.08250832557678,304.11199951171875
209.1354856491089,304.2794189453125
209.1855390071869,304.0623474121094
209.23520708084106,304.2456359863281
209.2857325077057,304.44677734375
209.33531713485718,304.39422607421875
209.38773274421692,303.9055480957031
209.43812727928162,303.97845458984375
209.48603868484497,304.0833740234375
209.5356786251068,304.0244140625
209.58571863174438,304.2337341308594
209.63555026054382,304.48968505859375
209.68598413467407,304.4278869628906
209.73560690879822,304.70294189453125
209.78552174568176,304.8851623535156
209.8359191417694,304.8817138671875
209.88521480560303,304.65338134765625
209.93487668037415,304.5467224121094
209.98554396629333,304.75042724609375
210.03521156311035,304.66632080078125
210.08563208580017,304.59881591796875
210.1351215839386,304.4112243652344
210.1854908466339,304.41644287109375
210.23528456687927,303.9548034667969
210.28486227989197,303.88092041015625
210.3350794315338,303.4988098144531
210.38575315475464,303.2536926269531
210.4351282119751,303.3158874511719
210.48532819747925,303.8490295410156
210.5349245071411,304.1312561035156
210.58561086654663,304.921142578125
210.6355299949646,305.0614013671875
210.6856017112732,305.2989196777344
210.73512053489685,305.50140380859375
210.78518438339233,305.3661804199219
210.83492994308472,305.4847717285156
210.88556790351868,306.297119140625
210.93522834777832,305.7498779296875
210.9857165813446,306.8974609375
211.0356833934784,306.6119689941406
211.0852451324463,309.6013488769531
211.13459038734436,308.09124755859375
211.1852080821991,307.9339904785156
211.23572850227356,308.12725830078125
211.28584790229797,308.5489196777344
211.33556652069092,309.19940185546875
211.38528966903687,309.1567077636719
211.43515801429749,308.6278381347656
211.48527717590332,309.8049621582031
211.5356788635254,309.93914794921875
211.585679769516,309.7927551269531
211.63567805290222,309.8255310058594
211.68574857711792,309.4656066894531
211.73525261878967,308.940673828125
211.7852747440338,308.3182678222656
211.83542466163635,307.9653015136719
211.8856692314148,308.02191162109375
211.93584322929382,308.00830078125
211.98574995994568,307.83160400390625
212.03530979156494,307.806640625
212.08527064323425,307.8668518066406
212.1348593235016,308.1321105957031
212.1860852241516,308.29608154296875
212.23591589927673,308.7503967285156
212.285418510437,309.0870056152344
212.33529543876648,309.4850158691406
212.38513827323914,309.25921630859375
212.43535542488098,309.24169921875
212.4856424331665,309.3079833984375
212.53552556037903,309.4573974609375
212.5856590270996,309.8157043457031
212.63521766662598,310.0830993652344
212.68516087532043,310.53680419921875
212.73561763763428,310.9659118652344
212.78563809394836,311.349853515625
212.83557605743408,311.55828857421875
212.88562059402466,312.05316162109375
212.93527674674988,312.2018737792969
212.985285282135,312.18548583984375
213.0357313156128,312.36859130859375
213.085773229599,314.8830871582031
213.135249376297,314.8741760253906
213.1856095790863,314.9504089355469
213.2355604171753,314.85394287109375
213.28568935394287,314.655029296875
213.33535504341125,314.5565490722656
213.3857159614563,314.6360168457031
213.43548941612244,314.76263427734375
213.48518872261047,314.8280334472656
213.5352966785431,314.86572265625
213.58582019805908,315.0876159667969
213.63528966903687,315.24920654296875
213.68563270568848,315.2222595214844
213.7349877357483,315.0149230957031
213.7858009338379,314.93072509765625
213.83524584770203,314.9638366699219
213.88531732559204,314.8370361328125
213.9353108406067,314.7348937988281
213.9857714176178,314.8506164550781
214.0357632637024,315.0794982910156
214.08617568016052,315.1388854980469
214.1355447769165,315.0489807128906
214.18558382987976,314.91162109375
214.23528456687927,314.9036865234375
214.28597974777222,314.687744140625
214.33493494987488,314.36669921875
214.3856165409088,314.2017517089844
214.4352834224701,314.264404296875
214.48568272590637,314.269775390625
214.53531575202942,314.1711730957031
214.58603358268738,314.2384948730469
214.63490509986877,314.3736572265625
214.6856427192688,314.564453125
214.73527598381042,314.47052001953125
214.78606367111206,314.2756042480469
214.83565497398376,314.13720703125
214.8861484527588,314.1686096191406
214.93535161018372,314.0199279785156
214.98569130897522,313.75347900390625
215.03530550003052,313.5775146484375
215.0857391357422,313.4636535644531
215.13535237312317,313.35028076171875
215.1853392124176,313.11004638671875
215.23492574691772,312.8146667480469
215.28563690185547,312.8033142089844
215.33557772636414,312.70684814453125
215.3860731124878,312.52703857421875
215.4351634979248,312.37744140625
215.4856252670288,312.2278747558594
215.53536200523376,312.1179504394531
215.58595538139343,311.9876403808594
215.6354100704193,311.9330139160156
215.68556880950928,312.0166931152344
215.73528790473938,312.15386962890625
215.7861590385437,312.2265319824219
215.83523392677307,312.2760314941406
215.88575553894043,312.33392333984375
215.93568801879883,312.6448974609375
215.98579621315002,313.0647888183594
216.03533458709717,313.4879150390625
216.0859477519989,313.8540344238281
216.1352264881134,314.10760498046875
216.18620228767395,314.27349853515625
216.23520517349243,314.2489318847656
216.28582763671875,314.2682800292969
216.33571338653564,314.2997131347656
216.38562631607056,314.4853820800781
216.43523025512695,314.74908447265625
216.48596000671387,314.9217529296875
216.53525853157043,315.1310119628906
216.5856478214264,315.4984130859375
216.63528275489807,315.8051452636719
216.68527555465698,315.97967529296875
216.73489236831665,316.12200927734375
216.78533697128296,316.2585144042969
216.8352267742157,316.4408264160156
216.88532161712646,316.54150390625
216.93525171279907,316.7738952636719
216.9855399131775,316.9137268066406
217.03551650047302,317.04290771484375
217.08527779579163,317.35369873046875
217.13472986221313,317.6808776855469
217.18522953987122,318.07708740234375
217.23511457443237,318.4503479003906
217.28523111343384,318.62188720703125
217.33514070510864,318.6773376464844
217.38524079322815,318.6385498046875
217.43474221229553,318.6475830078125
217.4857301712036,318.83245849609375
217.5352590084076,318.76068115234375
217.58567333221436,318.70623779296875
217.63519930839539,318.6708984375
217.68528056144714,318.7074890136719
217.735506772995,318.7488708496094
217.78521251678467,318.7025146484375
217.83518266677856,318.682861328125
217.8852517604828,318.6907043457031
217.93520832061768,318.6754150390625
217.98530220985413,318.68096923828125
218.0352771282196,318.6613464355469
218.08452558517456,318.68231201171875
218.1347553730011,318.7769470214844
218.18556594848633,318.81524658203125
218.23518919944763,318.78033447265625
218.28573417663574,318.7649841308594
218.33517146110535,318.86077880859375
218.38571906089783,318.85003662109375
218.43515992164612,318.70947265625
218.48523235321045,318.7242736816406
218.5352063179016,318.9048767089844
218.5852448940277,319.0325622558594
218.63482308387756,319.064453125
218.68520879745483,319.0618591308594
218.73471450805664,319.0862731933594
218.78571033477783,319.0639953613281
218.83479952812195,318.9704284667969
218.88587760925293,318.8288269042969
218.93537068367004,318.7077331542969
218.98550748825073,318.5953063964844
219.0352544784546,318.4053039550781
219.08532333374023,318.1952209472656
219.13474202156067,318.1650695800781
219.1852023601532,318.2246398925781
219.23471546173096,318.20147705078125
219.2852520942688,318.0813903808594
219.33514499664307,318.0465393066406
219.385249376297,318.1178283691406
219.43512392044067,318.2406311035156
219.48521971702576,318.3667907714844
219.53508305549622,318.3789978027344
219.58517813682556,318.4433288574219
219.63511443138123,318.5287170410156
219.68527030944824,318.5535888671875
219.73525023460388,318.60137939453125
219.78521704673767,318.7840576171875
219.8352243900299,319.01580810546875
219.88559556007385,319.112060546875
219.9350709915161,319.0905456542969
219.98524165153503,319.052490234375
220.03519368171692,319.3012390136719
220.08550548553467,319.1569519042969
220.13503623008728,319.03619384765625
220.18534207344055,319.0914001464844
220.23550415039062,319.0335998535156
220.28522539138794,319.2038269042969
220.33475756645203,319.162841796875
220.3851969242096,319.1380310058594
220.43498301506042,319.3822326660156
220.4852650165558,319.6741027832031
220.535010099411,319.382568359375
220.58531641960144,319.7416076660156
220.63514924049377,319.6394958496094
220.6852147579193,319.30902099609375
220.73495721817017,318.9871520996094
220.7852602005005,318.7681579589844
220.83554339408875,318.931884765625
220.8852095603943,318.751708984375
220.9350368976593,318.32794189453125
220.98523998260498,318.3167724609375
221.03516006469727,318.3367919921875
221.0859727859497,318.6752624511719
221.1349971294403,318.552978515625
221.1851885318756,318.47076416015625
221.23506999015808,318.3155822753906
221.28518915176392,318.204345703125
221.33462238311768,317.8584899902344
221.38532757759094,317.7804260253906
221.43503141403198,317.4004211425781
221.4851779937744,317.62811279296875
221.53501653671265,317.44219970703125
221.5852494239807,317.35601806640625
221.63523364067078,317.4944763183594
221.68519234657288,317.40655517578125
221.73503160476685,317.4018859863281
221.78518104553223,317.18145751953125
221.83498549461365,316.969970703125
221.88513350486755,317.1036376953125
221.93459820747375,316.7621154785156
221.98522472381592,316.9909362792969
222.03509759902954,316.8573303222656
222.08561897277832,316.80712890625
222.13472890853882,316.6506042480469
222.1851191520691,316.7471008300781
222.23511028289795,316.9835510253906
222.2851746082306,317.2687072753906
222.33509826660156,317.5823974609375
222.38523054122925,317.62298583984375
222.43511390686035,317.8727722167969
222.48521780967712,317.8952941894531
222.53559255599976,318.0644836425781
222.58563375473022,317.9013671875
222.6347155570984,317.8814697265625
222.68514037132263,318.1328125
222.73438715934753,318.28070068359375
222.78515648841858,318.0272216796875
222.8347008228302,317.7602233886719
222.88520097732544,318.0169982910156
222.93461227416992,318.19195556640625
222.98515009880066,318.0755920410156
223.0349977016449,319.0605163574219
223.08514595031738,319.1982116699219
223.13496255874634,319.13385009765625
223.18525743484497,319.2324523925781
223.23508858680725,319.31201171875
223.2851152420044,319.40814208984375
223.33470058441162,319.4248046875
223.385023355484,319.3775634765625
223.43496823310852,319.28424072265625
223.4856472015381,319.1603088378906
223.53494381904602,318.84271240234375
223.5851354598999,318.5281677246094
223.63504195213318,318.4175720214844
223.68513870239258,318.7078552246094
223.73496913909912,319.2073669433594
223.7852132320404,319.22174072265625
223.83510446548462,318.8273010253906
223.88513922691345,318.7772216796875
223.93495988845825,319.4263000488281
223.98515033721924,319.5579833984375
224.0346019268036,319.3627624511719
224.08519649505615,318.9561462402344
224.1351420879364,318.6719055175781
224.1855435371399,318.6253967285156
224.23460340499878,318.5694580078125
224.2850775718689,318.5001220703125
224.33459782600403,318.366455078125
224.38525390625,318.6495666503906
224.4351122379303,318.41845703125
224.4851381778717,317.8027038574219
224.53506541252136,317.4775085449219
224.58525204658508,319.9662170410156
224.63499760627747,319.6250305175781
224.6855719089508,319.5374755859375
224.73475408554077,318.9745788574219
224.78519296646118,318.4549865722656
224.83508157730103,318.69818115234375
224.885511636734,318.71160888671875
224.93429350852966,318.5762023925781
224.98510265350342,318.5813903808594
225.03501915931702,318.6721496582031
225.08520483970642,318.5770263671875
225.13475108146667,318.3533020019531
225.18510746955872,318.3351745605469
225.23502731323242,318.51617431640625
225.2850935459137,318.5945739746094
225.33452677726746,318.5433349609375
225.3850977420807,318.5217590332031
225.43504810333252,318.63653564453125
225.48556208610535,318.7563171386719
225.5350227355957,318.76922607421875
225.58552622795105,318.57025146484375
225.63468146324158,318.337646484375
225.68513941764832,318.60858154296875
225.73499631881714,318.59722900390625
225.7852168083191,318.42730712890625
225.83513474464417,318.6612548828125
225.88510751724243,316.42803955078125
225.93507051467896,316.5231628417969
225.98509430885315,316.5930480957031
226.03466367721558,316.59820556640625
226.08509635925293,316.7032775878906
226.13503980636597,316.89434814453125
226.1851360797882,317.0305480957031
226.23493790626526,317.06243896484375
226.28550386428833,317.0546569824219
226.33536291122437,317.0258483886719
226.3851079940796,319.03656005859375
226.43511962890625,318.7927551269531
226.48509192466736,318.8364562988281
226.5349578857422,318.3433837890625
226.5850601196289,317.4223327636719
226.6349413394928,316.61322021484375
226.68510174751282,316.4449462890625
226.7348849773407,316.21881103515625
226.78486490249634,315.4454040527344
226.83436608314514,314.1323547363281
226.88485288619995,316.610107421875
226.9348020553589,318.011962890625
226.98488426208496,318.25164794921875
227.03500652313232,318.3214416503906
227.08537793159485,318.4094543457031
227.13474011421204,318.5447692871094
227.18534207344055,318.66082763671875
227.23483800888062,318.8689880371094
227.28486108779907,319.2635192871094
227.3347601890564,319.3818359375
227.384920835495,319.7309265136719
227.4345772266388,319.5423278808594
227.4848186969757,317.7562255859375
227.53478693962097,317.6275939941406
227.58525276184082,316.9606018066406
227.63475680351257,316.0903625488281
227.68520975112915,316.3005676269531
227.73477721214294,317.05255126953125
227.7847499847412,317.7138671875
227.83474278450012,318.133056640625
227.88473534584045,317.9329833984375
227.93450140953064,317.7398681640625
227.98520588874817,318.0260925292969
228.03424525260925,316.2041320800781
228.08473706245422,316.4004821777344
228.13474822044373,316.8620300292969
228.1852309703827,317.2169189453125
228.2346374988556,317.12689208984375
228.28470754623413,316.93865966796875
228.3343312740326,316.92388916015625
228.3845090866089,317.0670471191406
228.43470239639282,316.77447509765625
228.48526096343994,316.6570129394531
228.53435063362122,316.68280029296875
228.5851538181305,316.47906494140625
228.63479924201965,316.2508544921875
228.68485140800476,316.2557678222656
228.7347056865692,315.9676208496094
228.78478050231934,315.53131103515625
228.8346827030182,315.8288269042969
228.8849217891693,316.0965881347656
228.93475103378296,315.74462890625
228.9840624332428,315.18145751953125
229.03494119644165,314.9490051269531
229.08480429649353,314.8956298828125
229.13446521759033,315.2118225097656
229.18481612205505,317.3989562988281
229.23443579673767,317.247314453125
229.28448224067688,317.31549072265625
229.3348412513733,317.2240295410156
229.38468718528748,317.0389709472656
229.43419575691223,316.7485046386719
229.48490118980408,316.4659423828125
229.53441619873047,316.3696594238281
229.58483862876892,316.493408203125
229.63428568840027,316.46002197265625
229.68493223190308,316.43353271484375
229.7347536087036,316.5761413574219
229.784814119339,316.56890869140625
229.83440256118774,316.3951721191406
229.88481521606445,316.30780029296875
229.93444514274597,316.2663879394531
229.9847550392151,316.003173828125
230.03447580337524,315.64166259765625
230.08532810211182,315.1683044433594
230.1348180770874,314.9840393066406
230.18531847000122,314.7257385253906
230.2347218990326,314.4978942871094
230.28532195091248,314.11614990234375
230.33477759361267,313.8476257324219
230.38479900360107,313.487548828125
230.43479776382446,313.1575012207031
230.4849214553833,312.6523742675781
230.53434920310974,312.2246398925781
230.58512163162231,311.5257263183594
230.63474822044373,310.5514831542969
230.68467259407043,310.30224609375
230.73487663269043,310.5351257324219
230.78519463539124,310.1604309082031
230.83484888076782,310.1446838378906
230.88472056388855,310.5873107910156
230.93480682373047,311.1154479980469
230.9847595691681,311.5223693847656
231.03452396392822,311.8168640136719
231.0849678516388,312.12457275390625
231.13487124443054,312.3419494628906
231.1847813129425,311.81170654296875
231.23472571372986,311.1125793457031
231.28465032577515,311.1142883300781
231.33448004722595,311.14404296875
231.38479351997375,311.2863464355469
231.43440771102905,311.27569580078125
231.4848186969757,311.273193359375
231.53479409217834,311.199462890625
231.58472228050232,311.0665283203125
231.6347336769104,310.9985046386719
231.68486094474792,310.7557678222656
231.73474264144897,310.47662353515625
231.78481578826904,310.3616943359375
231.83434343338013,310.25750732421875
231.88474130630493,310.3128356933594
231.9344265460968,310.3614807128906
231.98480010032654,310.396484375
232.03433990478516,310.36968994140625
232.08473014831543,310.3759460449219
232.134215593338,310.5181579589844
232.18474745750427,310.75372314453125
232.2344102859497,311.0423583984375
232.28487920761108,311.4319763183594
232.33441758155823,311.5982971191406
232.3848533630371,311.92181396484375
232.43473196029663,312.4751892089844
232.48475074768066,312.7157287597656
232.5349349975586,312.7591552734375
232.58480739593506,312.7275695800781
232.63433027267456,312.7613830566406
232.6848967075348,313.009033203125
232.73475098609924,313.21435546875
232.78475069999695,313.3575134277344
232.83482599258423,313.5052795410156
232.88491439819336,313.7129821777344
232.9347128868103,314.08367919921875
232.9848005771637,314.244873046875
233.0347409248352,314.2372741699219
233.08475065231323,314.3468322753906
233.13471174240112,314.35565185546875
233.18526482582092,314.35174560546875
233.23430371284485,314.8634948730469
233.28478741645813,316.4246826171875
233.3339343070984,316.62457275390625
233.38473224639893,316.67620849609375
233.4344027042389,316.64056396484375
233.48481035232544,316.65838623046875
233.53441762924194,316.5955810546875
233.58479285240173,316.4842224121094
233.63434147834778,316.3583068847656
233.68472623825073,316.2208557128906
233.73470520973206,316.081787109375
233.78478980064392,315.9350280761719
233.83431887626648,315.76715087890625
233.88481307029724,315.301025390625
233.9343798160553,312.8194580078125
233.9848096370697,312.5232238769531
234.0344204902649,312.4167175292969
234.08479857444763,312.314208984375
234.13429641723633,312.33355712890625
234.1848247051239,312.4146423339844
234.23471927642822,312.4545593261719
234.28532481193542,312.4143371582031
234.33451342582703,312.39111328125
234.38505125045776,312.3171081542969
234.43434619903564,312.1310119628906
234.48477792739868,312.1679382324219
234.53432655334473,312.16009521484375
234.58474278450012,312.188232421875
234.63480377197266,312.19500732421875
234.68525981903076,312.12725830078125
234.734778881073,312.0506896972656
234.78479552268982,311.995849609375
234.83469462394714,311.9425048828125
234.8847644329071,311.79803466796875
234.9344437122345,311.6391296386719
234.9848074913025,311.5537109375
235.03442358970642,311.5628967285156
235.08488655090332,311.4610595703125
235.1347472667694,311.48681640625
235.18475079536438,311.4045104980469
235.23440051078796,310.66058349609375
235.28489112854004,309.88140869140625
235.3347144126892,309.7111511230469
235.38486099243164,309.8212890625
235.43427920341492,309.8346862792969
235.48444485664368,310.02484130859375
235.53445315361023,310.3219299316406
235.58470559120178,310.64666748046875
235.6343207359314,310.93206787109375
235.6847972869873,311.0894775390625
235.7346658706665,311.2884826660156
235.78490257263184,311.55853271484375
235.83481454849243,311.67327880859375
235.8847393989563,311.5567626953125
235.93453693389893,311.3353576660156
235.98479628562927,311.2147216796875
236.03427958488464,311.0132141113281
236.08477926254272,310.7373352050781
236.13480973243713,310.5269775390625
236.1847095489502,310.5287170410156
236.23421359062195,310.6570739746094
236.28471517562866,310.6177978515625
236.33490991592407,310.5277099609375
236.3847644329071,310.4597473144531
236.43422722816467,310.4890441894531
236.48470306396484,310.5041809082031
236.53462195396423,310.40863037109375
236.58471417427063,310.27569580078125
236.6342191696167,310.13824462890625
236.68469738960266,310.0298156738281
236.73445439338684,309.8597106933594
236.78470253944397,309.61920166015625
236.834618806839,309.41473388671875
236.88444066047668,309.1915588378906
236.93447709083557,308.84869384765625
236.9846670627594,308.5301818847656
237.03431248664856,308.30975341796875
237.08471155166626,308.1661682128906
237.13428449630737,308.14971923828125
237.18498063087463,305.9710388183594
237.23429012298584,305.4299621582031
237.2846577167511,305.3255920410156
237.33432865142822,305.2242431640625
237.38471364974976,305.2417907714844
237.43459796905518,305.1264953613281
237.48441100120544,304.95916748046875
237.53454995155334,304.7380676269531
237.5846827030182,304.494384765625
237.63421607017517,304.25506591796875
237.68470931053162,304.10577392578125
237.73451280593872,303.9732360839844
237.7847068309784,303.8525085449219
237.83469200134277,303.65020751953125
237.88474535942078,303.45953369140625
237.93423509597778,303.3089294433594
237.98458814620972,303.203369140625
238.0343713760376,302.9508056640625
238.08468651771545,302.67279052734375
238.13418054580688,302.5898742675781
238.18473529815674,302.8639221191406
238.23471093177795,303.2821960449219
238.2849404811859,303.53582763671875
238.33462643623352,303.72662353515625
238.3847074508667,304.0055236816406
238.43467235565186,304.3091735839844
238.4846851825714,304.49249267578125
238.53471612930298,304.604736328125
238.58331990242004,304.7533264160156
238.63460063934326,304.9350891113281
238.68468379974365,305.1366271972656
238.73432993888855,305.2673645019531
238.78525686264038,305.4171142578125
238.83465957641602,305.612060546875
238.88468289375305,305.91607666015625
238.93420386314392,306.3304443359375
238.98470044136047,308.888427734375
239.03470158576965,308.8133544921875
239.08471632003784,308.8309631347656
239.134614944458,308.5284423828125
239.18469285964966,308.5387268066406
239.23403930664062,308.80279541015625
239.2847032546997,308.98956298828125
239.33468174934387,309.2345275878906
239.38512682914734,309.7138977050781
239.4346058368683,309.8349609375
239.4850149154663,309.7911071777344
239.5344409942627,309.9083251953125
239.5846848487854,309.8897705078125
239.63428902626038,309.70526123046875
239.68437790870667,309.71600341796875
239.73415660858154,309.9420471191406
239.78308367729187,310.0540466308594
239.83486771583557,310.028076171875
239.884783744812,309.8735046386719
239.9342634677887,309.6238708496094
239.98425221443176,309.4674377441406
240.0347137451172,309.2409973144531
240.084796667099,308.7314758300781
240.13471484184265,308.2333679199219
240.18474555015564,308.01861572265625
240.23471426963806,307.8182373046875
240.28419160842896,307.5440979003906
240.33475637435913,307.28717041015625
240.38463973999023,307.06182861328125
240.43474078178406,306.7723388671875
240.4849832057953,306.3515930175781
240.53476524353027,306.14544677734375
240.58473420143127,306.321044921875
240.63477563858032,306.5135498046875
240.68493700027466,306.61419677734375
240.73463344573975,306.7013854980469
240.78465056419373,306.7343444824219
240.8351447582245,306.6766662597656
240.8847517967224,306.485595703125
240.93475246429443,306.49951171875
240.9847514629364,307.25860595703125
241.03517532348633,308.43170166015625
241.08471369743347,308.5535888671875
241.134624004364,308.7236633300781
241.18412590026855,308.7045593261719
241.23493814468384,308.78314208984375
241.28476762771606,308.8825988769531
241.33470392227173,308.9477844238281
241.3845398426056,309.1803894042969
241.43465924263,309.24517822265625
241.4841229915619,309.3678283691406
241.53479623794556,309.718994140625
241.58467316627502,309.9505615234375
241.634663105011,310.01922607421875
241.68462681770325,310.4785461425781
241.73504281044006,311.0601501464844
241.78451561927795,311.4844055175781
241.8346312046051,312.0755920410156
241.88433933258057,313.1351013183594
241.93464708328247,313.49127197265625
241.98462533950806,313.9634094238281
242.03467440605164,314.2937316894531
242.0842366218567,314.43634033203125
242.13461709022522,314.97320556640625
242.18454217910767,316.2445068359375
242.23460459709167,316.7083740234375
242.28458762168884,316.56353759765625
242.33461356163025,316.6283874511719
242.38421177864075,316.3036193847656
242.43461394309998,315.81048583984375
242.4845793247223,315.4293518066406
242.53462529182434,314.1482849121094
242.58487963676453,313.71539306640625
242.63467240333557,313.1341857910156
242.6843457221985,312.52471923828125
242.7346489429474,312.55279541015625
242.78455138206482,312.78778076171875
242.8346290588379,313.07373046875
242.88438534736633,312.9863586425781
242.9347367286682,312.9654235839844
242.98469424247742,312.6167907714844
243.03467321395874,311.9621887207031
243.08450055122375,311.6568908691406
243.13465762138367,311.6587829589844
243.18471455574036,311.7141418457031
243.23472952842712,311.7238464355469
243.2846643924713,311.94915771484375
243.33467817306519,312.000732421875
243.3845455646515,312.0670166015625
243.43465948104858,312.13067626953125
243.48458909988403,311.98284912109375
243.53466963768005,312.9111022949219
243.58456945419312,313.16107177734375
243.634605884552,313.0542297363281
243.68411350250244,312.864501953125
243.7351472377777,312.9195251464844
243.7846519947052,313.01043701171875
243.83471202850342,312.90386962890625
243.8845341205597,312.7994384765625
243.93464374542236,312.65130615234375
243.98417854309082,312.4273986816406
244.03459858894348,312.3408508300781
244.0845856666565,312.2661437988281
244.1346983909607,312.2482604980469
244.18463039398193,312.3597717285156
244.23468208312988,312.5559997558594
244.2846119403839,312.6561584472656
244.33470392227173,312.59869384765625
244.38427472114563,312.61029052734375
244.43428492546082,312.6044616699219
244.48500180244446,312.640869140625
244.53525495529175,312.71099853515625
244.58495473861694,312.6246032714844
244.6347212791443,312.61627197265625
244.68465495109558,312.7353515625
244.7346911430359,312.8681640625
244.78473567962646,312.974365234375
244.83482766151428,313.0566101074219
244.88467001914978,313.1036376953125
244.93470406532288,313.1581115722656
244.98390436172485,313.2529296875
245.03421020507812,313.1912841796875
245.08472228050232,310.8523254394531
245.13461542129517,310.90777587890625
245.18468403816223,310.7639465332031
245.23471117019653,310.7095031738281
245.28418159484863,310.76031494140625
245.33427500724792,310.7684631347656
245.38414669036865,310.65386962890625
245.43478345870972,310.5486145019531
245.4843888282776,310.566162109375
245.5352554321289,310.48187255859375
245.58399724960327,310.5270080566406
245.63456511497498,310.5823059082031
245.68353056907654,310.49298095703125
245.7347023487091,310.4378967285156
245.7842128276825,310.3006286621094
245.83459877967834,310.23114013671875
245.88393354415894,310.2384948730469
245.9345896244049,310.1197204589844
245.98424792289734,309.9051818847656
246.03462171554565,310.0196838378906
246.0842273235321,309.9359436035156
246.13375663757324,309.229248046875
246.18354272842407,309.1620788574219
246.23457741737366,309.2070007324219
246.28419256210327,309.90081787109375
246.33470273017883,310.2969055175781
246.38402318954468,310.7961730957031
246.43474626541138,311.43499755859375
246.48352456092834,312.8408203125
246.53419613838196,314.3361511230469
246.58424353599548,315.7753601074219
246.63480162620544,318.8544921875
246.68470335006714,321.9393310546875
246.7346329689026,321.72149658203125
246.78392815589905,322.1928405761719
246.83435678482056,322.77020263671875
246.88386154174805,323.4888610839844
246.93469166755676,326.3954162597656
246.98418760299683,326.243408203125
247.0346884727478,326.4136047363281
247.08356046676636,324.3600769042969
247.13456892967224,325.3860168457031
247.18378591537476,325.4247131347656
247.23472929000854,324.37396240234375
247.28434586524963,324.5440979003906
247.33468437194824,324.9264221191406
247.38386249542236,324.6217346191406
247.43424916267395,324.8697509765625
247.48359322547913,324.7359619140625
247.5346658229828,324.28289794921875
247.5841794013977,324.32366943359375
247.6347358226776,324.31854248046875
247.68379521369934,323.8934631347656
247.73435020446777,323.9666442871094
247.7842047214508,324.49176025390625
247.834317445755,323.24737548828125
247.8840048313141,322.82525634765625
247.93392944335938,324.2745666503906
247.98423075675964,323.4942932128906
248.03458380699158,324.5452575683594
248.08416938781738,323.8359069824219
248.1346664428711,322.61199951171875
248.184002161026,319.8230285644531
248.23432564735413,318.525146484375
248.28434658050537,318.3341064453125
248.3347029685974,318.812255859375
248.3846559524536,320.0464782714844
248.43470978736877,321.4359130859375
248.48400044441223,321.5328369140625
248.5346474647522,321.61767578125
248.58454155921936,321.5140380859375
248.63457894325256,321.365966796875
248.68391823768616,321.3275451660156
248.73498821258545,321.26708984375
248.7839868068695,320.79876708984375
248.83431911468506,320.343505859375
248.8845019340515,319.934814453125
248.93457555770874,319.56500244140625
248.9844105243683,319.2229309082031
249.03462195396423,317.97412109375
249.08420705795288,317.2784729003906
249.13461899757385,317.18865966796875
249.18396091461182,317.049072265625
249.23427891731262,316.79718017578125
249.28431582450867,316.33416748046875
249.3342900276184,319.2423095703125
249.38426303863525,318.3018798828125
249.43460321426392,317.7297058105469
249.4842882156372,317.4708251953125
249.53418922424316,317.0285949707031
249.58433437347412,318.207275390625
249.63464212417603,317.65625
249.68443274497986,317.6797180175781
249.7343430519104,318.1173400878906
249.78425908088684,318.4224548339844
249.83469319343567,317.643798828125
249.88364028930664,316.48724365234375
249.9346363544464,315.4508972167969
249.98404955863953,314.6734313964844
250.03463292121887,314.2791442871094
250.08393359184265,313.934814453125
250.13426733016968,313.5381164550781
250.18396949768066,313.1802978515625
250.23484420776367,312.8648376464844
250.2842881679535,312.5405578613281
250.33508467674255,312.2747497558594
250.38399600982666,311.9822082519531
250.43434858322144,311.7306213378906
250.4842221736908,311.540771484375
250.53467512130737,311.4216613769531
250.58427715301514,311.4524230957031
250.6343355178833,311.44757080078125
250.68397641181946,311.68035888671875
250.73504614830017,311.79937744140625
250.78406047821045,311.9107971191406
250.83464312553406,312.0780334472656
250.88447451591492,312.3569030761719
250.93433451652527,312.6552734375
250.98449087142944,312.8835754394531
251.03465056419373,313.0265197753906
251.08421540260315,313.1746520996094
251.13479924201965,313.2693786621094
251.1842806339264,313.2636413574219
251.2345907688141,313.3312072753906
251.28427910804749,313.5301513671875
251.33463621139526,313.30694580078125
251.38462471961975,312.80584716796875
251.43465518951416,312.3921203613281
251.48428583145142,311.7586975097656
251.5346176624298,311.6488037109375
251.5845284461975,311.55718994140625
251.63462901115417,311.4561767578125
251.68442630767822,311.41015625
251.7346155643463,311.441162109375
251.78428888320923,311.5302429199219
251.83458828926086,311.5719299316406
251.88392424583435,311.7483215332031
251.93422961235046,311.9230651855469
251.98389172554016,312.0046081542969
252.03432893753052,311.99029541015625
252.08421182632446,311.97412109375
252.13456773757935,311.9578857421875
252.18419575691223,311.94561767578125
252.2342598438263,311.9444885253906
252.28375506401062,312.0591735839844
252.3350706100464,312.32940673828125
252.3841187953949,312.6947021484375
252.43427228927612,313.1595764160156
252.4837920665741,313.4610900878906
252.53424429893494,313.5791015625
252.58413100242615,313.52716064453125
252.63425850868225,313.4355773925781
252.68458795547485,313.47991943359375
252.7343249320984,313.3456115722656
252.7839334011078,312.9736022949219
252.83423900604248,312.4179992675781
252.88371634483337,311.6195068359375
252.93468809127808,310.5173034667969
252.98421049118042,308.99920654296875
253.03280544281006,308.27325439453125
253.08418655395508,307.4328918457031
253.13477540016174,306.97509765625
253.18408226966858,306.5177001953125
253.23427152633667,306.4151916503906
253.28411102294922,306.3981628417969
253.33424472808838,306.2491455078125
253.3838987350464,305.934814453125
253.4345245361328,305.95263671875
253.48405599594116,306.0828552246094
253.53423237800598,306.36090087890625
253.5841042995453,306.7940368652344
253.63319373130798,307.1026306152344
253.68415021896362,307.2772521972656
253.7328658103943,307.4826965332031
253.784188747406,307.8215026855469
253.83409142494202,308.1403503417969
253.88422799110413,308.41796875
253.93414521217346,308.6307373046875
253.98421430587769,308.75946044921875
254.03391075134277,308.8462219238281
254.0841944217682,308.9051818847656
254.13379859924316,308.7899475097656
254.18435287475586,307.0653381347656
254.23375415802002,306.8069763183594
254.2842309474945,306.4326477050781
254.3332691192627,306.2085266113281
254.38427639007568,305.9942321777344
254.4341275691986,306.0355529785156
254.48420071601868,306.0736999511719
254.53379154205322,306.0078125
254.58420538902283,306.00189208984375
254.63407039642334,305.9419860839844
254.6842179298401,305.801513671875
254.73414134979248,305.600830078125
254.78422570228577,303.264892578125
254.8341109752655,303.2271728515625
254.88420867919922,303.4000244140625
254.93372678756714,303.4602355957031
254.98420357704163,303.427978515625
255.0337245464325,303.54718017578125
255.08426547050476,303.5862731933594
255.1337833404541,303.4872741699219
255.18425369262695,303.45648193359375
255.23371052742004,302.8549499511719
255.28420114517212,302.2397155761719
255.33409976959229,301.41680908203125
255.38469052314758,301.0739440917969
255.4338731765747,299.861328125
255.48423075675964,299.0796813964844
255.53409695625305,298.45904541015625
255.58470249176025,297.8634338378906
255.63403034210205,297.4173583984375
255.6842405796051,296.99078369140625
255.73417615890503,296.4191589355469
255.78419065475464,294.69158935546875
255.83412647247314,293.8153991699219
255.88417983055115,293.6754150390625
255.9341402053833,293.6354675292969
255.98419094085693,293.705322265625
256.03408670425415,293.8640441894531
256.0842297077179,293.9650573730469
256.1336843967438,294.2147216796875
256.18426299095154,294.4631042480469
256.2341434955597,294.2480773925781
256.2847030162811,293.9134521484375
256.3335671424866,293.73297119140625
256.3842132091522,293.66802978515625
256.43409752845764,293.3327331542969
256.4842402935028,292.7606201171875
256.5340747833252,292.05169677734375
256.5841808319092,291.8150939941406
256.63372230529785,291.3945007324219
256.6838572025299,288.5726318359375
256.7336416244507,290.53778076171875
256.7842528820038,290.7254638671875
256.83394956588745,290.79345703125
256.8841836452484,292.0544128417969
256.93364214897156,292.4765319824219
256.9842278957367,292.42523193359375
257.03401136398315,292.47894287109375
257.0841679573059,292.62554931640625
257.1341097354889,292.52685546875
257.1842248439789,293.3167724609375
257.2335031032562,293.61944580078125
257.2840678691864,293.20758056640625
257.33414816856384,291.87884521484375
257.38425517082214,291.9124450683594
257.43413257598877,291.8752136230469
257.48475456237793,292.2032775878906
257.53401923179626,290.7130126953125
257.5841438770294,291.05035400390625
257.6337308883667,290.4858703613281
257.68415355682373,288.7538146972656
257.73365807533264,286.90411376953125
257.7838382720947,286.8729248046875
257.8340892791748,286.060546875
257.8840215206146,286.71783447265625
257.93376088142395,286.7904968261719
257.9841547012329,287.4389953613281
258.0337815284729,286.98028564453125
258.0842339992523,287.7022399902344
258.1333758831024,288.1546936035156
258.1841287612915,287.9522399902344
258.233699798584,286.8975524902344
258.2841417789459,286.2059631347656
258.33414340019226,286.9500732421875
258.3841977119446,287.0273132324219
258.4341082572937,286.250732421875
258.48410868644714,286.998291015625
258.5337498188019,286.0552673339844
258.5842168331146,287.3793029785156
258.63398838043213,288.3049621582031
258.6841821670532,286.4825744628906
258.73378682136536,289.03955078125
258.7839848995209,287.2900085449219
258.8336863517761,286.051513671875
258.88413763046265,288.5146179199219
258.93366169929504,288.3810119628906
258.98376059532166,289.6097412109375
259.0333981513977,289.5062255859375
259.0840630531311,291.9684143066406
259.13412261009216,293.7559814453125
259.18410658836365,293.7667236328125
259.23382019996643,294.112548828125
259.2842607498169,294.04974365234375
259.3336865901947,293.9348449707031
259.3840491771698,295.0922546386719
259.4335262775421,294.6969299316406
259.4842019081116,297.11871337890625
259.53360176086426,296.5679626464844
259.5841386318207,295.33917236328125
259.63343572616577,294.65704345703125
259.6845636367798,291.9544677734375
259.73363852500916,289.5018310546875
259.78417801856995,288.1707458496094
259.8333284854889,289.5201721191406
259.884104013443,289.4048767089844
259.93342757225037,288.7677917480469
259.98403882980347,288.7258605957031
260.0336685180664,288.634765625
260.083988904953,288.450439453125
260.13340950012207,288.43988037109375
260.1840760707855,288.630126953125
260.2340977191925,287.9173889160156
260.2841329574585,287.5343933105469
260.334016084671,288.00750732421875
260.3840696811676,288.1092224121094
260.4333279132843,287.8662414550781
260.48379588127136,287.8138427734375
260.53362798690796,288.6860656738281
260.58405661582947,290.0141296386719
260.633939743042,292.9002380371094
260.6837637424469,290.3009948730469
260.7333736419678,289.9708251953125
260.7840926647186,288.8033142089844
260.8334650993347,288.0282897949219
260.8841881752014,285.4102478027344
260.9333972930908,287.88116455078125
260.9841947555542,287.9350891113281
261.033593416214,287.1114501953125
261.0840907096863,289.7317199707031
261.13339591026306,286.9981689453125
261.1841163635254,287.18914794921875
261.233882188797,287.29864501953125
261.2840919494629,286.6052551269531
261.3339147567749,286.2275085449219
261.38435554504395,286.9924011230469
261.4336314201355,288.17974853515625
261.48411226272583,288.1456604003906
261.5335886478424,287.5403747558594
261.5841062068939,287.4280700683594
261.63359808921814,287.0897521972656
261.68412470817566,287.6046142578125
261.7334039211273,287.8538513183594
261.78409361839294,288.44989013671875
261.8340218067169,289.5666198730469
261.8840560913086,289.7261047363281
261.93358635902405,288.5575866699219
261.9843428134918,290.3428649902344
262.0333631038666,292.57171630859375
262.08408761024475,290.0852966308594
262.13355803489685,290.1376953125
262.18432354927063,288.0602111816406
262.2333073616028,288.39300537109375
262.2838227748871,289.4609375
262.33348655700684,287.3184509277344
262.3840847015381,287.892822265625
262.4337384700775,288.6821594238281
262.48384046554565,288.26654052734375
262.53378224372864,288.1004333496094
262.5842571258545,288.1002502441406
262.6337652206421,287.5879821777344
262.68392515182495,287.98175048828125
262.73338651657104,288.7353515625
262.78428840637207,287.8794250488281
262.83387756347656,288.0910339355469
262.88385796546936,287.8117370605469
262.9334878921509,287.71868896484375
262.98387837409973,287.96356201171875
263.0337643623352,288.4901428222656
263.08383798599243,288.34954833984375
263.13332533836365,288.5355529785156
263.1838629245758,288.34783935546875
263.23365664482117,288.708251953125
263.2843894958496,288.84906005859375
263.3339960575104,288.4828186035156
263.38411140441895,287.6925354003906
263.43396854400635,287.81854248046875
263.48405599594116,287.9784240722656
263.5335054397583,287.8804626464844
263.58384895324707,287.3053283691406
263.63365626335144,287.68798828125
263.6838400363922,287.55474853515625
263.73343539237976,289.0297546386719
263.7838592529297,288.9560546875
263.8337619304657,288.6577453613281
263.88374519348145,289.1517028808594
263.93391275405884,291.1893005371094
263.9838168621063,293.87530517578125
264.033766746521,293.7701416015625
264.08382773399353,293.8985290527344
264.13380551338196,293.79852294921875
264.183331489563,293.3739318847656
264.23375248908997,292.8414001464844
264.28375911712646,291.42401123046875
264.33365416526794,289.90863037109375
264.3836770057678,291.27313232421875
264.43351435661316,291.84527587890625
264.4841914176941,292.08258056640625
264.5339426994324,292.2964172363281
264.5837564468384,292.5174560546875
264.6337585449219,292.8360595703125
264.6837556362152,293.6299743652344
264.73379731178284,294.4510192871094
264.7839517593384,295.11553955078125
264.83380651474,295.579345703125
264.8837220668793,295.451171875
264.933718919754,295.2929992675781
264.9837455749512,292.580322265625
265.03344678878784,292.3229675292969
265.0838551521301,292.1918640136719
265.13386368751526,292.1907653808594
265.18370747566223,292.1768798828125
265.23378324508667,291.92529296875
265.2837417125702,291.9330139160156
265.33379197120667,291.99957275390625
265.38378834724426,292.2708740234375
265.4333519935608,290.762451171875
265.48378133773804,289.930419921875
265.5337347984314,289.9306945800781
265.58381628990173,290.06719970703125
265.6336839199066,290.2123107910156
265.68384289741516,290.3675842285156
265.7336280345917,290.6167297363281
265.7836892604828,290.853515625
265.83330273628235,290.9164733886719
265.8837254047394,291.0887451171875
265.9332277774811,292.1734924316406
265.98358154296875,293.69757080078125
266.03369212150574,294.2257080078125
266.083740234375,294.5668640136719
266.13335847854614,294.6882019042969
266.1839668750763,294.871826171875
266.2339518070221,294.9876708984375
266.283709526062,295.10809326171875
266.3335814476013,295.60540771484375
266.3837642669678,295.8646545410156
266.4336676597595,295.894775390625
266.483763217926,295.8537292480469
266.53360986709595,295.7716064453125
266.5837502479553,295.631103515625
266.6335608959198,295.3307189941406
266.6837239265442,295.4243469238281
266.73370885849,295.52325439453125
266.78371024131775,295.49908447265625
266.83377289772034,295.4727783203125
266.88370299339294,295.5028381347656
266.93379640579224,295.5654602050781
266.9837374687195,295.6048889160156
267.03336095809937,295.6369934082031
267.08422207832336,295.673828125
267.1336085796356,296.2502746582031
267.18369245529175,296.0831298828125
267.23358702659607,295.8746337890625
267.2836854457855,295.78729248046875
267.33329796791077,295.5387268066406
267.3837490081787,295.1750793457031
267.4332845211029,294.8825988769531
267.4842140674591,294.8691101074219
267.5333924293518,294.85321044921875
267.5837082862854,294.7986145019531
267.633757352829,294.6442565917969
267.6837522983551,294.4446105957031
267.7337074279785,294.3172302246094
267.7837381362915,294.1750183105469
267.8333764076233,293.9714660644531
267.8839509487152,290.9165344238281
267.9337031841278,290.7242431640625
267.983731508255,290.60687255859375
268.0336585044861,290.5508728027344
268.0837709903717,290.54119873046875
268.1336200237274,290.6990661621094
268.1836926937103,290.8053283691406
268.2336223125458,290.774169921875
268.2836148738861,290.81280517578125
268.3337724208832,290.8766784667969
268.38414573669434,291.1924133300781
268.43374967575073,291.5693664550781
268.4837341308594,291.3738708496094
268.5336422920227,290.95330810546875
268.58362650871277,290.890380859375
268.633309841156,290.69427490234375
268.6837251186371,289.8952331542969
268.7336256504059,289.3737487792969
268.78420186042786,289.2304992675781
268.8337380886078,289.1238708496094
268.8837220668793,288.8711853027344
268.9336807727814,288.65350341796875
268.98371386528015,288.55853271484375
269.03364157676697,288.39208984375
269.08097648620605,288.1584777832031
269.13379073143005,288.0815734863281
269.1837146282196,288.032958984375
269.2336645126343,288.0619201660156
269.28362703323364,288.1061706542969
269.3336727619171,288.34576416015625
269.38371205329895,288.4526672363281
269.43329906463623,288.44580078125
269.4837291240692,288.4782409667969
269.5336673259735,288.5567626953125
269.5837633609772,288.7002868652344
269.63370418548584,288.8109130859375
269.6834018230438,288.8368835449219
269.7333128452301,288.73944091796875
269.7836534976959,288.57049560546875
269.83377265930176,288.7014465332031
269.8837192058563,288.70245361328125
269.93337631225586,288.3702697753906
269.98375153541565,288.0058898925781
270.0333294868469,289.7712097167969
270.0837378501892,289.9415588378906
270.1338093280792,289.6850280761719
270.18369722366333,289.55126953125
270.23362851142883,289.4606018066406
270.2837326526642,289.2967529296875
270.33370447158813,289.5587463378906
270.3836953639984,290.0061950683594
270.4337284564972,290.21380615234375
270.48367500305176,290.31634521484375
270.5337972640991,290.0953674316406
270.5837707519531,288.91851806640625
270.6336495876312,289.2252197265625
270.6837043762207,289.5384521484375
270.7337155342102,289.75482177734375
270.78368496894836,290.0479431152344
270.8336880207062,290.153076171875
270.8837332725525,290.08184814453125
270.9333379268646,289.6013488769531
270.9836709499359,289.2209167480469
271.0337302684784,289.2054443359375
271.0837092399597,289.1524963378906
271.1337003707886,289.06817626953125
271.18370723724365,289.3257141113281
271.2329430580139,289.53680419921875
271.28376507759094,289.743896484375
271.3336889743805,289.69476318359375
271.3836967945099,289.4917907714844
271.43379640579224,289.47406005859375
271.4842348098755,289.3733215332031
271.53373622894287,289.16021728515625
271.58369302749634,288.9941101074219
271.63346552848816,288.9440002441406
271.6841309070587,290.7340087890625
271.73362588882446,291.2828369140625
271.784122467041,291.5327453613281
271.83367252349854,291.6380920410156
271.88366961479187,291.68096923828125
271.9331648349762,291.7131652832031
271.9837040901184,291.8197021484375
272.0341715812683,291.7503967285156
272.0842504501343,291.7904052734375
272.1338448524475,292.0130615234375
272.1841959953308,292.0798645019531
272.2335193157196,292.1800537109375
272.28362560272217,292.61370849609375
272.3337001800537,293.22930908203125
272.3840980529785,294.150146484375
272.4337782859802,295.38092041015625
272.48362016677856,295.9624938964844
272.533673286438,296.1795959472656
272.58361077308655,296.2595520019531
272.6335289478302,296.2166748046875
272.68373942375183,296.0066833496094
272.73360776901245,295.79217529296875
272.78407287597656,295.6626281738281
272.8335156440735,295.6850280761719
272.88363337516785,295.724365234375
272.9336109161377,295.6983947753906
272.98360109329224,295.5125732421875
273.03353452682495,293.5966491699219
273.0836327075958,293.0685729980469
273.1335463523865,292.9517822265625
273.18437361717224,293.02154541015625
273.2335960865021,293.275146484375
273.28398537635803,293.6117858886719
273.33361172676086,296.6623229980469
273.3836131095886,297.0293273925781
273.433620929718,297.26275634765625
273.48362255096436,297.2757568359375
273.5333249568939,297.0530700683594
273.58362197875977,296.5633544921875
273.633150100708,295.9380798339844
273.6835813522339,295.880859375
273.7332351207733,295.898681640625
273.78329634666443,295.8189392089844
273.8331949710846,295.78466796875
273.8836419582367,295.8398742675781
273.933132648468,295.97723388671875
273.98354053497314,295.9203796386719
274.0332028865814,295.8092041015625
274.0835757255554,295.9146728515625
274.1334972381592,296.03350830078125
274.1836154460907,296.0291748046875
274.2332327365875,295.93170166015625
274.2840781211853,295.8613586425781
274.3336274623871,295.7024230957031
274.3835868835449,295.55426025390625
274.4336576461792,295.5076599121094
274.4836027622223,295.4232177734375
274.5332305431366,295.4897766113281
274.5836522579193,295.5547790527344
274.6335732936859,295.5286560058594
274.68369722366333,295.4786376953125
274.733366727829,295.55609130859375
274.78360176086426,295.59832763671875
274.8333315849304,295.568115234375
274.88450026512146,295.6200866699219
274.9335401058197,295.70269775390625
274.9837238788605,296.7840576171875
275.033278465271,297.6455078125
275.083687543869,297.57171630859375
275.13365054130554,297.4683837890625
275.18372988700867,297.4515380859375
275.2335271835327,297.353759765625
275.2835896015167,297.2039489746094
275.3335907459259,297.0673522949219
275.3838872909546,297.0710754394531
275.4331648349762,299.06201171875
275.48328709602356,299.4875793457031
275.5336413383484,299.4329528808594
275.58413338661194,299.61077880859375
275.63346242904663,299.7404479980469
275.68364810943604,299.8039855957031
275.73358130455017,299.908203125
275.78357577323914,299.9847106933594
275.833607673645,300.2113342285156
275.8836109638214,300.51226806640625
275.93323588371277,300.7611389160156
275.98362612724304,300.7850036621094
276.033531665802,301.5129089355469
276.0836935043335,301.93267822265625
276.13326120376587,301.8444519042969
276.18362951278687,301.3238220214844
276.2336103916168,300.3903503417969
276.28373193740845,300.63690185546875
276.33369851112366,301.4776306152344
276.3836500644684,301.61407470703125
276.43368101119995,301.35369873046875
276.48362612724304,301.2594909667969
276.5335156917572,301.3986511230469
276.58359146118164,301.36968994140625
276.6335070133209,300.9894104003906
276.6836314201355,300.25543212890625
276.7336423397064,298.8902282714844
276.783531665802,297.5365295410156
276.8332006931305,297.25360107421875
276.8836634159088,297.0684509277344
276.9336290359497,297.0384216308594
276.98414635658264,296.9627990722656
277.03370118141174,296.8381652832031
277.0837743282318,296.90216064453125
277.13371539115906,296.9954528808594
277.1842312812805,296.9941711425781
277.2337806224823,296.9696044921875
277.2837083339691,297.10296630859375
277.3337800502777,297.2522888183594
277.3837776184082,297.1672668457031
277.4331910610199,297.27471923828125
277.4837009906769,297.1044921875
277.5333802700043,296.77325439453125
277.5837426185608,296.4437255859375
277.63324427604675,296.1769714355469
277.683997631073,295.9040222167969
277.7333674430847,296.3181457519531
277.78352212905884,296.314697265625
277.83361744880676,296.2723083496094
277.8836395740509,296.29656982421875
277.9333424568176,296.3695373535156
277.983717918396,296.3986511230469
278.0337097644806,296.49853515625
278.08406496047974,296.41754150390625
278.13363885879517,296.0484924316406
278.18364334106445,295.74853515625
278.2334508895874,295.59381103515625
278.28377318382263,295.34674072265625
278.33369493484497,295.0353698730469
278.3837285041809,297.7844543457031
278.4333395957947,297.4145202636719
278.48379349708557,297.3919372558594
278.53332114219666,297.2193908691406
278.58374309539795,297.105712890625
278.63323974609375,297.13726806640625
278.6837010383606,297.1054992675781
278.7335457801819,296.8255615234375
278.7836883068085,296.54296875
278.833713054657,296.57794189453125
278.88373255729675,296.7701721191406
278.9332332611084,296.8817443847656
278.9837384223938,296.92364501953125
279.03364968299866,297.6928405761719
279.0842282772064,298.4714660644531
279.13372325897217,298.5613098144531
279.1836361885071,298.7392578125
279.2337050437927,298.6180419921875
279.283753156662,298.1589050292969
279.33364820480347,297.60955810546875
279.383597612381,297.3841247558594
279.43362188339233,297.3424072265625
279.4838025569916,297.3502502441406
279.5336124897003,297.2799987792969
279.5836110115051,297.15179443359375
279.6332194805145,297.0527648925781
279.6836926937103,297.0425109863281
279.7333767414093,296.9881286621094
279.78358030319214,297.08404541015625
279.8334095478058,297.2779846191406
279.8835988044739,297.4747314453125
279.9343194961548,297.49176025390625
279.98374009132385,297.2910461425781
280.0336549282074,296.9393005371094
280.08329916000366,296.4514465332031
280.1336600780487,296.1492919921875
280.1836292743683,296.0362854003906
280.2335157394409,296.11236572265625
280.283433675766,296.27301025390625
280.33358931541443,296.441162109375
280.38325595855713,296.71380615234375
280.4332547187805,296.7887878417969
280.48362731933594,296.7606201171875
280.53366136550903,296.7037658691406
280.5832579135895,296.6797790527344
280.6330704689026,296.6711120605469
280.68360662460327,296.7282409667969
280.73312282562256,296.527099609375
280.7836084365845,295.968505859375
280.83362317085266,294.99090576171875
280.88360023498535,294.7082214355469
280.93289613723755,294.6584167480469
280.98335695266724,294.609619140625
281.03314876556396,294.5074157714844
281.0838842391968,294.033447265625
281.1332485675812,293.9895324707031
281.183917760849,294.2814025878906
281.23318815231323,294.7491455078125
281.28325057029724,294.9584045410156
281.3336408138275,294.88812255859375
281.38367557525635,294.9757080078125
281.4336268901825,295.0518493652344
281.4832592010498,294.7670593261719
281.53290247917175,294.5572204589844
281.5832061767578,294.7324523925781
281.633695602417,294.9100036621094
281.6841731071472,295.28070068359375
281.73365020751953,296.3446044921875
281.78364992141724,297.2768859863281
281.8322083950043,297.6412048339844
281.8832585811615,297.9017639160156
281.9336154460907,298.04583740234375
281.98415184020996,298.018798828125
282.03359150886536,297.959716796875
282.0840127468109,297.9023742675781
282.1332106590271,297.7316589355469
282.18322467803955,297.2782287597656
282.233274936676,296.5235595703125
282.283650636673,296.0007019042969
282.33361530303955,294.8619079589844
282.38363337516785,294.82257080078125
282.43320202827454,294.9652099609375
282.4832377433777,295.33648681640625
282.53367710113525,295.39337158203125
282.5836033821106,295.5502014160156
282.6331686973572,295.76214599609375
282.68364906311035,295.79376220703125
282.7332410812378,295.81976318359375
282.7831914424896,295.8345031738281
282.83320021629333,296.1500549316406
282.8835837841034,296.1793518066406
282.9335308074951,296.0675048828125
282.9836325645447,296.0848388671875
283.03295040130615,296.3005065917969
283.08364629745483,296.37103271484375
283.1333472728729,296.29876708984375
283.18360233306885,296.2824401855469
283.2334637641907,296.3095397949219
283.28358793258667,296.2847900390625
283.3330409526825,296.300048828125
283.3836238384247,296.4337158203125
283.4336633682251,296.5921630859375
283.4840805530548,298.9514465332031
283.53348779678345,298.97271728515625
283.5837049484253,299.0080871582031
283.63358211517334,299.1369934082031
283.683251619339,299.2765197753906
283.7336461544037,299.3321838378906
283.78366780281067,299.4148864746094
283.8333275318146,299.5289306640625
283.88357639312744,299.5111083984375
283.9326083660126,299.43359375
283.9835886955261,299.47406005859375
284.03351640701294,299.53912353515625
284.08357667922974,299.56878662109375
284.1334071159363,299.5211486816406
284.18354964256287,299.34356689453125
284.2334551811218,299.31793212890625
284.28351068496704,299.3874206542969
284.3332862854004,299.3825378417969
284.38366889953613,299.4258117675781
284.43318462371826,299.46832275390625
284.4840352535248,299.4557189941406
284.53349900245667,299.2740783691406
284.58351016044617,299.15093994140625
284.63327860832214,298.9768981933594
284.6836049556732,298.9338073730469
284.73345589637756,299.0215759277344
284.78343415260315,299.1804504394531
284.83312702178955,299.1227722167969
284.88327288627625,299.3486633300781
284.9331452846527,299.5210266113281
284.98354864120483,299.67669677734375
285.0335855484009,299.8872985839844
285.0835590362549,299.9346008300781
285.1329517364502,299.8802490234375
285.18321418762207,299.76361083984375
285.2329499721527,299.98956298828125
285.28355288505554,300.0735168457031
285.3330099582672,300.2167053222656
285.38402247428894,300.328125
285.432585477829,300.42315673828125
285.4835569858551,300.5585632324219
285.5329728126526,300.5565185546875
285.583993434906,300.9378662109375
285.6332542896271,301.4242858886719
285.68356823921204,301.6744689941406
285.7334477901459,301.8428955078125
285.7831916809082,302.067626953125
285.8334894180298,302.16552734375
285.88396668434143,302.589111328125
285.9336178302765,302.9382629394531
285.9837589263916,302.70782470703125
286.03356766700745,302.4761657714844
286.0835647583008,302.383544921875
286.132958650589,302.6390686035156
286.1835949420929,303.10162353515625
286.23346304893494,303.13726806640625
286.2836992740631,303.1153259277344
286.33346247673035,303.1510314941406
286.3832802772522,303.1440734863281
286.4332845211029,303.0873718261719
286.4840064048767,303.0527648925781
286.53327202796936,303.150146484375
286.5832633972168,303.1606140136719
286.6335868835449,303.0929260253906
286.6835780143738,303.0
286.7332921028137,302.32965087890625
286.7835273742676,300.5989990234375
286.83356738090515,300.1217041015625
286.88357162475586,299.9063415527344
286.9328775405884,299.8175048828125
286.9837408065796,299.70416259765625
287.0334987640381,299.48211669921875
287.0835757255554,299.22149658203125
287.13358879089355,299.06195068359375
287.1832346916199,298.9236755371094
287.23278737068176,298.7016296386719
287.28169107437134,298.37542724609375
287.3340091705322,298.071044921875
287.3840708732605,297.7286682128906
287.43359327316284,297.5832824707031
287.4832866191864,297.3342590332031
287.5331072807312,297.0675964355469
287.5831983089447,297.16131591796875
287.63370537757874,297.63104248046875
287.68342208862305,297.9757080078125
287.7333643436432,298.11785888671875
287.78315591812134,298.0322265625
287.83359599113464,298.03369140625
287.88281536102295,297.95465087890625
287.9337408542633,297.9001770019531
287.98326206207275,297.86639404296875
288.033296585083,297.90618896484375
288.08323764801025,297.9315185546875
288.1333484649658,297.96795654296875
288.18361616134644,298.0337829589844
288.23395347595215,298.1943359375
288.28289771080017,298.32452392578125
288.3335270881653,298.44744873046875
288.3824384212494,298.5378723144531
288.4334762096405,298.6671447753906
288.48280477523804,298.84716796875
288.53315591812134,299.0819091796875
288.5824201107025,299.2641296386719
288.6332359313965,299.40496826171875
288.6828486919403,299.5062561035156
288.7331738471985,299.7015380859375
288.78279304504395,300.0052795410156
288.83319330215454,300.2335205078125
288.8827862739563,300.24261474609375
288.93318724632263,300.4071960449219
288.9828417301178,301.1490783691406
289.03358578681946,301.80206298828125
289.0827329158783,302.0054626464844
289.13323283195496,302.34796142578125
289.1828055381775,302.6050109863281
289.23321175575256,302.78515625
289.2831392288208,302.9417724609375
289.33320355415344,303.0500183105469
289.3830933570862,303.2181091308594
289.43352150917053,303.31488037109375
289.4826662540436,303.3267822265625
289.53323674201965,303.33123779296875
289.58284425735474,303.3168029785156
289.6331236362457,303.3253173828125
289.6830906867981,303.2378234863281
289.73312044143677,302.74578857421875
289.7827515602112,300.7320251464844
289.8331570625305,300.4830017089844
289.88307309150696,300.2149658203125
289.9330642223358,299.8718566894531
289.9827332496643,299.5653991699219
290.0331611633301,299.2737121582031
290.08317947387695,298.8968811035156
290.13306879997253,298.4718322753906
290.18307614326477,297.9205017089844
290.2330915927887,297.51544189453125
290.2827227115631,296.55584716796875
290.33311343193054,295.4129333496094
290.3826196193695,294.9557189941406
290.43312096595764,294.9603576660156
290.48271083831787,295.4246826171875
290.5330641269684,295.5321044921875
290.58267998695374,295.26202392578125
290.63308238983154,294.79815673828125
290.6827173233032,294.6918029785156
290.73307633399963,294.8248596191406
290.78307366371155,295.0648193359375
290.8331105709076,294.98431396484375
290.8826792240143,295.1249694824219
290.9328091144562,295.86273193359375
290.98281049728394,296.73956298828125
291.0334496498108,297.2026672363281
291.0831184387207,297.4292907714844
291.1331343650818,298.1820373535156
291.18302726745605,298.79449462890625
291.23281836509705,298.68865966796875
291.28274297714233,298.8114929199219
291.333199262619,299.99102783203125
291.3830804824829,299.977294921875
291.4331021308899,299.7646179199219
291.4830377101898,299.47210693359375
291.53310799598694,299.4532775878906
291.5827558040619,299.4235534667969
291.633145570755,299.7044372558594
291.68266558647156,300.1364440917969
291.7331111431122,300.75213623046875
291.78301548957825,301.171142578125
291.83311796188354,301.53033447265625
291.8824532032013,300.65838623046875
291.9331283569336,300.84576416015625
291.9827072620392,301.06005859375
292.03317189216614,301.028076171875
292.0827114582062,300.96160888671875
292.1331043243408,300.93505859375
292.1830096244812,301.00115966796875
292.23309874534607,301.20489501953125
292.28271198272705,301.357421875
292.3331401348114,301.49346923828125
292.38264894485474,301.7254638671875
292.4330666065216,301.8489990234375
292.4826362133026,302.02117919921875
292.5331377983093,302.158203125
292.58270955085754,302.19586181640625
292.6331162452698,302.2609558105469
292.6830430030823,302.289306640625
292.73315834999084,302.22412109375
292.7830159664154,302.07958984375
292.8330502510071,301.35040283203125
292.8826985359192,300.35400390625
292.9330863952637,300.1510925292969
292.9827003479004,299.8646545410156
293.03280425071716,299.4512023925781
293.0825915336609,299.18377685546875
293.1330952644348,298.983154296875
293.1826491355896,299.0589294433594
293.23310947418213,298.9608459472656
293.2826306819916,298.4013366699219
293.3327589035034,298.1780090332031
293.38274598121643,297.8222351074219
293.4333620071411,297.465576171875
293.48280000686646,297.118896484375
293.5331735610962,296.779052734375
293.5827031135559,296.73748779296875
293.6330518722534,296.4938049316406
293.68238830566406,296.4341125488281
293.73305892944336,296.53863525390625
293.78264474868774,295.8764343261719
293.832466840744,293.183349609375
293.8826858997345,291.5729675292969
293.9330790042877,290.264892578125
293.98301243782043,287.6243896484375
294.0331144332886,287.4232177734375
294.0826766490936,287.32489013671875
294.1330289840698,287.3740234375
294.18308329582214,287.4671630859375
294.2330310344696,287.5826721191406
294.28308844566345,287.7471618652344
294.33305859565735,287.8646545410156
294.38267970085144,287.9345397949219
294.43302035331726,287.8580627441406
294.4826829433441,287.6155090332031
294.5330500602722,287.4825744628906
294.582647562027,287.4689025878906
294.63303232192993,287.53973388671875
294.6826591491699,287.6542663574219
294.73301815986633,287.7300720214844
294.78264331817627,287.9147644042969
294.8330194950104,288.1609191894531
294.8826582431793,288.35888671875
294.93306517601013,288.6264953613281
294.9822964668274,288.9478454589844
295.03269243240356,289.150634765625
295.08270025253296,289.2763366699219
295.1330494880676,289.3609313964844
295.1830232143402,289.5653381347656
295.23303151130676,289.77935791015625
295.28266072273254,289.89410400390625
295.33302664756775,290.005859375
295.38267731666565,290.18182373046875
295.4330372810364,290.31201171875
295.48263692855835,290.4678039550781
295.53309416770935,290.6527099609375
295.5830433368683,290.795166015625
295.6330335140228,290.82501220703125
295.68302941322327,290.6861572265625
295.7330436706543,290.1603088378906
295.78260684013367,289.2292175292969
295.83301854133606,288.88067626953125
295.88268637657166,288.4635314941406
295.9334156513214,288.26080322265625
295.98296451568604,288.2794189453125
296.03300762176514,288.5000305175781
296.08299565315247,288.25152587890625
296.1329905986786,288.0521545410156
296.182630777359,287.78076171875
296.23270750045776,287.4834899902344
296.2825376987457,286.69097900390625
296.3329963684082,286.30999755859375
296.3829278945923,285.2919616699219
296.4330401420593,284.80340576171875
296.4826138019562,284.84393310546875
296.5330386161804,286.8298645019531
296.58234691619873,287.0674743652344
296.63307762145996,287.1330871582031
296.68298840522766,287.2462158203125
296.7329933643341,285.3931579589844
296.7826075553894,285.60479736328125
296.83304142951965,285.6876525878906
296.88262844085693,285.7900390625
296.93298745155334,285.2567443847656
296.98234939575195,286.49078369140625
297.03302907943726,287.77947998046875
297.08262395858765,288.7529296875
297.13312578201294,287.5750427246094
297.1829755306244,285.11956787109375
297.2329924106598,283.20263671875
297.2826118469238,282.24041748046875
297.33300399780273,281.08197021484375
297.38266134262085,283.57940673828125
297.4330849647522,281.8514709472656
297.48302268981934,284.5711364746094
297.5330295562744,285.1285705566406
297.58257389068604,282.27606201171875
297.63299012184143,279.1356506347656
297.6825489997864,280.47064208984375
297.7328600883484,280.9508972167969
297.78250074386597,281.3113098144531
297.83298540115356,280.99554443359375
297.8823697566986,280.3905944824219
297.9327971935272,280.58306884765625
297.9824013710022,280.0587463378906
298.03276681900024,279.4250793457031
298.0823154449463,280.43316650390625
298.13271617889404,277.3826599121094
298.1826841831207,278.9029235839844
298.23272490501404,280.1139221191406
298.28283882141113,280.1563720703125
298.3327887058258,282.50115966796875
298.38233399391174,279.3924560546875
298.4326362609863,279.7804870605469
298.48236322402954,279.6930236816406
298.53240942955017,278.8454895019531
298.58269119262695,278.0693054199219
298.6327176094055,276.3313903808594
298.6824109554291,277.107421875
298.7327003479004,278.7508544921875
298.78225684165955,276.00860595703125
298.8327407836914,276.01544189453125
298.88231563568115,273.7857360839844
298.93267822265625,271.2504577636719
298.98224782943726,274.3542175292969
299.03276443481445,277.40887451171875
299.08235216140747,276.3484802246094
299.1327178478241,275.6356506347656
299.18276476860046,275.4942626953125
299.23271131515503,274.8880310058594
299.2822513580322,274.87188720703125
299.3327248096466,271.8454284667969
299.38265085220337,273.9980773925781
299.4324357509613,275.66168212890625
299.48233699798584,277.1080017089844
299.5327022075653,276.9634094238281
299.58268570899963,278.3725891113281
299.63276171684265,279.58270263671875
299.6823422908783,280.6800231933594
299.73274540901184,281.3006896972656
299.78229308128357,280.3718566894531
299.8327581882477,281.8647766113281
299.8826858997345,279.4888000488281
299.9328272342682,279.83477783203125
299.98234581947327,280.5888671875
300.03274273872375,280.98101806640625
300.0827708244324,281.7371826171875
