time,data
0.03411412239074707,71.44921875
0.08367466926574707,72.8360824584961
0.13298964500427246,74.06893920898438
0.18117570877075195,75.11203002929688
0.23388934135437012,75.98125457763672
0.28264880180358887,76.67601776123047
0.33225131034851074,77.26827239990234
0.38335442543029785,76.59041595458984
0.4319183826446533,76.30213165283203
0.4886934757232666,77.03687286376953
0.5347039699554443,77.99380493164062
0.5843625068664551,79.01447296142578
0.6334536075592041,80.6690673828125
0.6842126846313477,82.07987976074219
0.7302656173706055,83.14385223388672
0.7793383598327637,83.73702239990234
0.8293552398681641,84.20816802978516
0.8794131278991699,84.46206665039062
0.9294121265411377,84.80464935302734
0.9865250587463379,85.12212371826172
1.0373985767364502,85.46237182617188
1.0857908725738525,85.66114044189453
1.1357712745666504,85.91143798828125
1.1799912452697754,86.20099639892578
1.2295150756835938,86.63092041015625
1.27931547164917,87.05059814453125
1.3294572830200195,87.66641235351562
1.379298210144043,88.45516204833984
1.4293768405914307,88.99589538574219
1.479569673538208,89.30393981933594
1.529322862625122,89.4832534790039
1.5793251991271973,89.54003143310547
1.629380226135254,89.53948974609375
1.6794404983520508,89.68089294433594
1.72944974899292,88.49207305908203
1.7793769836425781,89.30723571777344
1.8294575214385986,89.07430267333984
1.8807604312896729,89.2938461303711
1.9377496242523193,89.62999725341797
1.9855964183807373,89.76853942871094
2.0293984413146973,89.90337371826172
2.079318046569824,89.97567749023438
2.1294119358062744,90.0007095336914
2.1793980598449707,89.98100280761719
2.2293546199798584,89.89635467529297
2.2836785316467285,89.833984375
2.329418420791626,89.84549713134766
2.379507303237915,89.19293975830078
2.430063009262085,88.9268798828125
2.4794228076934814,89.08238220214844
2.529444694519043,89.02875518798828
2.5794169902801514,89.45787811279297
2.6294353008270264,89.47870635986328
2.6794261932373047,89.43708801269531
2.73553466796875,88.97482299804688
2.7860655784606934,88.49408721923828
2.8358328342437744,88.89986419677734
2.8873889446258545,89.17689514160156
2.9296064376831055,89.53539276123047
2.979524850845337,89.77919006347656
3.0293893814086914,89.85115814208984
3.0794479846954346,89.66214752197266
3.1293399333953857,89.49840545654297
3.18461537361145,89.35497283935547
3.2296860218048096,89.6139907836914
3.2795276641845703,90.0900650024414
3.3294620513916016,91.0322265625
3.379411220550537,91.91175079345703
3.4348559379577637,91.83349609375
3.4818549156188965,91.68904113769531
3.532062530517578,91.57577514648438
3.5817506313323975,91.47224426269531
3.6414172649383545,91.26628875732422
3.6903696060180664,91.13931274414062
3.732081890106201,90.70623779296875
3.7816123962402344,90.25961303710938
3.83182692527771,89.90499114990234
3.881788730621338,89.6870346069336
3.9316468238830566,89.6891098022461
3.9816958904266357,89.93940734863281
4.031555414199829,90.47700500488281
4.08167028427124,90.47178649902344
4.131438493728638,90.15178680419922
4.1816301345825195,89.71530151367188
4.231647968292236,89.25215148925781
4.281681776046753,88.87640380859375
4.331587314605713,88.53861999511719
4.381683111190796,88.41779327392578
4.440708160400391,88.34681701660156
4.490405559539795,87.95582580566406
4.531553506851196,90.76417541503906
4.581552028656006,90.56363677978516
4.631603240966797,90.1513900756836
4.6818015575408936,89.88687133789062
4.731684684753418,89.77161407470703
4.782878637313843,89.94061279296875
4.833082437515259,90.0300064086914
4.879479885101318,89.86165618896484
4.933277606964111,89.44495391845703
4.9827845096588135,89.11331176757812
5.032914876937866,88.88868713378906
5.079429864883423,88.81315612792969
5.129684925079346,88.7729721069336
5.179662704467773,88.66097259521484
5.238259553909302,88.56290435791016
5.28926420211792,88.52863311767578
5.329866647720337,88.54649353027344
5.37972354888916,88.66019439697266
5.429549932479858,88.80343627929688
5.47968602180481,88.87559509277344
5.529640197753906,88.76495361328125
5.579652547836304,88.75697326660156
5.629581451416016,88.99661254882812
5.679742097854614,89.52965545654297
5.729556560516357,90.34141540527344
5.787059783935547,91.36508178710938
5.829503536224365,92.56785583496094
5.882272958755493,93.7205810546875
5.929444074630737,94.27875518798828
5.979499816894531,94.64973449707031
6.036765813827515,94.99299621582031
6.087700128555298,95.44982147216797
6.130190372467041,96.37730407714844
6.179576396942139,98.84309387207031
6.229573488235474,99.39612579345703
6.28462290763855,100.0020523071289
6.329712867736816,100.53240966796875
6.379673719406128,101.03250885009766
6.429687738418579,101.51405334472656
6.479619979858398,101.8786392211914
6.529609203338623,102.18861389160156
6.579653024673462,102.50409698486328
6.629713296890259,102.73372650146484
6.679721117019653,102.98607635498047
6.72975754737854,103.18356323242188
6.77973747253418,103.44534301757812
6.830847978591919,103.76854705810547
6.88842511177063,105.91703033447266
6.937444686889648,106.45238494873047
6.986124277114868,106.79513549804688
7.0358452796936035,107.23696899414062
7.085827827453613,107.61058044433594
7.135939598083496,108.02156066894531
7.185954570770264,108.3641128540039
7.235908031463623,108.43891143798828
7.2861456871032715,108.25312042236328
7.337374210357666,107.68036651611328
7.386197566986084,107.22865295410156
7.4356184005737305,107.07958984375
7.479804515838623,106.99711608886719
7.52978253364563,107.08588409423828
7.579568386077881,107.21537017822266
7.629819631576538,107.33219909667969
7.679617404937744,107.45243835449219
7.729701519012451,107.64309692382812
7.779541015625,107.99803924560547
7.829684019088745,108.34439086914062
7.879534959793091,108.74292755126953
7.929771423339844,109.07506561279297
7.9795544147491455,109.23152160644531
8.029754161834717,109.3311996459961
8.079590797424316,109.38795471191406
8.129762411117554,109.37203216552734
8.187832355499268,109.38038635253906
8.238133668899536,109.31572723388672
8.286058187484741,109.28038787841797
8.335810661315918,109.262451171875
8.38613247871399,109.11113739013672
8.435925960540771,109.05266571044922
8.48578929901123,109.06974792480469
8.535990953445435,109.20757293701172
8.585869073867798,109.44444274902344
8.635899782180786,109.72412109375
8.685840845108032,109.99465942382812
8.73627519607544,110.06098937988281
8.779723644256592,109.98804473876953
8.830157279968262,109.82271575927734
8.87961721420288,109.54112243652344
8.929796695709229,109.1867446899414
8.979383945465088,108.89862060546875
9.029784202575684,108.41962432861328
9.07942819595337,107.94231414794922
9.129709959030151,107.51085662841797
9.179426193237305,107.25296783447266
9.229858636856079,106.40829467773438
9.27939486503601,106.23033905029297
9.329734086990356,105.8578872680664
9.379672765731812,105.6764144897461
9.429794311523438,105.49992370605469
9.490707635879517,105.33023071289062
9.540685892105103,105.14286041259766
9.579745292663574,104.99322509765625
9.629873752593994,104.94050598144531
9.679668664932251,104.76097106933594
9.729825735092163,104.47102355957031
9.779490232467651,104.00232696533203
9.829811811447144,103.62683868408203
9.879530906677246,103.20698547363281
9.929800271987915,102.88846588134766
9.979512453079224,102.73473358154297
10.029797792434692,102.6891860961914
10.079466581344604,102.86238861083984
10.129711389541626,103.12217712402344
10.17941927909851,103.38155364990234
10.229865550994873,103.70034790039062
10.29050087928772,103.85539245605469
10.340381383895874,103.76591491699219
10.386168479919434,103.63910675048828
10.435975790023804,103.40251159667969
10.486000299453735,103.15958404541016
10.535869836807251,102.85932159423828
10.586095094680786,102.6810302734375
10.63588809967041,102.4002914428711
10.686088562011719,102.13108825683594
10.735969543457031,101.99524688720703
10.7861647605896,102.03219604492188
10.835867881774902,102.25399780273438
10.886213541030884,102.65190124511719
10.935980796813965,103.08032989501953
10.986237287521362,103.37332916259766
11.035595417022705,103.46559143066406
11.085744142532349,103.48648071289062
11.135765075683594,103.41850280761719
11.187623262405396,103.30473327636719
11.23773193359375,103.07258605957031
11.280156135559082,102.71642303466797
11.329630613327026,102.46331787109375
11.37940764427185,102.17524719238281
11.4295654296875,102.08258819580078
11.479390144348145,102.12763214111328
11.529524564743042,102.29454803466797
11.579415798187256,102.59635162353516
11.629520654678345,102.95769500732422
11.679558515548706,103.3030014038086
11.729496717453003,103.51069641113281
11.779373407363892,103.52658081054688
11.82956600189209,103.43732452392578
11.879437446594238,103.36164093017578
11.929588079452515,103.20575714111328
11.979533672332764,103.0119857788086
12.037814855575562,102.7454605102539
12.087223529815674,102.44023132324219
12.135730504989624,102.27339172363281
12.185719013214111,101.99573516845703
12.235690116882324,101.96903228759766
12.28572154045105,102.13873291015625
12.335737466812134,102.4004135131836
12.385640621185303,102.83769989013672
12.43563723564148,103.19070434570312
12.485698699951172,103.41265106201172
12.535674095153809,103.58678436279297
12.585668325424194,103.60782623291016
12.635632753372192,103.603271484375
12.685664653778076,103.54840087890625
12.735749244689941,103.45841217041016
12.785642147064209,103.37548065185547
12.835597038269043,103.28868865966797
12.885826349258423,103.35408782958984
12.935687065124512,103.32257843017578
12.9856538772583,103.385009765625
13.035739660263062,103.57373046875
13.085558414459229,103.85215759277344
13.135641098022461,104.19628143310547
13.185556173324585,104.41596221923828
13.236491918563843,104.47529602050781
13.29365873336792,104.46049499511719
13.333718538284302,104.38748931884766
13.384139776229858,104.30924224853516
13.43469524383545,104.24625396728516
13.48157286643982,104.14583587646484
13.539455652236938,104.04310607910156
13.585262775421143,103.89260864257812
13.633398056030273,103.9124984741211
13.68222188949585,103.84648895263672
13.732157707214355,103.9014663696289
13.782046556472778,104.09574890136719
13.832079410552979,104.34497833251953
13.882168769836426,104.6281509399414
13.93226957321167,104.77246856689453
13.982070922851562,104.72286987304688
14.041377544403076,104.61014556884766
14.090999603271484,104.399658203125
14.140567779541016,104.20716857910156
14.189069509506226,103.97105407714844
14.23925518989563,103.74723815917969
14.290926218032837,103.56059265136719
14.333313226699829,103.44913482666016
14.38518238067627,103.37398529052734
14.4319429397583,103.3708724975586
14.48408555984497,103.51127624511719
14.530515193939209,103.85287475585938
14.5847327709198,104.26136779785156
14.631545066833496,104.5802993774414
14.679643392562866,104.86184692382812
14.729737520217896,104.87728881835938
14.779448509216309,104.74842834472656
14.82952356338501,104.64615631103516
14.879659175872803,104.4741439819336
14.929640293121338,104.23297119140625
14.979468822479248,104.01699829101562
15.037855863571167,103.73818969726562
15.087638139724731,103.37332153320312
15.129886627197266,103.3231201171875
15.18077278137207,103.34369659423828
15.229650020599365,103.57183837890625
15.28078007698059,103.87934112548828
15.329652309417725,104.15492248535156
15.38076400756836,104.47846221923828
15.429632186889648,104.65995788574219
15.480742931365967,104.73464965820312
15.529592514038086,104.68757629394531
15.588823080062866,104.19308471679688
15.629552841186523,103.5595703125
15.67993688583374,102.83441162109375
15.730772972106934,102.45372772216797
15.779691457748413,102.39039611816406
15.838922262191772,102.27505493164062
15.889436721801758,102.3746109008789
15.930543899536133,102.60929870605469
15.980837345123291,102.9261245727539
16.029688596725464,103.32308959960938
16.080723524093628,103.55309295654297
16.12968921661377,103.60873413085938
16.18074870109558,103.60951232910156
16.229715824127197,103.54421997070312
16.28081965446472,103.5361099243164
16.329649925231934,103.49987030029297
16.380702018737793,103.38467407226562
16.429737091064453,103.1776351928711
16.480814456939697,103.13111114501953
16.529921054840088,103.07583618164062
16.58072566986084,103.13678741455078
16.629640340805054,100.83599090576172
16.6899676322937,100.4620361328125
16.738788604736328,97.82972717285156
16.78610587120056,98.1408462524414
16.83646011352539,98.2763900756836
16.881989240646362,98.29442596435547
16.93178701400757,98.21968078613281
16.9817476272583,98.13194274902344
17.03676128387451,98.02354431152344
17.079837799072266,97.84925842285156
17.130791187286377,97.66818237304688
17.179697275161743,97.51250457763672
17.230740547180176,100.48845672607422
17.27967119216919,100.51258087158203
17.329694032669067,97.54804229736328
17.379575729370117,97.80223083496094
17.429780960083008,98.12368774414062
17.479512929916382,98.37289428710938
17.52952742576599,98.38590240478516
17.587573051452637,98.24151611328125
17.63765048980713,98.03121948242188
17.68582034111023,97.818115234375
17.735835552215576,97.64906311035156
17.785823106765747,97.42186737060547
17.835737466812134,97.20271301269531
17.885918140411377,96.96080780029297
17.935896635055542,96.81501007080078
17.985905647277832,96.56501007080078
18.035764932632446,96.44692993164062
18.085816144943237,96.4745101928711
18.135725498199463,96.63538360595703
18.185783624649048,96.86841583251953
18.235774755477905,97.0377197265625
18.28578782081604,97.2990951538086
18.33578324317932,97.88530731201172
18.38589572906494,98.34807586669922
18.43578815460205,98.41387176513672
18.486344814300537,98.1885757446289
18.536161184310913,97.93115997314453
18.585817337036133,97.5929946899414
18.635823965072632,97.07647705078125
18.68598699569702,96.99246215820312
18.735857009887695,96.92976379394531
18.785865306854248,97.1073989868164
18.83590054512024,97.46543884277344
18.8858745098114,97.80545806884766
18.935925483703613,98.28402709960938
18.98582935333252,98.54608154296875
19.035914659500122,98.65092468261719
19.0859317779541,98.6483154296875
19.13582730293274,98.58497619628906
19.185824155807495,98.28363800048828
19.23587417602539,97.79911804199219
19.285953044891357,97.07955932617188
19.33588147163391,96.58245849609375
19.38586735725403,96.39290618896484
19.43572998046875,96.37908935546875
19.48578715324402,96.35977172851562
19.53584909439087,96.50821685791016
19.585766553878784,96.82860565185547
19.635788679122925,97.16517639160156
19.68631863594055,97.38651275634766
19.73608946800232,97.43269348144531
19.786176681518555,97.45137786865234
19.836212158203125,97.38108825683594
19.88626718521118,97.34549713134766
19.936155557632446,97.34465026855469
19.986246585845947,97.3010025024414
20.036218404769897,97.18234252929688
20.086177110671997,97.09774780273438
20.136010885238647,97.01851654052734
20.1862211227417,96.95489501953125
20.23608088493347,97.14576721191406
20.286307096481323,97.4585189819336
20.336118936538696,97.81688690185547
20.386155605316162,98.19483947753906
20.43618416786194,98.33831787109375
20.486183881759644,98.34004211425781
20.536107540130615,98.28276824951172
20.586364030838013,98.2112045288086
20.63746476173401,98.16424560546875
20.68006181716919,98.0065689086914
20.73097038269043,97.85022735595703
20.77977705001831,97.70211791992188
20.83086395263672,97.62017822265625
20.879926919937134,97.5728759765625
20.931015014648438,97.57263946533203
20.979763984680176,97.7237319946289
21.03090810775757,97.94808197021484
21.079753398895264,98.25979614257812
21.130815744400024,98.57672882080078
21.179732084274292,98.69063568115234
21.235026836395264,98.67821502685547
21.283535957336426,98.6025619506836
21.333431720733643,98.4757080078125
21.394039392471313,98.33650970458984
21.444286584854126,98.17975616455078
21.48397946357727,97.98445129394531
21.529783964157104,97.74349975585938
21.579787254333496,97.6476821899414
21.629724502563477,97.51012420654297
21.679661750793457,97.47080993652344
21.729716062545776,97.65145874023438
21.779839515686035,97.92789459228516
21.829790353775024,98.33518981933594
21.879560708999634,98.65351867675781
21.929678916931152,98.7132568359375
21.979586839675903,98.59537506103516
22.029676914215088,98.39900970458984
22.079598665237427,98.13495635986328
22.129687786102295,97.88245391845703
22.190573692321777,97.54942321777344
22.240344047546387,97.29711151123047
22.286126136779785,97.10665893554688
22.339272499084473,97.13858032226562
22.38935160636902,97.18485260009766
22.4392991065979,97.1983642578125
22.488664865493774,97.52255249023438
22.53864336013794,98.0440444946289
22.58881187438965,98.43155670166016
22.63857078552246,98.95252227783203
22.686221837997437,99.23094177246094
22.73597502708435,99.3193588256836
22.78600001335144,99.29790496826172
22.835837841033936,99.12747955322266
22.885963678359985,98.8479232788086
22.935986280441284,98.61707305908203
22.98601222038269,98.36290740966797
23.03590202331543,98.04348754882812
23.086016416549683,97.85865020751953
23.135887145996094,97.84471130371094
23.18596053123474,98.03524017333984
23.23593831062317,98.38148498535156
23.28590226173401,98.76075744628906
23.335866689682007,99.11200714111328
23.385985136032104,99.27664184570312
23.436055660247803,99.36019897460938
23.485960245132446,99.34172821044922
23.53584384918213,99.31221771240234
23.585864782333374,99.22430419921875
23.635840892791748,99.15691375732422
23.685925245285034,99.02484130859375
23.73597478866577,98.69686126708984
23.785931825637817,98.62934112548828
23.835795640945435,98.69505310058594
23.88596272468567,98.95846557617188
23.93582320213318,99.39692687988281
23.98602271080017,99.52638244628906
24.035845041275024,99.89066314697266
24.08597707748413,100.0501480102539
24.136038064956665,100.1302490234375
24.185932159423828,100.04655456542969
24.237656116485596,99.83680725097656
24.289486408233643,99.26765441894531
24.34032154083252,98.24700927734375
24.388936281204224,97.76226043701172
24.439778566360474,97.53330993652344
24.489523887634277,97.29735565185547
24.540002584457397,97.04312133789062
24.589556455612183,97.13262176513672
24.639729261398315,97.40792846679688
24.68975830078125,97.9218521118164
24.740023612976074,98.18981170654297
24.789632081985474,98.59236145019531
24.83965229988098,99.20553588867188
24.889914989471436,99.56448364257812
24.93959069252014,98.93125915527344
24.9894757270813,98.50528717041016
25.039630651474,98.04886627197266
25.089378595352173,97.46956634521484
25.139949083328247,97.30812072753906
25.189619779586792,97.14922332763672
25.239091396331787,96.968505859375
25.2893488407135,97.01549530029297
25.33964991569519,97.17059326171875
25.386343479156494,97.53158569335938
25.432801485061646,97.90960693359375
25.48422360420227,98.13064575195312
25.532204389572144,98.31428527832031
25.58402705192566,98.40611267089844
25.632428407669067,98.38961791992188
25.682209968566895,98.38505554199219
25.72990584373474,98.26374053955078
25.77980065345764,98.12610626220703
25.82969880104065,98.00189971923828
25.879729747772217,97.98654174804688
25.929821729660034,97.87877655029297
25.97961187362671,97.97071838378906
26.029740571975708,98.19993591308594
26.079676389694214,98.50684356689453
26.137994289398193,98.92205047607422
26.187816619873047,99.09879302978516
26.23599648475647,99.11656951904297
26.286020755767822,99.10040283203125
26.336612224578857,98.99714660644531
26.386070251464844,98.90511322021484
26.42999792098999,98.7412338256836
26.48761796951294,98.57137298583984
26.529919147491455,98.40789794921875
26.58015012741089,98.40719604492188
26.637866258621216,98.31584930419922
26.679800987243652,98.35780334472656
26.72985291481018,98.56385803222656
26.779887437820435,98.84403991699219
26.8297278881073,99.27339935302734
26.879952907562256,99.60099029541016
26.92967391014099,99.74530792236328
26.979883432388306,99.7950439453125
27.029707193374634,99.69640350341797
27.079779148101807,99.57620239257812
27.137845993041992,99.50701904296875
27.198171854019165,99.43265533447266
27.22998881340027,99.39454650878906
27.28074073791504,99.42064666748047
27.329835414886475,99.52183532714844
27.37996768951416,99.58729553222656
27.429923057556152,99.82054138183594
27.479825973510742,100.13385772705078
27.52973508834839,100.49777221679688
27.57978844642639,100.85784149169922
27.629714727401733,101.06639099121094
27.67988896369934,101.11056518554688
27.7297580242157,101.05142211914062
27.779794216156006,100.86116027832031
27.829729795455933,100.68133544921875
27.879812479019165,100.37432098388672
27.937837839126587,100.0501937866211
27.98777961730957,99.75553894042969
28.036011934280396,99.68888854980469
28.08589005470276,99.58257293701172
28.13599681854248,99.66082000732422
28.18596601486206,99.7889404296875
28.236137628555298,99.92269897460938
28.285962343215942,100.3546142578125
28.335972785949707,100.6730728149414
28.385986804962158,100.87994384765625
28.436043977737427,100.98178100585938
28.48603367805481,100.81986999511719
28.53606390953064,100.60751342773438
28.585941553115845,100.3181381225586
28.637974977493286,100.00895690917969
28.688006162643433,99.77828216552734
28.739373922348022,99.55029296875
28.78593111038208,99.37019348144531
28.835973739624023,99.23681640625
28.886091709136963,99.45938873291016
28.936081409454346,99.7921142578125
28.9860098361969,100.39886474609375
29.036070823669434,100.99037170410156
29.086045026779175,101.24292755126953
29.136014223098755,101.4297103881836
29.186039924621582,101.48772430419922
29.23598575592041,101.2677993774414
29.28612446784973,100.99667358398438
29.33627963066101,100.68684387207031
29.386068105697632,100.30669403076172
29.4399893283844,99.9378890991211
29.490565061569214,99.65088653564453
29.54006314277649,99.28594970703125
29.590028285980225,99.1479721069336
29.639798879623413,99.03872680664062
29.689019918441772,99.10055541992188
29.740051746368408,99.15636444091797
29.79036855697632,98.9390640258789
29.84001088142395,98.5063247680664
29.889209270477295,98.00616455078125
29.93963384628296,95.2417984008789
29.98975396156311,94.80860137939453
30.039470672607422,94.35108947753906
30.090125560760498,94.12617492675781
30.139245748519897,94.32228088378906
30.189767360687256,95.32067108154297
30.233996868133545,95.31305694580078
30.28170156478882,95.2518310546875
30.33277201652527,95.3515853881836
30.381237506866455,95.53609466552734
30.433428049087524,95.85372924804688
30.484286546707153,96.04835510253906
30.532477855682373,96.1431884765625
30.583969116210938,96.17037200927734
30.63314700126648,96.26371002197266
30.683212518692017,96.30575561523438
30.73382592201233,96.30162811279297
30.78389596939087,96.26737976074219
30.832443714141846,96.09098052978516
30.881035566329956,95.86405181884766
30.930213928222656,95.78533935546875
30.993722677230835,95.91253662109375
31.042024850845337,96.21766662597656
31.09185028076172,96.53971099853516
31.13798761367798,96.8582992553711
31.18352770805359,96.98689270019531
31.232128143310547,96.94036865234375
31.284107208251953,96.73880767822266
31.331568956375122,95.1947021484375
31.383517742156982,94.91766357421875
31.432427883148193,94.90362548828125
31.4839506149292,94.88878631591797
31.5337016582489,95.04747009277344
31.58346700668335,94.96573638916016
31.634129285812378,95.06480407714844
31.683590173721313,95.33731842041016
31.729975938796997,95.69775390625
31.779998779296875,96.10729217529297
31.829933643341064,96.27546691894531
31.888189792633057,96.36617279052734
31.938392162322998,96.39889526367188
31.98619318008423,96.48686218261719
32.036041259765625,96.58126068115234
32.08613634109497,96.63508605957031
32.13606643676758,96.70161437988281
32.186585903167725,96.83494567871094
32.236061573028564,96.91993713378906
32.28618335723877,97.00635528564453
32.336241006851196,97.25907897949219
32.386141777038574,97.67646026611328
32.436509132385254,98.2718505859375
32.486114501953125,98.81238555908203
32.53611612319946,99.17691040039062
32.58630347251892,99.37407684326172
32.635960817337036,99.44597625732422
32.68655443191528,99.50487518310547
32.73666429519653,99.45633697509766
32.7797474861145,99.34542083740234
32.82994985580444,99.26688385009766
32.87982630729675,99.0455551147461
32.930139780044556,98.96675872802734
32.97978615760803,98.86811828613281
33.02985143661499,99.01042938232422
33.07975959777832,99.10474395751953
33.129857778549194,99.38326263427734
33.17997407913208,99.49365997314453
33.229912519454956,99.44248962402344
33.27981448173523,99.47544860839844
33.32999038696289,99.23751068115234
33.37992215156555,99.01101684570312
33.43431639671326,98.93147277832031
33.49364924430847,98.70293426513672
33.54098463058472,98.46517944335938
33.58818817138672,98.45468139648438
33.638123750686646,98.28939056396484
33.68617844581604,98.2903060913086
33.736183404922485,98.30630493164062
33.78769373893738,98.57272338867188
33.83606314659119,98.90910339355469
33.88603162765503,99.14421081542969
33.93618154525757,99.16973876953125
33.986090898513794,99.11614990234375
34.036033153533936,99.06014251708984
34.08623766899109,99.06243133544922
34.13609719276428,99.02523040771484
34.18810725212097,98.87355041503906
34.23800301551819,98.6646957397461
34.286176919937134,98.59528350830078
34.336058139801025,98.40430450439453
34.38620638847351,98.34038543701172
34.436110496520996,98.36602020263672
34.48806667327881,98.57801818847656
34.5364351272583,98.8441390991211
34.57999324798584,99.22510528564453
34.629910469055176,99.44142150878906
34.67994451522827,99.53997802734375
34.72997426986694,99.55577087402344
34.77979826927185,99.46015930175781
34.82997250556946,99.21173095703125
34.87985944747925,99.10525512695312
34.929924726486206,98.78759002685547
34.97985243797302,98.54853820800781
35.029937505722046,98.42463684082031
35.07979941368103,98.34020233154297
35.12993860244751,98.51130676269531
35.17976450920105,98.73674011230469
35.22990655899048,98.91769409179688
35.28782320022583,99.14693450927734
35.337995529174805,99.23067474365234
35.38622975349426,99.4119644165039
35.43613934516907,99.1662826538086
35.486056089401245,99.05595397949219
35.53603148460388,98.83063507080078
35.58616280555725,98.70301818847656
35.63615107536316,98.36372375488281
35.68627691268921,98.38911437988281
35.73601579666138,98.56698608398438
35.78609013557434,98.8314437866211
35.83598804473877,99.15885925292969
35.88609290122986,99.41091918945312
35.93613529205322,99.58858489990234
35.98614168167114,99.68375396728516
36.036056995391846,99.67951965332031
36.086116552352905,99.61109924316406
36.13606858253479,99.46405792236328
36.186025619506836,99.4254379272461
36.23621368408203,99.45084381103516
36.28633713722229,98.96440887451172
36.336182594299316,99.7141342163086
36.38615298271179,99.71614074707031
36.43626570701599,99.71476745605469
36.486238956451416,99.7295913696289
36.53610420227051,99.75261688232422
36.58632159233093,99.75789642333984
36.63603115081787,99.74663543701172
36.686224937438965,99.74742126464844
36.73618483543396,99.7562255859375
36.78666019439697,99.75064849853516
36.83728528022766,99.75261688232422
36.88628387451172,99.7491455078125
36.93627381324768,99.74964141845703
36.98633074760437,99.75039672851562
37.03608775138855,99.73687744140625
37.08652639389038,99.72017669677734
37.13616490364075,99.7252197265625
37.18627333641052,99.71991729736328
37.23657011985779,99.7157974243164
37.283215284347534,99.71014404296875
37.33020210266113,99.71320343017578
37.38010501861572,99.72491455078125
37.43038463592529,99.72124481201172
37.480162382125854,99.71375274658203
37.53147053718567,99.70758056640625
37.58030986785889,99.71700286865234
37.63122916221619,99.7361068725586
37.680323362350464,99.72735595703125
37.731135845184326,99.72582244873047
37.78014636039734,99.73234558105469
37.83116054534912,99.72891998291016
37.88018012046814,99.7490234375
37.93125534057617,99.75878143310547
37.98017883300781,99.72876739501953
38.04003310203552,99.72239685058594
38.08896517753601,99.71412658691406
38.13658118247986,99.7179946899414
38.18588209152222,99.70144653320312
38.230273723602295,99.68238067626953
38.2813560962677,99.69119262695312
38.33019709587097,99.69694519042969
38.38114953041077,99.68675994873047
38.43024945259094,99.70147705078125
38.48114275932312,99.70565032958984
38.53033661842346,99.70825958251953
38.58139634132385,99.7105712890625
38.63011121749878,99.72160339355469
38.681283950805664,99.71839904785156
38.73012685775757,99.72212219238281
38.78526425361633,99.71844482421875
38.83235430717468,99.72492980957031
38.88220286369324,99.73616790771484
38.9410662651062,99.73790740966797
38.990962505340576,99.74958038330078
39.03959536552429,99.75346374511719
39.08900308609009,99.75614166259766
39.13914370536804,99.74446868896484
39.18892216682434,99.73412322998047
39.23913908004761,99.71749877929688
39.288841247558594,99.69013977050781
39.345345973968506,99.68927764892578
39.39068818092346,99.68238067626953
39.43020009994507,99.68172454833984
39.48003792762756,99.66564178466797
39.531299352645874,99.66911315917969
39.58028292655945,99.6752700805664
39.63137888908386,99.68098449707031
39.680257081985474,99.69064331054688
39.7312171459198,99.70056915283203
39.77999782562256,99.7069091796875
39.83766508102417,99.7191162109375
39.88477659225464,99.7297134399414
39.934343338012695,99.74293518066406
39.984437227249146,99.74411010742188
40.03424382209778,99.7404556274414
40.08467173576355,99.73372650146484
40.14138913154602,99.73570251464844
40.19282674789429,99.72706604003906
40.230188846588135,99.7281494140625
40.28383445739746,99.72297668457031
40.33442258834839,99.726806640625
40.386232137680054,99.72623443603516
40.430787563323975,99.71466827392578
40.48154282569885,99.70589447021484
40.530415296554565,99.7231674194336
40.58050847053528,99.72740173339844
40.630531311035156,99.718994140625
40.68047761917114,99.6961441040039
40.730679750442505,99.68798828125
40.78570556640625,99.6783447265625
40.83043694496155,99.66445922851562
40.88030171394348,99.65776824951172
40.936426877975464,99.66533660888672
40.99349045753479,99.6796875
41.03031873703003,99.69497680664062
41.08058166503906,99.7038803100586
41.13032865524292,99.713134765625
41.18043327331543,99.7132797241211
41.23027801513672,99.7039794921875
41.28047299385071,99.6998519897461
41.33030700683594,99.7108383178711
41.380553007125854,99.73374938964844
41.43029475212097,99.7409896850586
41.48054599761963,99.72721099853516
41.530526638031006,99.73869323730469
41.580790519714355,99.73696899414062
41.63038754463196,99.73345184326172
41.68109345436096,99.73664093017578
41.737677335739136,99.73566436767578
41.78872299194336,99.73944854736328
41.8369038105011,99.7283935546875
41.886598348617554,99.72368621826172
41.93106651306152,99.72420501708984
41.98029708862305,99.71910095214844
42.0302095413208,99.7109375
42.08026432991028,99.71443939208984
42.130133867263794,99.72111511230469
42.18029022216797,99.72594451904297
42.23013687133789,99.72947692871094
42.280280113220215,99.71757507324219
42.33027744293213,99.72435760498047
42.38025379180908,99.72466278076172
42.43018341064453,99.72139739990234
42.48031735420227,99.7168960571289
42.53011345863342,99.71829223632812
42.58029222488403,99.71675872802734
42.63021159172058,99.71406555175781
42.68959450721741,99.71757507324219
42.73919463157654,99.19095611572266
42.78942918777466,99.63714599609375
42.838741302490234,99.86821746826172
42.88678860664368,100.0460433959961
42.93652081489563,100.04415130615234
42.986865758895874,99.96774291992188
43.03660011291504,99.69871520996094
43.08685493469238,99.44862365722656
43.1372811794281,99.21037292480469
43.18687057495117,98.72806549072266
43.23655295372009,98.58683013916016
43.2865264415741,98.51000213623047
43.33657765388489,98.64627838134766
43.380136013031006,98.93585968017578
43.4301221370697,99.14468383789062
43.480064153671265,99.41801452636719
43.53006601333618,99.69133758544922
43.5800199508667,99.97052001953125
43.630064487457275,100.02361297607422
43.6800754070282,99.9767074584961
43.73008346557617,99.77513122558594
43.77997541427612,99.62773132324219
43.830323457717896,99.38485717773438
43.88002896308899,99.05254364013672
43.930139780044556,98.7835922241211
43.980000019073486,98.54412841796875
44.03007745742798,98.59703063964844
44.09069013595581,98.72486114501953
44.140722036361694,98.95146942138672
44.186593532562256,99.1690673828125
44.23624563217163,99.29610443115234
44.286478757858276,99.29554748535156
44.336209297180176,99.21245574951172
44.386224031448364,99.13008880615234
44.43683743476868,98.98587799072266
44.48628354072571,98.7825927734375
44.53629755973816,98.6351547241211
44.58641600608826,98.58094787597656
44.63624429702759,98.57536315917969
44.68026900291443,98.8102798461914
44.735514640808105,99.02774047851562
44.78260540962219,99.54051208496094
44.83256244659424,99.88380432128906
44.88251352310181,100.01821899414062
44.932546854019165,100.03974151611328
44.982290744781494,100.01988220214844
45.032607316970825,100.05230712890625
45.08240580558777,99.9556655883789
45.132585763931274,99.8457260131836
45.182276248931885,99.73326873779297
45.232489824295044,99.62230682373047
45.282437324523926,99.46764373779297
45.33251953125,99.60407257080078
45.39163398742676,99.77207946777344
45.44146490097046,100.1201171875
45.482699394226074,100.49147033691406
45.532538414001465,100.59103393554688
45.58232641220093,100.5911865234375
45.63253092765808,100.43063354492188
45.682427644729614,100.06653594970703
45.732622146606445,99.52161407470703
45.78239464759827,99.03496551513672
45.83256268501282,98.79556274414062
45.88228511810303,98.51747131347656
45.93249034881592,98.67571258544922
45.98259997367859,98.86611938476562
46.032533407211304,99.28779602050781
46.08276081085205,99.6922607421875
46.13234758377075,100.08863067626953
46.1914222240448,100.37403106689453
46.241339683532715,100.51585388183594
46.28928327560425,100.6240234375
46.33902931213379,100.70790100097656
46.38923001289368,100.71376037597656
46.43891167640686,100.70459747314453
46.48921990394592,100.61781311035156
46.53900933265686,100.4403076171875
46.589253425598145,100.32939147949219
46.639021158218384,100.30418395996094
46.68934369087219,100.55509948730469
46.739031076431274,100.90941619873047
46.789427518844604,101.31914520263672
46.839171409606934,101.60009002685547
46.88928532600403,101.70675659179688
46.93898105621338,101.70637512207031
46.98926019668579,101.69161987304688
47.03911519050598,101.6319351196289
47.08933162689209,101.53143310546875
47.13909840583801,101.44194030761719
47.18942070007324,101.35404968261719
47.239033460617065,101.23567199707031
47.289313077926636,101.27229309082031
47.3390212059021,101.44498443603516
47.38935708999634,101.68186950683594
47.43883967399597,101.95647430419922
47.48921012878418,102.16724395751953
47.5389940738678,102.2645034790039
47.58917760848999,102.19239807128906
47.63890981674194,102.03050231933594
47.689252614974976,101.77864837646484
47.73917508125305,101.42005920410156
47.7892701625824,101.07233428955078
47.83909845352173,100.79105377197266
47.889411211013794,100.4488525390625
47.939085721969604,100.2356185913086
47.98941779136658,100.00305938720703
48.03900694847107,99.99858856201172
48.0893828868866,100.05753326416016
48.1390323638916,100.11830139160156
48.18931794166565,100.17711639404297
48.23901581764221,100.31771850585938
48.28942918777466,100.937744140625
48.33912634849548,101.15216064453125
48.38942909240723,101.24341583251953
48.43907833099365,101.01319885253906
48.48931527137756,100.67545318603516
48.539162397384644,100.55167388916016
48.58931350708008,100.02423095703125
48.63912773132324,99.65090942382812
48.68938446044922,99.44823455810547
48.73919081687927,99.31884765625
48.78952884674072,99.36016845703125
48.83913803100586,99.35235595703125
48.889402627944946,99.29071807861328
48.93913245201111,99.16717529296875
48.98939108848572,98.86949157714844
49.03906559944153,98.33623504638672
49.0894079208374,97.6447525024414
49.139124393463135,100.64511108398438
49.189374923706055,99.97444915771484
49.23901033401489,99.31098175048828
49.28929281234741,98.91560363769531
49.33909463882446,98.77955627441406
49.38938283920288,98.9305648803711
49.43907380104065,99.18443298339844
49.4893696308136,99.4269790649414
49.53912663459778,99.6523208618164
49.58935475349426,99.81214904785156
49.63902449607849,99.96990966796875
49.689427852630615,100.17497253417969
49.739113569259644,100.35087585449219
49.78473782539368,100.52265930175781
49.83223509788513,100.77479553222656
49.88240075111389,100.97010803222656
49.932252407073975,101.24000549316406
49.982277393341064,101.91729736328125
50.03229808807373,102.68708038330078
50.08223271369934,103.7136001586914
50.13252401351929,104.55992126464844
50.182374715805054,107.53577423095703
50.232271671295166,108.17269134521484
50.28226947784424,108.27220916748047
50.33222556114197,108.41503143310547
50.38216233253479,108.66954040527344
50.43229150772095,108.88154602050781
50.48257660865784,109.12039947509766
50.541443824768066,109.41608428955078
50.59060978889465,109.94468688964844
50.639514207839966,110.13858795166016
50.68740963935852,110.7626724243164
50.73247933387756,111.37869262695312
50.78244233131409,112.48252868652344
50.832343339920044,113.4593734741211
50.88229155540466,114.20935821533203
50.93236470222473,114.72838592529297
50.98243689537048,114.9799575805664
51.03238534927368,115.16304016113281
51.08230781555176,115.36043548583984
51.13231801986694,115.47906494140625
51.183141469955444,115.67932891845703
51.23025345802307,115.86809539794922
51.28036093711853,115.89946746826172
51.33014965057373,115.9691162109375
51.38019895553589,116.06370544433594
51.43832969665527,116.23599243164062
51.48858880996704,116.46703338623047
51.53642725944519,116.7796401977539
51.586426734924316,117.06969451904297
51.63660764694214,117.25048065185547
51.68643498420715,117.25395965576172
51.73030209541321,117.18061065673828
51.780247926712036,117.0439224243164
51.83009195327759,116.81936645507812
51.88023519515991,116.7221908569336
51.93010210990906,116.56771850585938
51.980172634124756,116.2426528930664
52.0300977230072,116.1854248046875
52.08020353317261,116.12638092041016
52.13011360168457,116.50372314453125
52.180211782455444,116.78787994384766
52.2301971912384,117.1336898803711
52.28029704093933,117.42766571044922
52.33013701438904,117.51984405517578
52.3802216053009,117.54527282714844
52.43827962875366,117.5484390258789
52.49611496925354,117.52318572998047
52.539509534835815,117.44244384765625
52.58969783782959,117.33356475830078
52.632490158081055,117.03984069824219
52.68294858932495,116.847412109375
52.73235583305359,116.91563415527344
52.78253936767578,117.18634796142578
52.83231067657471,117.59645080566406
52.88243341445923,117.79795837402344
52.93229389190674,117.99495697021484
52.98235845565796,117.9642333984375
53.0323326587677,117.81324005126953
53.082231521606445,117.57291412353516
53.13210725784302,117.30664825439453
53.18230652809143,116.965576171875
53.232372999191284,116.67916870117188
53.282230615615845,116.32194519042969
53.341561794281006,116.0009536743164
53.39717888832092,115.68222045898438
53.4304141998291,115.39131927490234
53.48037123680115,115.23283386230469
53.53022623062134,115.23330688476562
53.5805025100708,115.09046173095703
53.630210399627686,114.91364288330078
53.680607080459595,114.6135482788086
53.73017120361328,112.08484649658203
53.7803258895874,110.98677062988281
53.83014535903931,110.65037536621094
53.88031268119812,110.39613342285156
53.930304527282715,110.09735870361328
53.98031234741211,109.99518585205078
54.030219316482544,109.55061340332031
54.080442905426025,109.28889465332031
54.13846015930176,109.30284881591797
54.18843126296997,109.4140396118164
54.236754179000854,109.7658920288086
54.286614656448364,109.97428894042969
54.33680963516235,110.05326080322266
54.38654708862305,110.0654067993164
54.436601400375366,110.07119750976562
54.48651838302612,110.08570861816406
54.53660559654236,109.99286651611328
54.58651542663574,109.87220001220703
54.636409521102905,109.93926239013672
54.68645882606506,109.8106460571289
54.73796081542969,109.74549102783203
54.78799104690552,109.5022964477539
54.83217263221741,108.62374114990234
54.88187074661255,108.61199951171875
54.93058466911316,108.98235321044922
54.98153209686279,109.09929656982422
55.03035306930542,109.16409301757812
55.0855598449707,109.20794677734375
55.13032412528992,109.2101058959961
55.18030071258545,109.30184936523438
55.23023462295532,109.38990783691406
55.28041172027588,109.31477355957031
55.33021020889282,109.3160171508789
55.38035035133362,109.29215240478516
55.43025183677673,109.48876190185547
55.480347633361816,109.78604125976562
55.530287981033325,112.68399810791016
55.59194803237915,112.83937072753906
55.64137554168701,112.83282470703125
55.68852186203003,112.77220153808594
55.745150089263916,112.76953887939453
55.78913068771362,112.73405456542969
55.83950614929199,112.70520782470703
55.88919401168823,112.59552001953125
55.93949747085571,112.38427734375
55.98902082443237,112.3061752319336
56.03943872451782,112.26445770263672
56.08919858932495,112.46629333496094
56.139421463012695,112.76175689697266
56.18932771682739,113.0900650024414
56.239370822906494,113.36255645751953
56.28911352157593,113.44927215576172
56.339476585388184,113.47610473632812
56.389278411865234,113.44915008544922
56.43973517417908,113.33981323242188
56.49080753326416,113.18794250488281
56.53786015510559,112.98835754394531
56.583481788635254,112.7048110961914
56.632832050323486,112.6378173828125
56.68364429473877,112.60191345214844
56.73271656036377,112.81694030761719
56.78362846374512,113.12120056152344
56.83262872695923,113.45574951171875
56.883612871170044,113.73178100585938
56.93259787559509,113.80763244628906
56.983681201934814,113.78617095947266
57.03259587287903,113.68603515625
57.08354091644287,113.54402923583984
57.132680892944336,113.38299560546875
57.18347406387329,113.16209411621094
57.23255276679993,112.885986328125
57.29085063934326,112.82434844970703
57.33923268318176,112.86137390136719
57.38268828392029,113.14457702636719
57.43254613876343,113.51580047607422
57.482420682907104,113.89625549316406
57.53252863883972,114.23387908935547
57.582499742507935,114.42150115966797
57.632474422454834,114.47998046875
57.6825737953186,114.50990295410156
57.73249101638794,114.450927734375
57.78236269950867,114.32988739013672
57.832584381103516,114.10961151123047
57.88251972198486,113.651123046875
57.93250608444214,113.46885681152344
57.982455015182495,113.3021240234375
58.03250336647034,113.45719146728516
58.09154033660889,113.76802062988281
58.141547203063965,114.0453109741211
58.1895227432251,114.45205688476562
58.239158391952515,114.76636505126953
58.286837100982666,114.85826110839844
58.33662438392639,114.82506561279297
58.38573098182678,114.71265411376953
58.430320501327515,114.50601196289062
58.48264026641846,114.22071075439453
58.53253936767578,113.80061340332031
58.582767486572266,113.39319610595703
58.63246273994446,113.255615234375
58.682645320892334,113.09964752197266
58.732433557510376,113.1904296875
58.78270483016968,113.3382568359375
58.83251404762268,113.52721405029297
58.88252115249634,113.54818725585938
58.93247985839844,113.31382751464844
58.98250412940979,113.00654602050781
59.03253388404846,112.83264923095703
59.094369888305664,112.50354766845703
59.14396905899048,112.1997299194336
59.18245840072632,111.84593200683594
59.23319458961487,110.67237854003906
59.282432079315186,109.0401382446289
59.33258533477783,108.47901153564453
59.382516860961914,108.23304748535156
59.43258452415466,108.08386993408203
59.48259162902832,108.32975769042969
59.53252553939819,108.37838745117188
59.58247947692871,108.23763275146484
59.632553577423096,108.18214416503906
59.68242406845093,108.09366607666016
59.73247027397156,107.98603820800781
59.78243446350098,107.86748504638672
59.83253788948059,107.7060317993164
59.89092016220093,107.43795013427734
59.94149971008301,107.77568054199219
59.98962187767029,107.51959991455078
60.03924870491028,107.72549438476562
60.08959937095642,107.80547332763672
60.139254331588745,108.08460235595703
60.18953084945679,109.4623794555664
60.239293813705444,112.44924926757812
60.28945565223694,112.74559020996094
60.33934712409973,112.80677032470703
60.38950753211975,112.89167785644531
60.43943667411804,112.7782974243164
60.489619970321655,112.65333557128906
60.539275884628296,112.54496765136719
60.58963894844055,112.3502197265625
60.63936710357666,112.2160873413086
60.68961048126221,112.21469116210938
60.73929309844971,112.383056640625
60.78990864753723,112.73377227783203
60.83934831619263,113.0953369140625
60.88959813117981,113.49052429199219
60.939311027526855,113.68196105957031
60.989543437957764,113.77692413330078
61.03933525085449,113.84375762939453
61.089603662490845,113.93818664550781
61.13926386833191,113.95228576660156
61.18956255912781,113.92552947998047
61.23934721946716,113.78826904296875
61.287060260772705,113.57295989990234
61.33816957473755,113.55224609375
61.38343262672424,113.5827407836914
61.43368411064148,113.81543731689453
61.480679988861084,114.12371826171875
61.53038501739502,114.43093872070312
61.58039426803589,114.77989196777344
61.630494832992554,114.97059631347656
61.68037509918213,115.04399108886719
61.73073434829712,115.09538269042969
61.7803111076355,115.0531997680664
61.83040523529053,114.93505096435547
61.88023042678833,114.78370666503906
61.9305145740509,114.35164642333984
61.9805383682251,114.23849487304688
62.03071427345276,114.1588134765625
62.08039832115173,114.31216430664062
62.14128565788269,114.54861450195312
62.19005799293518,114.75682830810547
62.238933086395264,115.11941528320312
62.28798174858093,115.3521957397461
62.336787700653076,115.41496276855469
62.38662385940552,115.38333892822266
62.437323331832886,115.2597427368164
62.48589539527893,115.07276153564453
62.53070402145386,114.88313293457031
62.58055520057678,114.41123962402344
62.6304030418396,114.1791000366211
62.68050289154053,114.16222381591797
62.73032307624817,114.12334442138672
62.780513763427734,114.34062957763672
62.83033871650696,114.52890014648438
62.880436420440674,114.73274230957031
62.930375814437866,114.79289245605469
62.98050904273987,114.62744903564453
63.03036665916443,114.23507690429688
63.08047699928284,113.91804504394531
63.13030290603638,113.72293853759766
63.180564165115356,113.59452056884766
63.24121856689453,113.33061218261719
63.291229248046875,112.03282165527344
63.33673667907715,109.98094940185547
63.38664507865906,109.90509033203125
63.43658971786499,109.99646759033203
63.48666477203369,110.40009307861328
63.53668737411499,110.82270812988281
63.586578369140625,111.00386047363281
63.63705396652222,111.02496337890625
63.68828320503235,110.88306427001953
63.73704528808594,110.67263793945312
63.7881543636322,110.35164642333984
63.83077788352966,109.93203735351562
63.88172721862793,109.64998626708984
63.930541038513184,109.44568634033203
63.981640577316284,108.95580291748047
64.03052425384521,108.78154754638672
64.08165049552917,108.7393798828125
64.13056302070618,108.92787170410156
64.18160462379456,109.2891616821289
64.23065304756165,109.45675659179688
64.28163766860962,109.59998321533203
64.33054304122925,109.59379577636719
64.38608193397522,109.61508178710938
64.43141579627991,109.51969146728516
64.48062014579773,109.37786865234375
64.53674697875977,109.27483367919922
64.5887987613678,109.2477798461914
64.63041639328003,109.02127075195312
64.6806755065918,109.06369018554688
64.7308120727539,109.11080169677734
64.7806921005249,109.47660827636719
64.83094763755798,109.87297821044922
64.88051629066467,109.82861328125
64.93074989318848,109.83879089355469
64.98037695884705,109.76339721679688
65.03088450431824,109.66008758544922
65.0806884765625,109.51668548583984
65.13205695152283,109.36701202392578
65.18058443069458,109.30970001220703
65.23172163963318,109.69783020019531
65.28049802780151,109.84339904785156
65.34482049942017,110.07211303710938
65.39158177375793,110.18657684326172
65.4396378993988,110.68978881835938
65.48938298225403,110.91578674316406
65.53961420059204,110.1419448852539
65.59041976928711,109.93793487548828
65.63230061531067,109.61315155029297
65.68263220787048,109.14993286132812
65.73261213302612,108.9075698852539
65.78265118598938,108.6773910522461
65.83261609077454,108.61972045898438
65.88260507583618,108.01554870605469
65.93230748176575,108.11090850830078
65.98262763023376,108.08634948730469
66.0325403213501,108.42576599121094
66.08260464668274,108.69520568847656
66.13268423080444,108.96318817138672
66.18261313438416,109.33554077148438
66.2325987815857,109.49605560302734
66.28269147872925,109.50809478759766
66.34097099304199,109.57009887695312
66.39150929450989,109.57511138916016
66.43992948532104,109.6016616821289
66.48924612998962,109.54972076416016
66.53961706161499,109.27771759033203
66.5894193649292,109.30116271972656
66.6396656036377,109.30950164794922
66.68948912620544,109.46480560302734
66.73976731300354,109.80179595947266
66.78951358795166,110.14820098876953
66.83769178390503,110.60491180419922
66.89443111419678,110.82010650634766
66.93394041061401,110.84579467773438
66.98312449455261,110.84799194335938
67.03275609016418,110.86381530761719
67.08286738395691,110.84779357910156
67.13273549079895,110.7807846069336
67.18293642997742,110.47577667236328
67.23290228843689,110.31168365478516
67.28290700912476,110.41028594970703
67.33297085762024,110.45606994628906
67.38292574882507,110.71866607666016
67.4330108165741,110.95880126953125
67.4831063747406,111.2210693359375
67.53297853469849,111.39015197753906
67.58289170265198,111.36958312988281
67.63835835456848,111.28868103027344
67.69238519668579,111.255126953125
67.74119424819946,111.15308380126953
67.7893648147583,110.96229553222656
67.84049773216248,110.73482513427734
67.88969540596008,110.2618408203125
67.94019341468811,110.11781311035156
67.98951458930969,109.93592834472656
68.04015946388245,109.81831359863281
68.0895767211914,109.85205078125
68.1403238773346,109.70527648925781
68.18954634666443,109.29499053955078
68.24027800559998,108.55525207519531
68.28945732116699,107.97859191894531
68.34022855758667,111.07610321044922
68.38966417312622,110.72039031982422
68.44025206565857,110.25589752197266
68.48947286605835,109.81978607177734
68.54011678695679,109.48230743408203
68.58957505226135,109.04666900634766
68.64014315605164,108.54512023925781
68.68955707550049,108.35101318359375
68.74017667770386,108.20187377929688
68.78965473175049,108.29539489746094
68.84022450447083,108.29442596435547
68.88953018188477,108.00904846191406
68.94016194343567,107.53621673583984
68.98951864242554,106.97862243652344
69.0402250289917,106.58958435058594
69.08948802947998,106.26826477050781
69.14003419876099,106.1187515258789
69.1826639175415,106.59332275390625
69.23316979408264,107.0389404296875
69.28289771080017,106.95613861083984
69.33298397064209,107.02833557128906
69.38295102119446,106.91407775878906
69.43297219276428,107.24469757080078
69.48285675048828,107.44169616699219
69.53071522712708,107.54149627685547
69.58061480522156,107.61615753173828
69.6304304599762,107.69886779785156
69.68084740638733,107.8812026977539
69.73064279556274,107.75411224365234
69.78057074546814,107.81092071533203
69.83062386512756,108.08949279785156
69.88881421089172,108.2126693725586
69.9386875629425,107.85218048095703
69.98722529411316,107.89811706542969
70.036789894104,107.48137664794922
70.08686327934265,107.78666687011719
70.13681244850159,107.98721313476562
70.18684768676758,107.75895690917969
70.23732376098633,107.76336669921875
70.28681945800781,107.8021469116211
70.33678603172302,108.03340911865234
70.38679385185242,108.2618637084961
70.43674540519714,108.29688262939453
70.48722767829895,108.73226165771484
70.5368127822876,109.15283203125
70.58696985244751,109.27327728271484
70.63681221008301,109.61846160888672
70.68702936172485,109.81539916992188
70.73731970787048,110.30926513671875
70.78989148139954,110.599365234375
70.83939051628113,110.57951354980469
70.88289380073547,110.61466217041016
70.93274092674255,110.51596069335938
70.98290753364563,110.359375
71.03381991386414,110.13934326171875
71.08296251296997,109.65202331542969
71.1338460445404,109.90461730957031
71.18284606933594,110.47679138183594
71.23380327224731,110.68236541748047
71.28287553787231,110.61151123046875
71.33380365371704,110.39356994628906
71.38284277915955,110.72318267822266
71.43389129638672,110.61709594726562
71.48074674606323,110.65320587158203
71.53110146522522,110.70658874511719
71.59203290939331,110.44573211669922
71.64353156089783,110.07471466064453
71.68307638168335,109.79107666015625
71.73382258415222,109.4683609008789
71.78077936172485,108.74968719482422
71.83099269866943,108.28024291992188
71.88056015968323,108.01066589355469
71.93119287490845,108.15904235839844
71.98070049285889,108.46459197998047
72.03104710578918,108.77530670166016
72.08387327194214,109.14360046386719
72.13507008552551,109.58064270019531
72.18493390083313,109.86763763427734
72.23530650138855,110.01580047607422
72.28157782554626,109.90267181396484
72.33537530899048,109.83087921142578
72.39085650444031,109.60115814208984
72.44279098510742,108.80574798583984
72.48138451576233,108.83900451660156
72.53470611572266,108.75294494628906
72.5849449634552,108.9328842163086
72.63508129119873,109.16761016845703
72.6848623752594,109.36700439453125
72.73458909988403,109.86041259765625
72.78452801704407,110.14134216308594
72.8344521522522,110.3021240234375
72.8809289932251,110.4417724609375
72.93645882606506,110.28718566894531
72.98334860801697,109.9985580444336
73.03333687782288,109.6578140258789
73.0831925868988,109.01870727539062
73.13313412666321,109.07660675048828
73.18950748443604,109.08489990234375
73.24600958824158,109.36266326904297
73.28633284568787,109.68675994873047
73.33302974700928,110.1640396118164
73.38330554962158,110.54295349121094
73.43313717842102,110.68331146240234
73.48305344581604,110.9356460571289
73.5331289768219,111.00273132324219
73.58310270309448,111.13960266113281
73.63316607475281,110.98956298828125
73.683109998703,110.51384735107422
73.733163356781,110.19686126708984
73.7831609249115,109.95294189453125
73.8332097530365,109.70498657226562
73.88317251205444,109.51007080078125
73.93312692642212,109.36132049560547
73.98404264450073,109.4258041381836
74.04229855537415,109.34265899658203
74.09136486053467,109.00401306152344
74.14015197753906,108.59052276611328
74.18991374969482,108.23287200927734
74.24015045166016,107.9326400756836
74.28998470306396,107.65132904052734
74.34015536308289,107.3055419921875
74.38991522789001,106.39303588867188
74.440181016922,105.357177734375
74.4899628162384,104.64503479003906
74.54018950462341,104.41192626953125
74.58982157707214,104.61803436279297
74.64117503166199,104.77008819580078
74.6913754940033,104.98888397216797
74.73726654052734,105.99458312988281
74.78710007667542,106.0007095336914
74.83716630935669,105.98546600341797
74.88719010353088,105.99588012695312
74.93739604949951,105.98324584960938
74.98696994781494,105.9822006225586
75.03719305992126,105.977294921875
75.08706045150757,105.97962951660156
75.13709044456482,105.9756851196289
75.18693661689758,105.96460723876953
75.24001717567444,105.96636962890625
75.28968691825867,105.98896789550781
75.34075474739075,106.005859375
75.39131784439087,106.00891876220703
75.44088578224182,106.00616455078125
75.4913604259491,106.00704193115234
75.54027509689331,106.01530456542969
75.59101104736328,106.01697540283203
75.6406147480011,106.02459716796875
75.69105005264282,106.00811767578125
75.7403507232666,106.00940704345703
75.78680181503296,106.00473022460938
75.8368272781372,105.98210906982422
75.88691186904907,105.9636459350586
75.93716025352478,105.97234344482422
75.98724389076233,105.98052978515625
76.03689432144165,105.98798370361328
76.08690547943115,105.99103546142578
76.13685035705566,105.98431396484375
76.18693280220032,105.98663330078125
76.23727512359619,105.980712890625
76.28686094284058,105.9969482421875
76.33680510520935,106.00032043457031
76.38700890541077,105.99805450439453
76.4368884563446,105.99968719482422
76.48711085319519,105.99993896484375
76.53774905204773,105.99276733398438
76.58680844306946,105.9794692993164
76.63077235221863,106.00093078613281
76.68081831932068,106.01778411865234
76.7309341430664,106.02422332763672
76.78139162063599,106.0334701538086
76.83082342147827,106.03455352783203
76.88079047203064,106.02992248535156
76.9306960105896,106.02812194824219
76.98079299926758,106.03030395507812
77.03065991401672,106.03213500976562
77.08075666427612,106.02033996582031
77.13065338134766,106.01460266113281
77.18069863319397,105.99935150146484
77.23068881034851,105.99337005615234
77.28080868721008,106.01522064208984
77.33886957168579,106.0447769165039
77.38890314102173,106.04701232910156
77.43717384338379,106.04866790771484
77.48680424690247,106.0482177734375
77.53129005432129,106.04920959472656
77.58077597618103,106.0312728881836
77.63066244125366,106.02914428710938
77.68100214004517,106.01887512207031
77.73070883750916,106.01282501220703
77.7807183265686,105.99851989746094
77.83060336112976,105.99567413330078
77.88078832626343,105.9991683959961
77.93069648742676,106.01504516601562
77.98078989982605,106.0149154663086
78.03097486495972,106.01309204101562
78.08221745491028,106.0101318359375
78.13107061386108,106.01789855957031
78.18703126907349,106.02030944824219
78.23756647109985,106.00912475585938
78.29628586769104,105.99756622314453
78.33516025543213,106.01457214355469
78.381032705307,106.01049041748047
78.43079161643982,105.99374389648438
78.48099184036255,105.98103332519531
78.53089213371277,105.9817123413086
78.58097982406616,105.98341369628906
78.630859375,105.97554016113281
78.68101668357849,105.97614288330078
78.73081016540527,105.9874496459961
78.78104138374329,105.99269104003906
78.83084607124329,105.98857879638672
78.8809494972229,105.99658966064453
78.93107795715332,106.00747680664062
78.98105335235596,106.01118469238281
79.03080224990845,106.01162719726562
79.08970284461975,106.00679779052734
79.1386182308197,106.00682830810547
79.18730020523071,106.01387023925781
79.23612833023071,106.01461029052734
79.28106641769409,106.00645446777344
79.3313455581665,106.01011657714844
79.38082766532898,106.01644134521484
79.43107414245605,106.01216888427734
79.48076319694519,106.00830841064453
79.53099536895752,106.0068130493164
79.5806176662445,106.02259826660156
79.63071751594543,106.0256576538086
79.68076014518738,106.03440856933594
79.73077344894409,106.03305053710938
79.78067183494568,106.0220718383789
79.83080005645752,106.01944732666016
79.88069343566895,106.02019500732422
79.93082356452942,106.01806640625
79.98888540267944,106.01171875
80.03886866569519,106.01134490966797
80.08725690841675,106.00870513916016
80.13923454284668,106.01300811767578
80.18722224235535,106.00173950195312
80.23848390579224,105.99818420410156
80.28105401992798,105.99666595458984
80.33199620246887,106.0014419555664
80.38090562820435,106.00028991699219
80.43195223808289,105.99987030029297
80.48094987869263,105.99427795410156
80.53203010559082,105.98883819580078
80.58092594146729,105.98314666748047
80.63198804855347,105.97698211669922
80.68093967437744,105.97614288330078
80.73197317123413,105.98368072509766
80.78089118003845,105.98944091796875
80.83206915855408,105.99212646484375
80.88095283508301,106.00041961669922
80.93197536468506,106.00607299804688
80.98918151855469,106.01148223876953
81.0405158996582,106.00645446777344
81.0810534954071,106.00018310546875
81.13217353820801,104.78026580810547
81.1809618473053,104.97799682617188
81.23199725151062,105.3211669921875
81.28100228309631,105.76551055908203
81.33203101158142,106.24855041503906
81.3809814453125,106.66357421875
81.43240809440613,106.94800567626953
81.48099875450134,107.15957641601562
81.53208923339844,107.3533706665039
81.58093285560608,107.53048706054688
81.63199925422668,107.74262237548828
81.68099761009216,107.97938537597656
81.73206949234009,108.2732925415039
81.78920125961304,108.33899688720703
81.84072613716125,108.51451110839844
81.88109946250916,108.7792739868164
81.93195581436157,109.11190032958984
81.98088526725769,109.4447250366211
82.03188467025757,109.61332702636719
82.08093452453613,109.65238952636719
82.13188362121582,109.54228973388672
82.18095302581787,109.37881469726562
82.23192811012268,109.1824722290039
82.28094029426575,108.90711975097656
82.33191657066345,108.62866973876953
82.38099026679993,107.37413024902344
82.43215727806091,106.92362976074219
82.4809980392456,106.60913848876953
82.53200602531433,107.5313720703125
82.58929944038391,108.27865600585938
82.64073610305786,108.77989196777344
82.68176007270813,109.12120056152344
82.73205924034119,109.1665267944336
82.78112077713013,109.01510620117188
82.83202147483826,108.80770874023438
82.88102769851685,108.52583312988281
82.93197202682495,108.11837005615234
82.98098039627075,107.66923522949219
83.03194689750671,107.20584106445312
83.08090710639954,106.72402954101562
83.1320571899414,106.35723876953125
83.18093681335449,106.13859558105469
83.23207354545593,106.056640625
83.28096985816956,106.05524444580078
83.33207607269287,106.0024185180664
83.38100981712341,105.76334381103516
83.44098496437073,105.22837829589844
83.48980331420898,104.46077728271484
83.53739333152771,103.93093872070312
83.59275078773499,102.98607635498047
83.63720989227295,101.67932891845703
83.6855239868164,100.57225799560547
83.73101687431335,100.37554931640625
83.78094339370728,99.82671356201172
83.83075594902039,99.5949935913086
83.88094902038574,99.40491485595703
83.93072581291199,100.61043548583984
83.98079180717468,101.344482421875
84.03072834014893,101.33450317382812
84.08107447624207,101.20740509033203
84.13075590133667,100.9518051147461
84.18081307411194,100.62455749511719
84.23074316978455,100.22723388671875
84.28113913536072,99.8944091796875
84.3309109210968,99.68637084960938
84.38086152076721,99.6048355102539
84.4416081905365,99.40209197998047
84.49205946922302,99.48985290527344
84.5370237827301,99.5855941772461
84.58703184127808,100.0086441040039
84.63717079162598,100.56237030029297
84.68696737289429,100.7962875366211
84.7374975681305,100.95982360839844
84.78700470924377,101.06794738769531
84.83698415756226,100.96804809570312
84.88706040382385,98.60508728027344
84.93701410293579,98.618896484375
84.9873411655426,98.52262878417969
85.03701138496399,98.72550964355469
85.0869472026825,99.02362060546875
85.13691115379333,99.22528839111328
85.18682336807251,99.64883422851562
85.23723554611206,100.08606719970703
85.2870090007782,100.74822235107422
85.33716225624084,101.034912109375
85.38699007034302,101.2734603881836
85.43700742721558,101.49700164794922
85.48738074302673,101.49365997314453
85.5371105670929,101.04434967041016
85.58705973625183,99.59573364257812
85.63702249526978,99.4637451171875
85.68709802627563,99.36823272705078
85.7374095916748,99.40397644042969
85.78691172599792,99.50741577148438
85.8370909690857,99.80945587158203
85.8869423866272,100.2123794555664
85.93694949150085,100.70136260986328
85.98747420310974,101.1558609008789
86.03723406791687,101.50304412841797
86.08706951141357,101.73188781738281
86.13707518577576,101.88328552246094
86.18691825866699,102.03060150146484
86.23974466323853,102.1359634399414
86.29102730751038,102.2388687133789
86.34139776229858,102.3255386352539
86.39038276672363,102.35833740234375
86.44062852859497,102.2970962524414
86.49072694778442,102.38261413574219
86.54062247276306,102.70901489257812
86.59064793586731,103.0614013671875
86.64073920249939,103.38687896728516
86.69024538993835,103.65150451660156
86.7375979423523,103.7544937133789
86.78867673873901,103.7320785522461
86.83212280273438,103.73005676269531
86.88104176521301,103.7032241821289
86.93078064918518,103.5523681640625
86.98095870018005,103.35311126708984
87.03092670440674,103.12466430664062
87.08113241195679,102.86598205566406
87.1308217048645,102.80157470703125
87.18091869354248,103.01985168457031
87.23085927963257,103.24826049804688
87.28122234344482,103.49214172363281
87.33088517189026,103.69441223144531
87.38089036941528,103.71675109863281
87.43079710006714,103.5980224609375
87.48104095458984,103.38920593261719
87.54173135757446,105.60869598388672
87.59186124801636,105.24382019042969
87.63710618019104,104.83472442626953
87.68703699111938,104.37751770019531
87.73947858810425,103.86593627929688
87.79107761383057,103.4621353149414
87.83755278587341,103.26056671142578
87.89031887054443,103.3189697265625
87.93347406387329,103.43524932861328
87.98308849334717,104.07962799072266
88.03309035301208,104.7988510131836
88.08304238319397,105.09258270263672
88.13095545768738,105.01702880859375
88.18095302581787,104.74555206298828
88.23084807395935,104.41462707519531
88.28115820884705,104.0294418334961
88.33089470863342,103.49520111083984
88.38114595413208,103.461669921875
88.43086886405945,103.24855041503906
88.4811201095581,103.44816589355469
88.53883123397827,103.891357421875
88.58923149108887,104.6114273071289
88.63720488548279,104.91175079345703
88.68696665763855,104.82722473144531
88.73728561401367,104.64761352539062
88.78693127632141,104.40664672851562
88.83739161491394,104.3291015625
88.88858032226562,104.23722839355469
88.93183994293213,104.2547836303711
88.98208832740784,104.36367797851562
89.03107833862305,104.36483764648438
89.08219647407532,104.34910583496094
89.13111925125122,104.57440185546875
89.18202090263367,104.82103729248047
89.23106074333191,105.20652770996094
89.28207850456238,105.68375396728516
89.33108878135681,106.14457702636719
89.38210701942444,107.1884994506836
89.43104434013367,108.59355163574219
89.48205804824829,109.04363250732422
89.53104853630066,109.31472778320312
89.58264183998108,109.4134750366211
89.63384056091309,109.43956756591797
89.6907696723938,109.5293960571289
89.74308919906616,109.69320678710938
89.78746294975281,109.88317108154297
89.83546757698059,110.20320129394531
89.88108229637146,110.67918395996094
89.93219351768494,111.12137603759766
89.9811053276062,111.37728118896484
90.03211379051208,111.47592163085938
90.08111214637756,111.44425964355469
90.13204455375671,111.20909118652344
90.18109560012817,110.88653564453125
90.23215460777283,110.54267883300781
90.2811222076416,110.05302429199219
90.33211851119995,109.53933715820312
90.38109588623047,109.39968872070312
90.43220400810242,109.44615173339844
90.48109030723572,109.781494140625
90.5321114063263,110.24674224853516
90.58935475349426,110.72589111328125
90.63890886306763,111.1146011352539
90.68780875205994,111.32701110839844
90.7374939918518,111.44635009765625
90.78134989738464,111.5402603149414
90.83135080337524,111.57434844970703
90.88101577758789,111.56159973144531
90.93131589889526,111.37591552734375
90.98094582557678,111.23358917236328
91.03855204582214,111.07653045654297
91.08090376853943,111.10678100585938
91.13111639022827,111.38069152832031
91.18111205101013,111.68484497070312
91.23082375526428,111.98858642578125
91.2810320854187,112.21697235107422
91.33092832565308,112.36710357666016
91.38437724113464,112.41508483886719
91.43542885780334,112.41133117675781
91.49274349212646,112.38520050048828
91.54297709465027,112.2256088256836
91.58377361297607,112.01297760009766
91.63512945175171,111.8314208984375
91.68544578552246,111.67932891845703
91.73449540138245,111.67111206054688
91.78399276733398,111.7997055053711
91.83110737800598,111.96269226074219
91.88101100921631,112.1057357788086
91.9357635974884,112.10971069335938
91.98110628128052,112.04170989990234
92.03211092948914,111.87606811523438
92.08114957809448,111.64270782470703
92.13215708732605,111.42376708984375
92.18113970756531,111.11000061035156
92.23187232017517,110.82569122314453
92.28894782066345,110.591552734375
92.33896088600159,110.71141815185547
92.38744854927063,111.17051696777344
92.4386534690857,111.76178741455078
92.4875099658966,112.15787506103516
92.53868269920349,112.45588684082031
92.58127331733704,112.39131164550781
92.63225317001343,112.18018341064453
92.68118858337402,111.93022155761719
92.73216462135315,111.6203384399414
92.78115630149841,111.24559020996094
92.83210968971252,110.7958984375
92.88101410865784,110.47503662109375
92.93211555480957,110.22747039794922
92.98107957839966,110.11734771728516
93.03223991394043,110.18994903564453
93.08099627494812,110.47571563720703
93.1321370601654,110.85138702392578
93.18139147758484,111.24173736572266
93.23217105865479,111.44437408447266
93.28930449485779,111.55337524414062
93.34071779251099,111.57979583740234
93.38187885284424,111.57652282714844
93.43224954605103,111.50652313232422
93.48114585876465,111.28388214111328
93.53214192390442,111.12289428710938
93.58108305931091,111.00061798095703
93.63218307495117,110.93170166015625
93.68125915527344,111.05042266845703
93.73224306106567,111.30229187011719
93.78114199638367,111.5885238647461
93.8322696685791,112.0018081665039
93.88113236427307,112.07247161865234
93.93219256401062,112.05239868164062
93.98118782043457,111.86044311523438
94.03217267990112,111.69185638427734
94.083575963974,111.38664245605469
94.14111042022705,111.04158020019531
94.18962049484253,110.81767272949219
94.23756766319275,110.6705551147461
94.28563904762268,110.61300659179688
94.33133006095886,110.75931549072266
94.38220000267029,111.07062530517578
94.43115019798279,111.44271850585938
94.48213696479797,111.85630798339844
94.53108620643616,112.13326263427734
94.58219647407532,112.32283020019531
94.63116836547852,112.39126586914062
94.68225908279419,112.46894836425781
94.73118257522583,112.51255798339844
94.78240013122559,112.47280883789062
94.83116388320923,112.3549575805664
94.88218307495117,112.23816680908203
94.93112993240356,112.1394271850586
94.9821629524231,112.1608657836914
95.03941011428833,112.42981719970703
95.08763265609741,112.74671173095703
95.13108110427856,113.08309173583984
95.18113136291504,113.2801284790039
95.230877161026,113.36461639404297
95.28119826316833,113.3874740600586
95.3309018611908,113.3541030883789
95.38124108314514,113.27969360351562
95.43095564842224,113.1433334350586
95.48122191429138,112.93212127685547
95.53098654747009,112.73082733154297
95.58115434646606,112.54014587402344
95.63086700439453,112.38026428222656
95.68120503425598,112.44562530517578
95.7309136390686,112.63465881347656
95.78105235099792,112.88407897949219
95.839284658432,113.09341430664062
95.88911390304565,113.13481903076172
95.93723893165588,113.12574768066406
95.9872510433197,113.05471801757812
96.03725385665894,112.89494323730469
96.08718800544739,112.62223815917969
96.13739657402039,112.3058853149414
96.18710279464722,111.94734191894531
96.23721957206726,111.70622253417969
96.287273645401,111.55126190185547
96.33720874786377,111.7755126953125
96.387131690979,112.08641815185547
96.43743467330933,112.43962097167969
96.48703742027283,112.76327514648438
96.53717613220215,112.83638763427734
96.58733177185059,112.839599609375
96.63718724250793,112.71770477294922
96.68716979026794,112.59490966796875
96.73758578300476,112.39959716796875
96.78872203826904,112.17640686035156
96.83749556541443,111.8980712890625
96.88721871376038,111.73162841796875
96.93738532066345,111.63832092285156
96.98721957206726,111.6212387084961
97.03732895851135,111.8028564453125
97.08728528022766,112.11935424804688
97.13729929924011,112.4017333984375
97.18720960617065,112.55697631835938
97.23722791671753,112.59620666503906
97.28720045089722,112.54680633544922
97.33756256103516,112.47654724121094
97.38875317573547,112.35982513427734
97.43138885498047,112.23565673828125
97.48227667808533,112.06233978271484
97.53117060661316,111.92903137207031
97.58223390579224,111.87867736816406
97.63128924369812,111.93782806396484
97.68226861953735,112.13861083984375
97.7311475276947,112.4366683959961
97.7822425365448,112.74597930908203
97.83116936683655,112.92401123046875
97.88221573829651,112.94935607910156
97.9312493801117,112.88162231445312
97.98216557502747,112.69957733154297
98.03118824958801,112.41883087158203
98.08224272727966,112.0414810180664
98.13947820663452,111.7179946899414
98.19697785377502,111.37264251708984
98.23453855514526,111.29584503173828
98.28558993339539,111.3469009399414
98.33518123626709,111.6322250366211
98.38161444664001,112.008056640625
98.43141102790833,112.37857818603516
98.48134541511536,112.70218658447266
98.53305125236511,112.89934539794922
98.58124327659607,113.00554656982422
98.63230180740356,113.0068359375
98.68132090568542,112.92818450927734
98.73220801353455,112.81038665771484
98.78150129318237,112.623291015625
98.83228635787964,112.49876403808594
98.88121199607849,112.35120391845703
98.94123077392578,112.29061126708984
98.99099779129028,112.45343780517578
99.03144931793213,112.76307678222656
99.08116483688354,113.09691619873047
99.13090372085571,113.3966064453125
99.18133282661438,113.5292739868164
99.23098969459534,113.59121704101562
99.28139877319336,113.5601806640625
99.3310296535492,113.49365234375
99.38139390945435,113.38516998291016
99.4309630393982,113.19290161132812
99.4812433719635,112.98672485351562
99.53123641014099,112.73626708984375
99.58109927177429,112.51036071777344
99.63098740577698,112.44706726074219
99.68128037452698,112.59892272949219
99.74129390716553,112.80789184570312
99.79207181930542,113.08015441894531
99.83739233016968,113.19511413574219
99.88728713989258,113.26387023925781
99.93725967407227,113.2995834350586
99.98723649978638,113.32274627685547
100.03765034675598,113.25296783447266
100.08718824386597,113.08320617675781
100.13735699653625,112.82933807373047
100.18716216087341,112.52567291259766
100.23723602294922,112.47248077392578
100.28763270378113,112.38243865966797
100.33746838569641,110.08358001708984
100.38733887672424,110.2176742553711
100.43726181983948,110.36244201660156
100.48730993270874,110.3446273803711
100.5375862121582,110.22029876708984
100.59430408477783,109.97582244873047
100.63183760643005,109.78075408935547
100.68333148956299,109.47201538085938
100.73119449615479,109.20887756347656
100.78926086425781,108.84248352050781
100.83113741874695,108.5335693359375
100.88129925727844,108.47517395019531
100.93136644363403,108.56965637207031
100.98128724098206,108.79792785644531
101.03165245056152,109.27700805664062
101.08119821548462,109.74784088134766
101.13118290901184,110.12728881835938
101.18110394477844,110.32923126220703
101.23118996620178,110.37628936767578
101.28134512901306,110.38706970214844
101.33587765693665,110.35340881347656
101.39199423789978,110.37934875488281
101.43895721435547,110.4123306274414
101.48729944229126,110.30303955078125
101.53784489631653,110.18997955322266
101.5874092578888,110.01374816894531
101.63731265068054,109.97669982910156
101.68755388259888,110.0614242553711
101.73734712600708,110.21412658691406
101.78768491744995,110.56746673583984
101.83733415603638,110.64373016357422
101.89151072502136,110.53810119628906
101.94201922416687,110.32084655761719
101.9912371635437,110.15996551513672
102.04184126853943,110.07363891601562
102.09046864509583,110.03263854980469
102.1411862373352,110.05891418457031
102.19104790687561,110.04914855957031
102.24032163619995,109.98159790039062
102.29119181632996,110.02156066894531
102.34199261665344,110.30400848388672
102.39096760749817,110.66130828857422
102.44066286087036,111.02693176269531
102.49070596694946,111.26480102539062
102.54139685630798,111.38833618164062
102.591237783432,111.35525512695312
102.64156198501587,111.30931854248047
102.69065403938293,111.18377685546875
102.73936557769775,111.0267105102539
102.78566980361938,110.81697845458984
102.83471012115479,110.67481994628906
102.88389849662781,110.5089111328125
102.93184542655945,110.41412353515625
102.98530554771423,110.62094116210938
103.03685760498047,110.9789047241211
103.08143830299377,111.34211730957031
103.13154315948486,111.59146118164062
103.18137764930725,111.76580047607422
103.23264193534851,111.83056640625
103.2813150882721,111.80436706542969
103.33233880996704,111.62017822265625
103.38132739067078,111.4489974975586
103.43239903450012,111.12618255615234
103.48951435089111,110.94348907470703
103.54131937026978,110.73123168945312
103.58986401557922,110.54017639160156
103.64310455322266,110.5786361694336
103.6814706325531,110.82942962646484
103.7313482761383,111.06805419921875
103.78138637542725,111.27700805664062
103.83131742477417,111.35452270507812
103.88116002082825,111.33750915527344
103.9359040260315,111.23828887939453
103.98316311836243,111.09085845947266
104.03653049468994,110.90821838378906
104.08135080337524,110.57797241210938
104.13646864891052,110.25360870361328
104.18288207054138,110.04582214355469
104.23489499092102,110.1002426147461
104.28296375274658,110.17340087890625
104.33136343955994,110.4188232421875
104.38916563987732,110.5933609008789
104.43880105018616,110.71172332763672
104.48752450942993,110.69255828857422
104.53739309310913,110.48783874511719
104.58701133728027,110.16006469726562
104.63127589225769,109.79624938964844
104.68155312538147,109.49156951904297
104.7315661907196,109.16744995117188
104.78109502792358,108.73373413085938
104.83155155181885,108.146728515625
104.88143968582153,107.8030014038086
104.93275833129883,107.5915298461914
104.98119783401489,107.57894897460938
105.03649520874023,107.76793670654297
105.08321166038513,107.84224700927734
105.13327217102051,107.91705322265625
105.18148756027222,107.979736328125
105.23736763000488,108.2293472290039
105.28925204277039,108.50291442871094
105.33932423591614,108.80562591552734
105.38741874694824,109.08198547363281
105.43732333183289,109.19133758544922
105.48740291595459,109.22555541992188
105.53726482391357,109.50501251220703
105.58744502067566,109.9432144165039
105.63737344741821,110.48115539550781
105.6875205039978,110.97972869873047
105.73738718032837,111.41353607177734
105.78747391700745,111.68547821044922
105.83737778663635,111.82129669189453
105.88738536834717,111.8885498046875
105.9372947216034,111.86571502685547
105.98751068115234,111.79174041748047
106.03729629516602,111.61344146728516
106.08746433258057,111.24032592773438
106.13814377784729,110.86886596679688
106.18785905838013,110.48661041259766
106.23894929885864,110.51285552978516
106.28151154518127,110.8288345336914
106.33143377304077,111.2267837524414
106.38113498687744,111.61676788330078
106.43128824234009,111.7952651977539
106.48116970062256,111.9053955078125
106.53139901161194,111.9503173828125
106.58121967315674,111.93912506103516
106.63122844696045,111.9443588256836
106.68140649795532,111.86538696289062
106.73248314857483,114.31089782714844
106.78138303756714,114.16547393798828
106.83247375488281,114.06144714355469
106.88120460510254,114.20376586914062
106.93657422065735,114.4830551147461
106.99313068389893,114.82161712646484
107.04128074645996,115.07814025878906
107.0862729549408,115.19092559814453
107.13545298576355,115.27063751220703
107.18641996383667,115.27964782714844
107.2354383468628,115.22358703613281
107.28136563301086,115.17750549316406
107.3311824798584,115.02607727050781
107.3812370300293,114.95849609375
107.43111157417297,114.8076400756836
107.48140096664429,114.69375610351562
107.53109765052795,114.83656311035156
107.58123064041138,115.10139465332031
107.63113164901733,115.40843200683594
107.68131899833679,115.65242004394531
107.7311692237854,115.73261260986328
107.78749704360962,115.74795532226562
107.84234428405762,115.71206665039062
107.88403129577637,115.56861114501953
107.93111181259155,115.32926177978516
107.98144888877869,114.98934173583984
108.03122234344482,114.7291259765625
108.08144569396973,114.40961456298828
108.13121247291565,114.1755599975586
108.18135285377502,114.21900939941406
108.23116636276245,114.3914794921875
108.28127861022949,114.62653350830078
108.33114910125732,114.88207244873047
108.38144159317017,115.0323486328125
108.43126273155212,115.14921569824219
108.48132991790771,115.14331817626953
108.53114151954651,115.04885864257812
108.5812509059906,114.83477020263672
108.63945078849792,114.55120849609375
108.68953776359558,114.2027816772461
108.74223399162292,113.92459869384766
108.7896568775177,113.69573211669922
108.84302425384521,113.62403106689453
108.89281129837036,113.71854400634766
108.94148111343384,113.80716705322266
108.98988270759583,113.89543914794922
109.03464460372925,113.8699951171875
109.08419632911682,113.77106475830078
109.13147306442261,113.63751220703125
109.18137764930725,113.35527038574219
109.23118948936462,113.15308380126953
109.28137397766113,112.82258605957031
109.33114695549011,112.44083404541016
109.3812506198883,112.21281433105469
109.43116068840027,112.1950912475586
109.48125529289246,112.34850311279297
109.53112816810608,112.81715393066406
109.58131551742554,113.19725799560547
109.63109493255615,113.620849609375
109.6813497543335,113.89608764648438
109.73938369750977,114.0600357055664
109.78935742378235,114.17039489746094
109.8419873714447,114.20568084716797
109.89108228683472,114.2209701538086
109.9401638507843,114.1883316040039
109.99118304252625,114.11839294433594
110.04648351669312,113.97443389892578
110.08815836906433,113.88066864013672
110.13335418701172,113.97065734863281
110.18320369720459,114.25857543945312
110.23338437080383,114.62393951416016
110.2813618183136,115.01078033447266
110.33130836486816,115.20109558105469
110.38129472732544,115.2968978881836
110.43135523796082,115.27775573730469
110.48120474815369,115.2346420288086
110.53136420249939,115.13511657714844
110.5811927318573,114.9761962890625
110.63126540184021,114.77831268310547
110.68128681182861,114.48136901855469
110.73140931129456,114.23395538330078
110.78114485740662,114.19860076904297
110.84196496009827,114.45796203613281
110.89191389083862,114.82689666748047
110.93735551834106,115.2547378540039
110.98732805252075,115.50437927246094
111.03763341903687,115.699462890625
111.08741521835327,115.79219055175781
111.13145565986633,115.92288208007812
111.18139290809631,116.00498962402344
111.23115348815918,116.06709289550781
111.28118872642517,116.0456314086914
111.33117628097534,116.08565521240234
111.38128471374512,116.12273406982422
111.4312801361084,116.12158203125
111.48129606246948,116.29216766357422
111.53122234344482,116.48524475097656
111.58122968673706,116.6957778930664
111.6312665939331,116.78823852539062
111.68137836456299,116.7431869506836
111.73119711875916,116.6453628540039
111.78132057189941,116.48596954345703
111.84180569648743,116.26531219482422
111.89195275306702,116.11380004882812
111.93772864341736,115.8902587890625
111.9873559474945,115.71707153320312
112.04043412208557,115.63594818115234
112.09024477005005,115.55268859863281
112.14051795005798,115.63516235351562
112.19040942192078,115.86067199707031
112.23783683776855,116.1547622680664
112.2875599861145,116.4018325805664
112.33770084381104,116.47602081298828
112.38764214515686,116.51665496826172
112.43262839317322,116.49919891357422
112.48157048225403,116.37804412841797
112.53149962425232,116.15660095214844
112.58157873153687,115.85302734375
112.6313955783844,115.5543212890625
112.68170642852783,115.25257873535156
112.73145961761475,114.97930908203125
112.78171563148499,114.8651123046875
112.8314220905304,114.9433364868164
112.88171744346619,115.10507202148438
112.93149542808533,115.26981353759766
112.98163270950317,115.30496978759766
113.03140306472778,115.22370147705078
113.08154463768005,115.10023498535156
113.13151979446411,112.41110229492188
113.19026064872742,112.22940826416016
113.23982167243958,111.9703369140625
113.2901086807251,111.66963195800781
113.33929824829102,111.3657455444336
113.38799691200256,111.13843536376953
113.43765783309937,111.04888153076172
113.48768448829651,111.15093994140625
113.53748178482056,111.34239959716797
113.58762574195862,111.54777526855469
113.63745832443237,111.66260528564453
113.68763160705566,111.69190979003906
113.73746085166931,111.69447326660156
113.7876124382019,111.70130157470703
113.83737778663635,111.67529296875
113.88751888275146,111.59244537353516
113.9374852180481,111.48097229003906
113.98747611045837,111.3801040649414
114.03766918182373,111.34929656982422
114.09676098823547,111.48505401611328
114.13938903808594,111.76598358154297
114.18137955665588,112.15306091308594
114.23124122619629,112.51697540283203
114.28150868415833,112.66616821289062
114.33127045631409,112.70069122314453
114.38161087036133,112.67393493652344
114.43126654624939,112.63577270507812
114.48143768310547,112.57157897949219
114.53129196166992,112.45133209228516
114.5814950466156,112.28791809082031
114.63129615783691,112.11255645751953
114.68159604072571,111.89764404296875
114.73136878013611,111.83279418945312
114.78148674964905,111.92656707763672
114.83136177062988,112.06683349609375
114.892333984375,112.29418182373047
114.9426040649414,112.38392639160156
114.98758554458618,112.44332122802734
115.04553008079529,112.47998046875
115.08808445930481,112.5113525390625
115.14543771743774,112.53877258300781
115.18801760673523,112.50272369384766
115.23841214179993,112.33338165283203
115.289067029953,112.21515655517578
115.33806777000427,112.07733154296875
115.38136839866638,112.09406280517578
115.43174433708191,112.32528686523438
115.48274445533752,112.56541442871094
115.5316812992096,112.87887573242188
115.58235907554626,112.99120330810547
115.63160395622253,113.0431900024414
115.68184208869934,113.04344177246094
115.73135924339294,112.85379791259766
115.78146457672119,112.6990737915039
115.83138251304626,112.52980041503906
115.88141632080078,112.4739990234375
115.93133854866028,112.30611419677734
115.9815001487732,112.22586059570312
116.03135514259338,112.32672882080078
116.09075474739075,112.60103607177734
116.14422035217285,112.95891571044922
116.19185423851013,113.36521911621094
116.23800277709961,113.5462646484375
116.28957271575928,113.6979751586914
116.33806419372559,113.72819519042969
116.38244199752808,113.69651794433594
116.4316782951355,113.60491180419922
116.48257207870483,113.34736633300781
116.53180432319641,113.03466796875
116.58264970779419,112.71733856201172
116.63155031204224,112.40583038330078
116.68274450302124,112.25548553466797
116.7315137386322,112.31932830810547
116.78289031982422,112.47412872314453
116.8316056728363,112.73322296142578
116.88232278823853,112.98086547851562
116.93401885032654,113.08786010742188
116.98391819000244,113.04069519042969
117.03368020057678,112.88469696044922
117.08965706825256,112.6795883178711
117.1378743648529,112.38298034667969
117.18196749687195,111.99117279052734
117.23130130767822,111.6486587524414
117.28170371055603,111.29634094238281
117.33130621910095,111.05977630615234
117.38137984275818,111.00007629394531
117.43132209777832,111.18869018554688
117.48146343231201,111.3904800415039
117.5315580368042,111.40316009521484
117.5813980102539,111.2958984375
117.63131141662598,111.12845611572266
117.6814911365509,111.04594421386719
117.73134541511536,111.08879852294922
117.78170156478882,111.06612396240234
117.83140230178833,111.0010757446289
117.88476705551147,110.83656311035156
117.93960642814636,110.72875213623047
117.98892259597778,110.77692413330078
118.0379683971405,111.02924346923828
118.08757138252258,111.41278839111328
118.13760828971863,111.94478607177734
118.18775415420532,112.32610321044922
118.2376458644867,112.49182891845703
118.28804755210876,112.5946044921875
118.33765983581543,112.59576416015625
118.3876736164093,112.60929107666016
118.4376745223999,112.55412292480469
118.48759889602661,112.46990203857422
118.53808569908142,112.34699249267578
118.58763194084167,112.25274658203125
118.63784694671631,112.24287414550781
118.6878309249878,112.4498062133789
118.73805403709412,112.76183319091797
118.78959059715271,113.06462097167969
118.83774161338806,113.26846313476562
118.88778424263,113.18416595458984
118.94138026237488,113.07533264160156
118.98954916000366,112.97647094726562
119.03150677680969,112.89094543457031
119.0815680027008,112.7798080444336
119.13145303726196,112.51609802246094
119.18153381347656,112.17393493652344
119.23147988319397,112.01376342773438
119.28156852722168,111.95292663574219
119.3314778804779,112.07391357421875
119.38151717185974,112.43864440917969
119.43143725395203,112.84025573730469
119.48153591156006,113.18778228759766
119.53139019012451,115.98555755615234
119.58173894882202,116.09516143798828
119.63143062591553,116.1063461303711
119.68145060539246,116.04369354248047
119.73973941802979,115.93307495117188
119.78973269462585,115.80741119384766
119.83765029907227,115.69401550292969
119.88763427734375,115.63928985595703
119.93761277198792,115.65511322021484
119.98757815361023,115.7508316040039
120.03765654563904,116.02400207519531
120.0876452922821,116.39006805419922
120.13793897628784,116.73865509033203
120.18760395050049,116.91647338867188
120.23772239685059,116.99565887451172
120.28806257247925,116.92530822753906
120.33768320083618,116.77154541015625
120.38769197463989,116.523193359375
120.43762063980103,116.2618179321289
120.48769474029541,115.91336822509766
120.53809237480164,115.56561279296875
120.58762979507446,115.11591339111328
120.63767671585083,114.86407470703125
120.68772721290588,114.85260009765625
120.73783469200134,114.99662780761719
120.78793358802795,115.23663330078125
120.83757019042969,115.52132415771484
120.88751411437988,115.85387420654297
120.93770003318787,115.99077606201172
120.98771286010742,115.92533111572266
121.03811430931091,115.7431640625
121.08770084381104,115.52131652832031
121.13805723190308,115.17074584960938
121.18914842605591,114.78905487060547
121.23803806304932,114.45381927490234
121.28954243659973,114.15668487548828
121.3318886756897,113.988525390625
121.3827211856842,114.06072998046875
121.43164706230164,114.08758544921875
121.4826865196228,114.24555206298828
121.53187870979309,114.41141510009766
121.58267641067505,114.30755615234375
121.6315405368805,114.25846862792969
121.68281769752502,114.02050018310547
121.73159646987915,114.06845092773438
121.78291249275208,114.12425994873047
121.83141112327576,113.93592071533203
121.88162326812744,113.83309173583984
121.9314317703247,113.96907043457031
121.9815239906311,114.18885040283203
122.03994607925415,114.52120208740234
122.08975410461426,114.81787109375
122.13787722587585,115.12129211425781
122.18773555755615,115.33161926269531
122.23784971237183,115.42337799072266
122.28801417350769,115.48240661621094
122.33775472640991,115.47616577148438
122.38770413398743,115.4905014038086
122.43779921531677,115.44884490966797
122.48763012886047,115.31389617919922
122.53809595108032,115.183837890625
122.5934476852417,115.0589370727539
122.63775086402893,115.13162231445312
122.68779850006104,115.41785430908203
122.73780632019043,115.7359390258789
122.7878201007843,116.00577545166016
122.83782410621643,116.07719421386719
122.88769793510437,116.06536865234375
122.93786096572876,115.97569274902344
122.98761224746704,115.86317443847656
123.03773379325867,115.78285217285156
123.08783507347107,115.66852569580078
123.13789653778076,115.59297943115234
123.18769311904907,115.53559875488281
123.23768544197083,115.49429321289062
123.28766131401062,115.58447265625
123.33773303031921,115.91097259521484
123.38778495788574,116.30793762207031
123.43775820732117,116.70628356933594
123.48767113685608,116.92869567871094
123.53783917427063,117.04739379882812
123.58765959739685,117.03223419189453
123.63774061203003,116.95404052734375
123.68776988983154,116.81089782714844
123.73783135414124,116.62968444824219
123.78779697418213,116.38164520263672
123.83787870407104,116.18547821044922
123.88776922225952,116.02030944824219
123.93790054321289,115.92037963867188
123.98786783218384,116.0863037109375
124.03784990310669,116.374267578125
124.08778047561646,116.70857238769531
124.1378002166748,116.9419937133789
124.18774080276489,117.02774047851562
124.23785257339478,116.91362762451172
124.28770732879639,116.61892700195312
124.33781480789185,116.27706146240234
124.38759279251099,115.9417495727539
124.43781232833862,115.65949249267578
124.4877359867096,115.34100341796875
124.5378749370575,115.04177856445312
124.58787178993225,114.85680389404297
124.63781833648682,114.93425750732422
124.68774056434631,115.19943237304688
124.73780035972595,115.4248046875
124.78786373138428,115.70878601074219
124.83792185783386,115.77174377441406
124.88769507408142,115.78849792480469
124.93788838386536,115.73064422607422
124.9878134727478,115.5888442993164
125.03787994384766,115.3935546875
125.08782601356506,115.0274658203125
125.13775110244751,114.60706329345703
125.18769907951355,114.34593200683594
125.23783540725708,114.20792388916016
125.287850856781,114.2906494140625
125.33786916732788,114.58331298828125
125.38773512840271,114.92105865478516
125.43777751922607,115.3031005859375
125.48784613609314,115.57511138916016
125.53787088394165,115.74845886230469
125.58777141571045,115.83078002929688
125.63783431053162,115.83951568603516
125.6878912448883,115.78509521484375
125.73805117607117,115.66152954101562
125.78786587715149,115.44896697998047
125.83786344528198,115.2405776977539
125.88779139518738,115.06382751464844
125.93830466270447,112.75503540039062
125.98795580863953,112.99368286132812
126.03839111328125,113.22386169433594
126.08783912658691,113.49047088623047
126.13825345039368,113.59879302978516
126.18787908554077,113.49129486083984
126.23831152915955,113.32015228271484
126.28963780403137,113.16285705566406
126.3442907333374,113.11304473876953
126.39510154724121,113.04180145263672
126.43591117858887,112.96109008789062
126.48699045181274,112.89591979980469
126.53385019302368,112.87347412109375
126.58176398277283,113.02809143066406
126.63160967826843,113.3652572631836
126.68179178237915,113.72181701660156
126.73154544830322,114.06199645996094
126.7816321849823,114.26519012451172
126.83146595954895,114.3719482421875
126.88161587715149,114.34846496582031
126.93152070045471,114.29676055908203
126.98164105415344,114.13347625732422
127.03155755996704,113.93822479248047
127.08175110816956,113.73407745361328
127.1350884437561,113.52928924560547
127.19248652458191,113.30012512207031
127.23936414718628,113.21095275878906
127.28814506530762,113.39282989501953
127.3378963470459,113.7002944946289
127.3879041671753,114.12245178222656
127.43790984153748,114.41146850585938
127.48802995681763,114.60404968261719
127.5364236831665,114.75489807128906
127.58168125152588,114.82025146484375
127.63166737556458,114.68563079833984
127.68154811859131,114.58130645751953
127.73163914680481,114.37759399414062
127.78149104118347,114.32386779785156
127.83171725273132,114.1209487915039
127.88157844543457,113.95655822753906
127.9316828250885,113.95942687988281
127.98145484924316,114.13304901123047
128.03174138069153,114.32613372802734
128.08159351348877,114.44261932373047
128.1317114830017,114.43376159667969
128.18161273002625,114.29740905761719
128.2316436767578,114.12989807128906
128.29003357887268,113.95272064208984
128.3396909236908,113.67488098144531
128.3878116607666,113.12776947021484
128.44132542610168,112.54082489013672
128.48307847976685,111.97731018066406
128.5364956855774,111.7199478149414
128.58619117736816,112.20063781738281
128.63634967803955,113.46822357177734
128.686017036438,113.71891784667969
128.7360339164734,114.008056640625
128.78634810447693,114.14694213867188
128.83618092536926,115.5924072265625
128.88568496704102,115.53666687011719
128.93182039260864,115.2593994140625
128.98310661315918,114.8740463256836
129.0352840423584,114.4755859375
129.08159494400024,114.20201873779297
129.13173484802246,113.79926300048828
129.18989849090576,113.49729919433594
129.23986554145813,113.37372589111328
129.28826332092285,113.34382629394531
129.33790278434753,113.48015594482422
129.38839745521545,113.51813507080078
129.43933725357056,113.4352798461914
129.49458003044128,113.37227630615234
129.54395866394043,113.12372589111328
129.58661484718323,112.79008483886719
129.63739466667175,112.39627075195312
129.6840376853943,112.10294342041016
129.7340865135193,111.93238830566406
129.78386163711548,111.81133270263672
129.83673238754272,111.97428894042969
129.8817548751831,112.20734405517578
129.93186116218567,112.66119384765625
129.98171734809875,113.17181396484375
130.031756401062,113.51289367675781
130.08163785934448,113.82939147949219
130.13184595108032,114.1667251586914
130.1815755367279,114.4294662475586
130.23176193237305,114.62676239013672
130.28963351249695,114.72488403320312
130.3405213356018,114.87873077392578
130.38587069511414,114.92182159423828
130.435152053833,115.01654052734375
130.48198676109314,115.31744384765625
130.53287148475647,115.7297592163086
130.58189797401428,116.30972290039062
130.63283157348633,116.7583999633789
130.68188047409058,116.95626068115234
130.73279690742493,117.12811279296875
130.7816550731659,117.25285339355469
130.83171582221985,117.21141052246094
130.88158440589905,115.69792175292969
130.9316430091858,114.42353057861328
130.9815137386322,113.77227783203125
131.03170537948608,113.92172241210938
131.09226250648499,113.9842758178711
131.14244198799133,114.24828338623047
131.19060564041138,114.67288208007812
131.24164080619812,115.15422058105469
131.29193830490112,115.55528259277344
131.34125518798828,115.85944366455078
131.3914771080017,116.03933715820312
131.44148921966553,116.21271514892578
131.49127340316772,116.31199645996094
131.5384430885315,116.34539031982422
131.59393906593323,116.30094146728516
131.64186453819275,116.13951110839844
131.69424653053284,115.8569564819336
131.74319767951965,115.70536804199219
131.78588342666626,115.90971374511719
131.83564829826355,116.17951202392578
131.88595032691956,116.43936920166016
131.93526768684387,116.57086181640625
131.98553204536438,116.63844299316406
132.03561091423035,116.61551666259766
132.08504581451416,116.57089233398438
132.13564157485962,116.55814361572266
132.18574619293213,116.47236633300781
132.23528003692627,116.38701629638672
132.28537559509277,116.29703521728516
132.33553457260132,118.85224151611328
132.38546133041382,118.9903335571289
132.43569540977478,119.29788208007812
132.49189805984497,119.6751937866211
132.54824328422546,120.06190490722656
132.58850765228271,120.27290344238281
132.63461112976074,120.32744598388672
132.6840856075287,120.26126861572266
132.73413133621216,120.13314056396484
132.7842276096344,119.98164367675781
132.83424282073975,119.75286102294922
132.88407468795776,119.49771881103516
132.93425607681274,119.23844909667969
132.984201669693,119.01054382324219
133.0342013835907,118.95292663574219
133.08444499969482,119.12671661376953
133.13413262367249,119.36143493652344
133.18418645858765,119.56473541259766
133.23411893844604,119.62138366699219
133.28534245491028,119.58039093017578
133.34391403198242,119.4052505493164
133.392174243927,119.2822265625
133.43795609474182,119.25114440917969
133.4879331588745,119.2475814819336
133.53805375099182,119.10987854003906
133.58826613426208,119.03768920898438
133.63861417770386,119.03015899658203
133.6877384185791,118.90262603759766
133.7342085838318,118.94125366210938
133.7846758365631,119.03932189941406
133.8344442844391,119.7993392944336
133.884348154068,120.58247375488281
133.93384504318237,120.92509460449219
133.98382139205933,120.81634521484375
134.03377485275269,120.5553207397461
134.08412051200867,120.2197036743164
134.1337890625,119.92825317382812
134.18393874168396,119.85848236083984
134.23371243476868,120.00741577148438
134.28378748893738,119.86145782470703
134.33403944969177,120.0462875366211
134.3838713169098,120.19259643554688
134.44342136383057,120.74600982666016
134.49318599700928,121.20777130126953
134.54133987426758,121.33612823486328
134.5915446281433,121.5760498046875
134.64145159721375,121.93311309814453
134.6912341117859,123.82189178466797
134.7412211894989,124.14108276367188
134.79120111465454,124.07060241699219
134.84168219566345,123.78018188476562
134.89112997055054,123.55370330810547
134.94102811813354,123.53703308105469
134.99069929122925,123.63235473632812
135.04102444648743,123.96705627441406
135.0909218788147,124.24842071533203
135.14076018333435,124.583251953125
135.19075393676758,124.81676483154297
135.24084568023682,124.89620971679688
135.29059171676636,124.84619903564453
135.3413486480713,124.69434356689453
135.39069366455078,124.53700256347656
135.4408905506134,124.3238525390625
135.49064588546753,124.2108154296875
135.5408651828766,124.00123596191406
135.59095430374146,123.8776626586914
135.64111804962158,124.00223541259766
135.6908679008484,124.36345672607422
135.7408766746521,124.8300552368164
135.7906367778778,125.2886962890625
135.8413209915161,125.60588836669922
135.89063620567322,125.81998443603516
135.94091248512268,125.88331604003906
135.99068760871887,125.94145965576172
136.04105377197266,125.89151000976562
136.09094953536987,125.80097198486328
136.14089846611023,125.62490844726562
136.19072794914246,125.49480438232422
136.24094319343567,125.34972381591797
136.29078221321106,125.26100158691406
136.3414056301117,125.4448013305664
136.39079117774963,125.77837371826172
136.44089078903198,126.17681121826172
136.490740776062,126.50960540771484
136.54105019569397,126.67803955078125
136.5911509990692,126.66211700439453
136.64089107513428,126.55403900146484
136.6906852722168,126.43162536621094
136.7409679889679,126.23335266113281
136.7907199859619,126.01063537597656
136.84131455421448,125.8283462524414
136.89059472084045,125.64799499511719
136.93396162986755,125.48503112792969
136.98397374153137,125.46759033203125
137.03397464752197,125.6196060180664
137.08433175086975,125.88812255859375
137.13391184806824,126.16780853271484
137.1838538646698,126.25072479248047
137.23394680023193,126.2124252319336
137.28392791748047,126.03355407714844
137.3341417312622,125.85240173339844
137.38386869430542,125.54230499267578
137.4339463710785,125.25677490234375
137.48386216163635,124.86392211914062
137.5338475704193,124.4747543334961
137.58437156677246,123.97077178955078
137.64309000968933,123.72473907470703
137.6929395198822,123.50947570800781
137.74099373817444,123.67984771728516
137.79068994522095,123.50816345214844
137.8413007259369,123.43289947509766
137.8906922340393,123.19668579101562
137.9409155845642,122.77173614501953
137.9906928539276,122.49629974365234
138.04091453552246,122.15441131591797
138.0909125804901,121.66862487792969
138.14119815826416,121.48644256591797
138.1921627521515,121.34422302246094
138.23418283462524,120.80754089355469
138.28500652313232,120.45730590820312
138.33433747291565,120.33535766601562
138.38506984710693,120.1947250366211
138.43418741226196,120.37071228027344
138.4851269721985,120.36055755615234
138.53200268745422,120.08717346191406
138.58194255828857,119.85567474365234
138.63168931007385,119.61459350585938
138.68195486068726,119.53266906738281
138.7317852973938,116.88491821289062
138.78200459480286,116.8797836303711
138.83190655708313,116.99311828613281
138.88204097747803,117.06747436523438
138.94273018836975,117.09075927734375
138.9927966594696,117.39974212646484
139.04135656356812,117.75749206542969
139.09277200698853,118.40166473388672
139.14110016822815,118.88446044921875
139.1908712387085,119.09233856201172
139.24115085601807,119.40087890625
139.29077553749084,119.87320709228516
139.34140038490295,120.43925476074219
139.39071607589722,120.54342651367188
139.44091892242432,120.62922668457031
139.49064707756042,120.6732406616211
139.54094815254211,120.53150939941406
139.5911090373993,120.60903930664062
139.64091396331787,120.85909271240234
139.69073033332825,121.23860168457031
139.7410638332367,121.79142761230469
139.79076719284058,122.26829528808594
139.84140920639038,122.7352294921875
139.89073610305786,123.06198120117188
139.9407365322113,123.0504379272461
139.99077725410461,122.8681640625
140.04101538658142,122.63771057128906
140.09109258651733,122.287353515625
140.14093542099,122.00050354003906
140.1906976699829,121.80026245117188
140.24090194702148,121.62332153320312
140.29092717170715,121.53711700439453
140.34140419960022,121.67003631591797
140.3907642364502,122.03793334960938
140.4410696029663,122.52069091796875
140.4908709526062,122.96989440917969
140.54108262062073,123.36688995361328
140.59113836288452,123.61199188232422
140.64121532440186,123.6430892944336
140.69081568717957,123.54231262207031
140.74101185798645,123.35308837890625
140.79081201553345,123.07601165771484
140.841322183609,122.79403686523438
140.89079093933105,122.58590698242188
140.94106435775757,122.33293151855469
140.99077033996582,122.22563171386719
141.03799867630005,122.3614501953125
141.0838782787323,122.71060180664062
141.1342580318451,123.21826934814453
141.1842565536499,123.67799377441406
141.23426365852356,124.05074310302734
141.28425931930542,124.23567962646484
141.33413362503052,124.2552490234375
141.38428831100464,124.14437103271484
141.43201208114624,123.92960357666016
141.48199200630188,123.70258331298828
141.5317964553833,123.45221710205078
141.58197498321533,123.25144958496094
141.63185501098633,122.90909576416016
141.68210077285767,122.81250762939453
141.73192071914673,122.88894653320312
141.79020166397095,123.1562728881836
141.84261846542358,123.51156616210938
141.89146828651428,123.80549621582031
141.94180345535278,124.15227508544922
141.99158811569214,124.40834045410156
142.04119324684143,124.41461944580078
142.0920660495758,124.25312805175781
142.1418535709381,123.94036865234375
142.19099640846252,123.4580307006836
142.2413387298584,122.6696548461914
142.29258275032043,121.99051666259766
142.34175848960876,121.46924591064453
142.39150309562683,121.25540161132812
142.44192218780518,121.05778503417969
142.4916455745697,121.18444061279297
142.5388286113739,120.99246215820312
142.59199976921082,120.77694702148438
142.64354538917542,120.43939208984375
142.68597531318665,120.06558227539062
142.73473620414734,119.76478576660156
142.7845356464386,119.5584945678711
142.83576107025146,119.15714263916016
142.88364219665527,118.73004913330078
142.93561935424805,118.52920532226562
142.9855990409851,118.07491302490234
143.0360028743744,117.7061767578125
143.08515334129333,117.66126251220703
143.136070728302,117.68485260009766
143.1849615573883,118.1886978149414
143.23502779006958,118.54301452636719
143.28615546226501,118.61234283447266
143.33599710464478,118.65850067138672
143.39038157463074,118.50733947753906
143.44051265716553,118.38955688476562
143.48858094215393,118.14584350585938
143.5382981300354,118.0843734741211
143.58841013908386,118.73589324951172
143.63866925239563,119.55452728271484
143.68858242034912,119.95608520507812
143.73828625679016,120.55207061767578
143.7885925769806,121.05757141113281
143.83831596374512,121.5340805053711
143.88866090774536,121.9278793334961
143.9383363723755,122.30918884277344
143.98847770690918,122.54094696044922
144.0383107662201,122.69288635253906
144.08845162391663,122.80856323242188
144.1381847858429,122.82344818115234
144.18844556808472,122.79661560058594
144.23832774162292,122.72607421875
144.2886290550232,122.49635314941406
144.33826851844788,122.32267761230469
144.3882851600647,122.10920715332031
144.43805360794067,122.3921127319336
144.48816871643066,122.89724731445312
144.5380859375,123.26966857910156
144.5884871482849,123.6131591796875
144.6395754814148,123.78572082519531
144.68261003494263,123.8208236694336
144.73340773582458,123.7386474609375
144.7820417881012,123.61328887939453
144.83313155174255,123.50320434570312
144.88205361366272,123.385986328125
144.93307733535767,123.33428192138672
144.9819357395172,123.32308197021484
145.03670859336853,123.36550903320312
145.081946849823,123.48374938964844
145.1320013999939,126.46321868896484
145.18186616897583,126.93848419189453
145.2320156097412,127.32401275634766
145.2818465232849,127.57445526123047
145.33196353912354,127.6723861694336
145.39016580581665,127.59248352050781
145.44009256362915,127.46389770507812
145.4882185459137,127.26670837402344
145.53803086280823,127.112548828125
145.58818817138672,126.9521255493164
145.63816380500793,126.87120056152344
145.68851852416992,126.6919937133789
145.7380976676941,126.55148315429688
145.78809666633606,126.57986450195312
145.84525680541992,126.7873764038086
145.882728099823,127.02688598632812
145.9319851398468,127.18336486816406
145.98190879821777,127.20315551757812
146.03200602531433,127.07081604003906
146.08179354667664,126.96330261230469
146.13197779655457,126.78087615966797
146.18174576759338,126.52926635742188
146.2320327758789,126.35769653320312
146.28187441825867,125.98894500732422
146.33208203315735,126.21928405761719
146.3817732334137,126.11343383789062
146.43200755119324,125.95491790771484
146.4817774295807,125.99191284179688
146.5320565700531,126.07890319824219
146.58412504196167,126.08680725097656
146.64280724525452,125.90139770507812
146.68983721733093,125.15889739990234
146.73822927474976,124.83951568603516
146.78811073303223,124.94377899169922
146.83832120895386,126.318115234375
146.8880844116211,128.27902221679688
146.93821215629578,127.87309265136719
146.98819208145142,127.21681213378906
147.03809309005737,127.13276672363281
147.08807563781738,127.02086639404297
147.1382234096527,127.35401153564453
147.18801975250244,127.66737365722656
147.23821806907654,127.69657135009766
147.28811287879944,127.71729278564453
147.33820223808289,127.63285827636719
147.388174533844,127.54071044921875
147.4382152557373,127.41450500488281
147.48807191848755,127.27897644042969
147.53811717033386,128.0878143310547
147.58795738220215,128.19273376464844
147.63811683654785,128.4781951904297
147.68798089027405,128.92295837402344
147.7381308078766,129.65194702148438
147.78816032409668,130.2934112548828
147.83820819854736,130.75306701660156
147.88819646835327,131.26918029785156
147.9382083415985,131.5470733642578
147.98803853988647,131.83688354492188
148.03820037841797,131.89549255371094
148.08795714378357,131.9108428955078
148.1383306980133,131.8294677734375
148.19403910636902,131.5632781982422
148.2321949005127,131.42953491210938
148.28215765953064,131.40562438964844
148.33199429512024,131.56520080566406
148.3820354938507,131.9353485107422
148.43186378479004,132.28041076660156
148.48213076591492,132.62826538085938
148.53192043304443,132.8222198486328
148.5820870399475,132.81565856933594
148.6319489479065,132.75018310546875
148.6821105480194,132.5888214111328
148.73193073272705,132.45223999023438
148.78212332725525,132.27053833007812
148.83197498321533,132.0786895751953
148.88204979896545,131.96192932128906
148.94271802902222,131.99229431152344
148.99273252487183,132.20404052734375
149.0382616519928,132.57537841796875
149.08801674842834,132.97373962402344
149.13812518119812,133.34164428710938
149.18789672851562,133.6402130126953
149.23845148086548,133.80892944335938
149.2896764278412,133.80467224121094
149.33209371566772,133.7869110107422
149.382075548172,133.623779296875
149.43187928199768,133.41697692871094
149.48203563690186,133.32815551757812
149.53191924095154,133.1558380126953
149.5821623802185,133.1134490966797
149.63193202018738,133.18338012695312
149.68214082717896,133.43496704101562
149.73390412330627,133.8577880859375
149.78209519386292,134.23802185058594
149.83206605911255,134.5353546142578
149.8820960521698,134.67465209960938
149.93193650245667,134.6834716796875
149.9820957183838,134.636474609375
150.0427417755127,134.49034118652344
150.09292697906494,134.3114776611328
150.13826537132263,134.23568725585938
150.192058801651,134.09329223632812
150.2415201663971,133.9833221435547
150.2914023399353,134.0799560546875
150.34222054481506,134.31239318847656
150.3921136856079,134.57777404785156
150.44117951393127,134.85458374023438
150.4921317100525,135.1405029296875
150.5415289402008,135.21356201171875
150.59244656562805,135.19223022460938
150.6414258480072,135.06153869628906
150.6925311088562,134.8479461669922
150.74164366722107,134.569580078125
150.79211020469666,134.12767028808594
150.8420443534851,132.947265625
150.8925108909607,129.86721801757812
150.94174242019653,129.50115966796875
150.99212956428528,129.76177978515625
151.04184007644653,130.0436248779297
151.09246349334717,130.40728759765625
151.14151239395142,130.6453399658203
151.19218945503235,130.54429626464844
151.24101400375366,130.4136505126953
151.28899955749512,130.17535400390625
151.34370803833008,129.8021240234375
151.3942379951477,129.24691772460938
151.4334762096405,128.64297485351562
151.48621892929077,128.27691650390625
151.53490352630615,127.68710327148438
151.58528113365173,127.3462142944336
151.63616228103638,127.15711212158203
151.68455386161804,127.13568115234375
151.73600363731384,127.3468246459961
151.7836401462555,127.40738677978516
151.83552145957947,127.40870666503906
151.8848159313202,127.4130630493164
151.93451571464539,127.43550872802734
151.98664498329163,127.54199981689453
152.03525972366333,127.75381469726562
152.08621621131897,127.955810546875
152.1432580947876,128.19070434570312
152.19424867630005,128.04766845703125
152.23327445983887,127.97010040283203
152.28231930732727,128.1068572998047
152.33210968971252,128.48446655273438
152.38211011886597,129.2094268798828
152.43196153640747,129.67080688476562
152.48220443725586,129.8954620361328
152.5320749282837,130.0928955078125
152.58219933509827,130.18666076660156
152.631991147995,130.3948516845703
152.68224167823792,130.45867919921875
152.7320065498352,130.47470092773438
152.78220558166504,130.68527221679688
152.83209085464478,130.63075256347656
152.88217115402222,130.5996551513672
152.93218326568604,130.92332458496094
152.9903576374054,131.35719299316406
153.0396580696106,132.0697021484375
153.08840084075928,132.6257781982422
153.13824796676636,133.08038330078125
153.18823885917664,133.19631958007812
153.23815155029297,133.4591827392578
153.28823328018188,133.6648406982422
153.3381953239441,133.74307250976562
153.38860154151917,133.83950805664062
153.439795255661,133.96795654296875
153.48858451843262,133.8104705810547
153.53864216804504,133.82057189941406
153.58725929260254,133.81871032714844
153.63312411308289,134.0638427734375
153.68235993385315,134.4457550048828
153.73225831985474,134.88108825683594
153.78201055526733,135.2760009765625
153.83219599723816,135.53952026367188
153.88189792633057,135.5923309326172
153.93220233917236,135.56838989257812
153.98205995559692,135.44729614257812
154.03217768669128,135.38113403320312
154.08197712898254,135.28890991210938
154.13217663764954,135.26776123046875
154.18196821212769,135.18972778320312
154.2321014404297,135.1668243408203
154.29020524024963,135.3505096435547
154.34029912948608,135.67086791992188
154.38217616081238,136.0286102294922
154.4322645664215,136.24465942382812
154.48203539848328,136.38528442382812
154.53216576576233,136.3833770751953
154.5820815563202,136.3897247314453
154.63671398162842,136.51422119140625
154.68222165107727,136.6379852294922
154.73223090171814,136.7521514892578
154.7863311767578,136.9066162109375
154.83211135864258,137.0085906982422
154.88225293159485,137.10812377929688
154.93216228485107,137.30104064941406
154.98207116127014,137.54791259765625
155.03217673301697,137.7987823486328
155.09063863754272,137.9542236328125
155.14035034179688,137.968505859375
155.18834781646729,137.86134338378906
155.24546575546265,137.6343231201172
155.29044222831726,137.35035705566406
155.3388478755951,137.1315155029297
155.39079475402832,136.8607940673828
155.43852710723877,136.476318359375
155.4882628917694,136.22828674316406
155.53832483291626,136.1328582763672
155.58843564987183,136.00482177734375
155.63822078704834,136.14865112304688
155.6821620464325,136.76290893554688
155.73231315612793,138.2352752685547
155.78219962120056,138.6400604248047
155.83211946487427,138.59840393066406
155.88220191001892,138.41912841796875
155.93202996253967,138.19830322265625
155.9822075366974,137.98219299316406
156.0320897102356,137.7139892578125
156.08220601081848,137.4009552001953
156.1323001384735,137.22186279296875
156.1821939945221,136.80906677246094
156.23205828666687,136.5245361328125
156.2821967601776,136.4940643310547
156.33205485343933,136.5887451171875
156.39040517807007,136.88638305664062
156.44022583961487,137.04635620117188
156.48842811584473,137.0323486328125
156.5382251739502,136.98394775390625
156.58833599090576,136.9143829345703
156.63820099830627,136.8983154296875
156.688374042511,136.79730224609375
156.73829340934753,136.7083282470703
156.78834295272827,136.74325561523438
156.83825039863586,136.70323181152344
156.88828349113464,136.73159790039062
156.93837189674377,137.083251953125
156.9883108139038,137.43533325195312
157.03840899467468,137.95321655273438
157.08819103240967,138.3144073486328
157.13841652870178,138.436279296875
157.18824887275696,138.5736541748047
157.23824262619019,138.64427185058594
157.28843784332275,138.75572204589844
157.33826661109924,138.79978942871094
157.39028239250183,138.7492218017578
157.440509557724,139.10931396484375
157.4884262084961,139.3732147216797
157.53822779655457,140.0569305419922
157.58826732635498,141.2046661376953
157.63836789131165,141.59568786621094
157.6884732246399,141.95558166503906
157.73931169509888,142.19671630859375
157.78317189216614,142.56834411621094
157.8325502872467,142.7208709716797
157.88225746154785,142.64266967773438
157.93261289596558,142.60345458984375
157.98215413093567,142.40316772460938
158.0326373577118,142.20782470703125
158.08223390579224,142.03311157226562
158.13260555267334,141.91644287109375
158.18219137191772,141.82470703125
158.23270225524902,141.7907257080078
158.2821877002716,141.97384643554688
158.33257222175598,142.422119140625
158.38221669197083,142.69126892089844
158.43254947662354,142.96542358398438
158.4824674129486,143.216552734375
158.54193902015686,143.23866271972656
158.59030890464783,143.1901092529297
158.63895225524902,143.13552856445312
158.68851566314697,142.93218994140625
158.73900485038757,142.7147674560547
158.7884647846222,142.59689331054688
158.8389766216278,142.3605499267578
158.8884632587433,142.19776916503906
158.93878078460693,142.20596313476562
158.9884490966797,142.42091369628906
159.03885221481323,142.79942321777344
159.08851647377014,143.1610870361328
159.1388132572174,143.45892333984375
159.1883978843689,143.6524200439453
159.23855757713318,143.67791748046875
159.2884120941162,143.7090606689453
159.33848333358765,143.66351318359375
159.38847994804382,143.57473754882812
159.4384162425995,143.4522705078125
159.48839735984802,143.33888244628906
159.53844594955444,143.06039428710938
159.58839583396912,142.89501953125
159.63852763175964,142.88238525390625
159.6884322166443,142.95132446289062
159.73842191696167,143.05889892578125
159.78824186325073,143.3183135986328
159.83848404884338,143.5920867919922
159.8884150981903,143.9176483154297
159.93854665756226,144.20538330078125
159.98839831352234,144.3437042236328
160.03855729103088,144.2617645263672
160.08829927444458,144.05726623535156
160.13835072517395,143.8649444580078
160.18833541870117,143.74488830566406
160.23850464820862,143.2527313232422
160.288334608078,143.25064086914062
160.33850955963135,143.31024169921875
160.38842368125916,143.7358856201172
160.4385223388672,144.14471435546875
160.4884011745453,144.22801208496094
160.53849482536316,144.19741821289062
160.58838367462158,144.05780029296875
160.63850355148315,143.89895629882812
160.68845319747925,143.63490295410156
160.73852801322937,143.39993286132812
160.78839111328125,145.86399841308594
160.8385305404663,142.86126708984375
160.8883786201477,142.5360565185547
160.93854761123657,142.31942749023438
160.98839831352234,142.1294708251953
161.03870010375977,142.59219360351562
161.0884416103363,143.63720703125
161.13843846321106,143.22494506835938
161.18846678733826,142.57232666015625
161.2385377883911,141.61407470703125
161.2883312702179,138.8203125
161.33839178085327,137.08705139160156
161.38851380348206,137.67868041992188
161.43857860565186,137.01470947265625
161.4883954524994,136.24652099609375
161.53846883773804,136.18968200683594
161.58848094940186,135.79209899902344
161.6385681629181,135.07769775390625
161.68843841552734,134.90431213378906
161.7386074066162,136.1210479736328
161.78839564323425,135.12889099121094
161.8385226726532,133.8992156982422
161.88831090927124,133.01316833496094
161.93847227096558,132.24197387695312
161.98840522766113,131.468994140625
162.0385046005249,130.66421508789062
162.08840441703796,129.7672119140625
162.13882160186768,128.91416931152344
162.1883499622345,128.06442260742188
162.23897123336792,127.4790267944336
162.28995275497437,127.1090087890625
162.33280324935913,127.05072021484375
162.38351106643677,127.12767028808594
162.43234491348267,127.19419860839844
162.48225831985474,127.3372573852539
162.53239464759827,127.49397277832031
162.58262467384338,127.74957275390625
162.632173538208,128.113037109375
162.68236017227173,128.56692504882812
162.73224353790283,129.05455017089844
162.7823269367218,129.5641326904297
162.8324191570282,130.08335876464844
162.88230299949646,130.66824340820312
162.9321587085724,131.1338348388672
162.98238682746887,131.65260314941406
163.0407452583313,132.1549072265625
163.09083938598633,130.43887329101562
163.14098477363586,130.6115264892578
163.19333028793335,130.8271484375
163.2324366569519,130.9945068359375
163.28387880325317,131.14549255371094
163.3345868587494,131.2569122314453
163.38693737983704,131.40382385253906
163.43545174598694,131.59835815429688
163.48634934425354,131.8690948486328
163.53655552864075,132.0828399658203
163.58643007278442,132.47280883789062
163.63638496398926,132.91494750976562
163.6846888065338,133.39405822753906
163.73527908325195,133.89695739746094
163.7862844467163,134.1176300048828
163.83576250076294,134.15914916992188
163.88589930534363,134.21517944335938
163.94411420822144,134.35635375976562
163.99451637268066,134.46546936035156
164.03303837776184,134.62754821777344
164.08273887634277,134.60618591308594
164.13219475746155,134.57652282714844
164.18233823776245,134.6544647216797
164.2322220802307,135.02195739746094
164.28234934806824,135.46861267089844
164.3324909210205,136.20654296875
164.38225841522217,136.71250915527344
164.4321699142456,136.05458068847656
164.4823498725891,135.95057678222656
164.53213953971863,136.1195526123047
164.58273458480835,136.7124786376953
164.6321358680725,137.4888916015625
164.68238258361816,138.6551513671875
164.73265886306763,139.57229614257812
164.79053401947021,140.14210510253906
164.8407952785492,140.54470825195312
164.89050006866455,140.8196258544922
164.93970918655396,141.11170959472656
164.9885129928589,141.2623748779297
165.03848505020142,141.39715576171875
165.08887028694153,141.52267456054688
165.14829087257385,141.89260864257812
165.18846082687378,142.26914978027344
165.2370285987854,142.05943298339844
165.28247952461243,141.9369659423828
165.33257460594177,142.15525817871094
165.38231301307678,142.311767578125
165.43238878250122,142.38560485839844
165.48222017288208,142.5521697998047
165.53236985206604,142.69561767578125
165.58216857910156,142.88720703125
165.63238906860352,142.97938537597656
165.68227458000183,143.1318817138672
165.73245453834534,143.12208557128906
165.78248810768127,142.98886108398438
165.8325502872467,142.62411499023438
165.88244891166687,142.36099243164062
165.932377576828,142.7967987060547
165.9931333065033,143.2014617919922
166.04289960861206,143.4107666015625
166.088805437088,143.4773406982422
166.1385428905487,143.3365020751953
166.1885232925415,143.07598876953125
166.2384638786316,142.5846710205078
166.28852438926697,142.28294372558594
166.34564805030823,142.0903778076172
166.3888680934906,142.13214111328125
166.43873643875122,142.15249633789062
166.48835945129395,142.18406677246094
166.54556822776794,142.2585906982422
166.59178042411804,142.4156036376953
166.6417887210846,142.674072265625
166.68704557418823,142.9190216064453
166.73286366462708,143.044189453125
166.78280425071716,143.0849609375
166.83268284797668,143.02362060546875
166.88262963294983,142.93309020996094
166.93249773979187,142.80099487304688
166.98241114616394,142.6204376220703
167.032217502594,142.31126403808594
167.08240580558777,142.15480041503906
167.1323163509369,142.0328369140625
167.18241047859192,142.0194549560547
167.23221683502197,142.26795959472656
167.28243136405945,142.64227294921875
167.3322525024414,143.1157684326172
167.39070343971252,143.3773193359375
167.44055724143982,143.48342895507812
167.48235321044922,143.54632568359375
167.53233528137207,143.52566528320312
167.58220672607422,143.52239990234375
167.63240671157837,143.4366912841797
167.6823329925537,143.21182250976562
167.73248434066772,143.1147003173828
167.78230571746826,143.05165100097656
167.8323905467987,142.9876251220703
167.88233995437622,143.13851928710938
167.93245339393616,143.39866638183594
167.98224592208862,143.93844604492188
168.0324511528015,144.5043487548828
168.08220648765564,144.73175048828125
168.13232564926147,144.74526977539062
168.1903269290924,144.6714630126953
168.24053382873535,144.55596923828125
168.2823977470398,144.3747100830078
168.33665490150452,144.17225646972656
168.38241267204285,143.8616180419922
168.43242526054382,143.7176971435547
168.48610544204712,143.3093719482422
168.53634905815125,142.89662170410156
168.58668422698975,142.73544311523438
168.6358664035797,142.80477905273438
168.68580508232117,143.0030517578125
168.73612236976624,143.49977111816406
168.78619933128357,144.38699340820312
168.83625102043152,144.98843383789062
168.88442134857178,145.17637634277344
168.93444442749023,145.15992736816406
168.99115252494812,145.19265747070312
169.04302954673767,145.39620971679688
169.08508110046387,145.4202423095703
169.13460683822632,144.67697143554688
169.18450331687927,144.2972412109375
169.23445105552673,144.17417907714844
169.28451251983643,144.2058868408203
169.33451914787292,144.37867736816406
169.38436818122864,144.34820556640625
169.43435859680176,144.1855010986328
169.48448395729065,144.02552795410156
169.53444051742554,143.84518432617188
169.58441495895386,143.61582946777344
169.6344120502472,143.39404296875
169.68429708480835,143.19561767578125
169.7343819141388,143.16494750976562
169.78622341156006,142.9979705810547
169.84386730194092,143.09051513671875
169.89255285263062,143.305908203125
169.94158244132996,143.69195556640625
169.99132680892944,144.1897735595703
170.04156517982483,144.46337890625
170.0912880897522,144.6385955810547
170.14162516593933,144.7080535888672
170.19129371643066,144.73953247070312
170.2415313720703,144.6497344970703
170.29017210006714,144.60952758789062
170.33938002586365,144.89634704589844
170.38766026496887,145.142333984375
170.4327392578125,145.28797912597656
170.4827160835266,145.72523498535156
170.53244805335999,146.14413452148438
170.5826494693756,146.73268127441406
170.6323721408844,147.15966796875
170.6827244758606,147.7518768310547
170.73252940177917,148.1220245361328
170.78267312049866,148.31729125976562
170.832537651062,148.49017333984375
170.88278603553772,148.517333984375
170.93250679969788,148.49339294433594
170.98263788223267,148.46018981933594
171.0324990749359,148.4054412841797
171.0825650691986,148.36509704589844
171.14104866981506,148.4051513671875
171.1907811164856,148.619873046875
171.23922777175903,149.00393676757812
171.29551362991333,149.40228271484375
171.34142518043518,149.78436279296875
171.39184308052063,150.0205535888672
171.44151949882507,150.1263427734375
171.49158143997192,150.23443603515625
171.5412437915802,150.38470458984375
171.59136652946472,150.49700927734375
171.64126014709473,150.47918701171875
171.6914427280426,150.49325561523438
171.74115252494812,150.43214416503906
171.79134249687195,150.362060546875
171.84123992919922,150.5263671875
171.89150071144104,150.79754638671875
171.9411804676056,151.0810089111328
171.99143767356873,151.3595428466797
172.04108548164368,151.5111541748047
172.0912947654724,151.55865478515625
172.1412227153778,151.4715118408203
172.19143629074097,151.3857879638672
172.2414288520813,151.21340942382812
172.29141664505005,151.00543212890625
172.34111785888672,150.8485565185547
172.3914659023285,150.7527618408203
172.44120049476624,150.68959045410156
172.49134421348572,150.7154998779297
172.54120063781738,150.9569549560547
172.59143090248108,151.2438507080078
172.64121961593628,151.56195068359375
172.69146156311035,151.846435546875
172.74120903015137,151.9330596923828
172.7915005683899,151.87374877929688
172.8413598537445,151.72767639160156
172.89137244224548,151.54876708984375
172.941180229187,151.370361328125
172.99139404296875,151.13658142089844
173.0411114692688,151.00927734375
173.0913815498352,150.83627319335938
173.14118766784668,150.79319763183594
173.1914734840393,150.68304443359375
173.2421658039093,150.6791534423828
173.29131817817688,150.85023498535156
173.33445405960083,151.11679077148438
173.3848102092743,151.43907165527344
173.43454790115356,151.6456756591797
173.48461747169495,151.6985321044922
173.53449773788452,151.65493774414062
173.58448147773743,151.4977264404297
173.63450860977173,151.3340606689453
173.6845679283142,151.05804443359375
173.73458981513977,150.73715209960938
173.78448939323425,150.3468475341797
173.8346025943756,149.982421875
173.88454699516296,149.70176696777344
173.9344937801361,149.7670440673828
173.984459400177,150.04180908203125
174.04311800003052,150.7134246826172
174.09370017051697,151.47262573242188
174.13851523399353,152.2178192138672
174.1825511455536,152.4168701171875
174.23271656036377,152.41668701171875
174.28278255462646,152.35279846191406
174.33260416984558,152.14370727539062
174.38272953033447,151.91171264648438
174.43239617347717,151.6202850341797
174.4827868938446,151.3004608154297
174.53242206573486,150.925537109375
174.58254528045654,150.72108459472656
174.63243651390076,150.31948852539062
174.682621717453,150.09449768066406
174.73237419128418,150.0269775390625
174.78252458572388,150.09149169921875
174.83306884765625,150.317138671875
174.8935079574585,150.36708068847656
174.9409728050232,150.2681884765625
174.98873615264893,150.17050170898438
175.0385971069336,149.95875549316406
175.0888044834137,149.74136352539062
175.13854837417603,149.4901580810547
175.18871355056763,149.22789001464844
175.23861050605774,148.92626953125
175.28878784179688,148.83523559570312
175.33868956565857,148.95140075683594
175.3887403011322,148.88829040527344
175.43877291679382,149.11294555664062
175.48881578445435,149.46075439453125
175.53869485855103,149.99501037597656
175.5887575149536,150.29257202148438
175.63863325119019,150.37063598632812
175.68891668319702,150.3950958251953
175.7385880947113,150.32298278808594
175.78864860534668,150.27447509765625
175.83868980407715,150.29441833496094
175.88875102996826,150.22178649902344
175.93864512443542,150.0072021484375
175.98883748054504,149.76065063476562
176.03859615325928,149.66343688964844
176.08867764472961,149.44029235839844
176.13866996765137,149.6016845703125
176.18874669075012,149.88914489746094
176.238609790802,150.47801208496094
176.28875494003296,150.9954376220703
176.33863401412964,151.2222137451172
176.3886914253235,151.4082489013672
176.43876791000366,151.58775329589844
176.48884797096252,151.68927001953125
176.53871941566467,151.71844482421875
176.5887520313263,151.61639404296875
176.63873028755188,151.5733184814453
176.68866848945618,151.52235412597656
176.73870038986206,151.82679748535156
176.7887041568756,151.791748046875
176.83871603012085,151.8447723388672
176.88886141777039,152.228515625
176.9387605190277,152.48898315429688
176.98878717422485,152.87281799316406
177.03864884376526,152.77178955078125
177.08892178535461,151.5240020751953
177.13880157470703,149.96559143066406
177.18879675865173,149.9717254638672
177.2386646270752,149.97171020507812
177.2889482975006,149.9713897705078
177.33888220787048,149.96478271484375
177.3892946243286,149.96914672851562
177.4387505054474,149.98867797851562
177.48895168304443,150.00814819335938
177.5457751750946,150.02618408203125
177.58453130722046,150.02191162109375
177.63484501838684,150.00559997558594
177.68471693992615,149.99636840820312
177.7346260547638,149.9841766357422
177.7846601009369,149.98597717285156
177.8345868587494,149.97451782226562
177.88468480110168,149.97679138183594
177.93456768989563,149.96971130371094
177.98465418815613,149.96273803710938
178.03445839881897,149.96351623535156
178.08471846580505,149.96356201171875
178.1346709728241,149.96603393554688
178.18465113639832,149.97152709960938
178.23455095291138,149.97076416015625
178.2941393852234,149.9694366455078
178.34357142448425,149.9677734375
178.38475799560547,149.99871826171875
178.43464064598083,150.00608825683594
178.4846751689911,150.00851440429688
178.53461074829102,150.01327514648438
178.58454251289368,150.00811767578125
178.634624004364,150.0128936767578
178.68481945991516,150.01620483398438
178.73472452163696,150.00518798828125
178.78467273712158,150.00904846191406
178.83465027809143,149.9808349609375
178.88484740257263,149.96144104003906
178.93478178977966,149.9458465576172
178.98471975326538,149.9525909423828
179.03480005264282,149.96029663085938
179.0938036441803,149.97654724121094
179.14380192756653,149.9922332763672
179.19167065620422,149.99786376953125
179.2414493560791,150.009033203125
179.29170536994934,149.99984741210938
179.34143257141113,150.00094604492188
179.39157700538635,149.98532104492188
179.4415364265442,149.96986389160156
179.4971206188202,149.96942138671875
179.5389108657837,149.95947265625
179.5832417011261,149.95245361328125
179.63252687454224,149.94447326660156
179.68271446228027,149.95481872558594
179.7328851222992,149.94932556152344
179.78278064727783,149.944091796875
179.8324475288391,149.94456481933594
179.88268971443176,149.9569091796875
179.93249797821045,149.9667205810547
179.98261857032776,149.9727020263672
180.0324559211731,149.97425842285156
180.08261108398438,149.9786376953125
180.13252520561218,149.9840087890625
180.18268537521362,149.9842529296875
180.2324733734131,149.9817352294922
180.28617691993713,149.97048950195312
180.34067249298096,149.97579956054688
180.38962602615356,149.97422790527344
180.438809633255,149.96578979492188
180.4957377910614,149.96646118164062
180.54155325889587,149.97244262695312
180.58862376213074,149.97532653808594
180.6345500946045,149.9811553955078
180.6864640712738,149.9859161376953
180.73330569267273,149.9810791015625
180.78280687332153,149.96932983398438
180.83268284797668,149.9780731201172
180.88255071640015,149.98001098632812
180.93275332450867,149.98292541503906
180.98252630233765,149.98268127441406
181.03269219398499,149.99191284179688
181.0826141834259,149.98251342773438
181.13263940811157,149.9675750732422
181.18269038200378,149.9559326171875
181.233820438385,149.96421813964844
181.2827341556549,149.96742248535156
181.34100008010864,149.9687042236328
181.39142870903015,149.97328186035156
181.43881344795227,149.98040771484375
181.48885297775269,149.97918701171875
181.5389003753662,149.98974609375
181.5888147354126,149.9989776611328
181.63918733596802,149.9970245361328
181.69035816192627,149.98471069335938
181.7392156124115,149.97276306152344
181.79019689559937,149.9596405029297
181.8330852985382,149.94960021972656
181.88385152816772,149.95860290527344
181.93273329734802,149.95399475097656
181.98366928100586,149.94935607910156
182.03275537490845,149.95257568359375
182.08372020721436,149.9528350830078
182.13274431228638,149.9451446533203
182.18387365341187,149.94891357421875
182.2327163219452,149.9501495361328
182.2838122844696,149.9590301513672
182.3327796459198,149.96189880371094
182.38377261161804,149.97171020507812
182.43279647827148,149.96507263183594
182.48378920555115,149.9626922607422
182.54104280471802,149.9747772216797
182.59232783317566,149.98106384277344
182.63489031791687,149.9873809814453
182.6843843460083,149.99710083007812
182.7326683998108,149.99078369140625
182.7826328277588,149.98997497558594
182.83252453804016,149.97528076171875
182.8827588558197,149.97030639648438
182.932599067688,149.96652221679688
182.98268032073975,149.97230529785156
183.03266263008118,149.95928955078125
183.08273768424988,149.9742431640625
183.1326048374176,149.9822235107422
183.1826913356781,149.99954223632812
183.2326216697693,150.00282287597656
183.28273630142212,150.00828552246094
183.34069800376892,150.0129852294922
183.3908257484436,150.02377319335938
183.43264770507812,150.0215606689453
183.48273015022278,150.01234436035156
183.53257036209106,152.91082763671875
183.5826871395111,152.61178588867188
183.632994890213,152.35110473632812
183.68280696868896,152.27366638183594
183.73259854316711,151.80625915527344
183.78667521476746,151.7025909423828
183.83590030670166,151.5242919921875
183.88638138771057,151.5015411376953
183.93687772750854,151.27444458007812
183.9826967716217,150.86068725585938
184.03573513031006,150.81533813476562
184.08269715309143,150.0570526123047
184.14683651924133,149.47390747070312
184.1934187412262,149.59695434570312
184.2409863471985,148.60276794433594
184.2909278869629,148.06402587890625
184.3332872390747,147.94046020507812
184.38286089897156,147.68429565429688
184.43261814117432,147.31317138671875
184.482736825943,147.07884216308594
184.53250861167908,147.05210876464844
184.58260560035706,147.04443359375
184.6326973438263,147.1351776123047
184.68275117874146,147.26158142089844
184.73266196250916,147.32293701171875
184.78279566764832,147.27975463867188
184.83268547058105,147.21145629882812
184.88274002075195,147.26315307617188
184.93255996704102,147.1402587890625
184.98278951644897,147.17857360839844
185.0346269607544,147.2429656982422
185.09091091156006,147.18399047851562
185.14107251167297,147.03932189941406
185.1909534931183,147.1819305419922
185.23980712890625,147.41802978515625
185.2889814376831,147.80331420898438
185.33876585960388,148.19432067871094
185.38895106315613,148.5986328125
185.43876838684082,148.9634246826172
185.4888129234314,149.11915588378906
185.54596519470215,149.23658752441406
185.58924293518066,149.3305206298828
185.6392662525177,149.36361694335938
185.68881154060364,149.4649658203125
185.7387945652008,149.57371520996094
185.78898692131042,149.85325622558594
185.83883500099182,150.03236389160156
185.8888509273529,150.41859436035156
185.93883752822876,150.7622528076172
185.98896384239197,151.087890625
186.0387852191925,151.5177459716797
186.08880138397217,151.9524688720703
186.1388328075409,152.1410369873047
186.18886828422546,152.25897216796875
186.23890233039856,152.25132751464844
186.28876066207886,152.2245330810547
186.3386573791504,152.05923461914062
186.3888156414032,151.9178466796875
186.43872213363647,151.7191619873047
186.48875880241394,151.6544647216797
186.5387623310089,151.5526580810547
186.58929586410522,151.4997100830078
186.63883686065674,151.660888671875
186.68930554389954,152.05157470703125
186.74052715301514,152.5872802734375
186.789457321167,153.05706787109375
186.84036326408386,153.30010986328125
186.88299989700317,153.43658447265625
186.933899641037,153.3970184326172
186.98283529281616,153.2552947998047
187.03387331962585,153.10971069335938
187.08281254768372,152.8911590576172
187.13394737243652,152.62171936035156
187.1829216480255,152.3968963623047
187.233882188797,152.19882202148438
187.28289413452148,152.05650329589844
187.33396124839783,152.13958740234375
187.38286805152893,152.366943359375
187.43394303321838,152.7168731689453
187.48288249969482,153.147705078125
187.53394293785095,153.3904571533203
187.5910782814026,153.5064697265625
187.64098381996155,153.52162170410156
187.68913578987122,153.4025421142578
187.7388322353363,153.19808959960938
187.78913521766663,152.9556121826172
187.83891463279724,152.71485900878906
187.88903284072876,152.51173400878906
187.93896770477295,152.39251708984375
187.98902583122253,152.2402801513672
188.03882813453674,152.31600952148438
188.08896255493164,152.5664520263672
188.13900756835938,152.95712280273438
188.18900537490845,153.37828063964844
188.23897624015808,153.60470581054688
188.2889404296875,153.688720703125
188.33885836601257,153.71998596191406
188.38899397850037,153.69056701660156
188.43884825706482,153.5199432373047
188.48909854888916,153.25936889648438
188.5389609336853,152.8599395751953
188.59320092201233,152.53512573242188
188.64243030548096,152.13047790527344
188.6935544013977,151.7513427734375
188.74254417419434,151.59873962402344
188.79283142089844,151.57887268066406
188.8390247821808,151.53782653808594
188.8972191810608,151.4936981201172
188.94160676002502,151.45547485351562
188.9831006526947,151.19024658203125
189.033038854599,150.85394287109375
189.08304476737976,150.67185974121094
189.1327576637268,150.34231567382812
189.18297934532166,149.14932250976562
189.23285746574402,147.87759399414062
189.28296732902527,147.52911376953125
189.33289456367493,146.15054321289062
189.3828957080841,145.71669006347656
189.43269157409668,145.5341033935547
189.48285603523254,145.45947265625
189.5327308177948,145.59237670898438
189.5827672481537,145.44322204589844
189.63266825675964,145.21075439453125
189.69371271133423,145.03482055664062
189.74349808692932,144.81619262695312
189.78899097442627,144.62046813964844
189.83916854858398,144.37709045410156
189.88895106315613,144.11126708984375
189.93887948989868,141.36090087890625
189.99304270744324,141.25148010253906
190.03924918174744,141.3607177734375
190.08893132209778,141.58627319335938
190.13900470733643,141.93331909179688
190.18893456459045,142.63172912597656
190.23885917663574,143.13873291015625
190.2889368534088,142.78250122070312
190.33884453773499,142.74362182617188
190.38901567459106,142.07008361816406
190.4388976097107,141.6505584716797
190.48892951011658,139.32484436035156
190.5388216972351,139.26515197753906
190.58889389038086,139.03541564941406
190.63979530334473,138.88998413085938
190.69142389297485,139.06834411621094
190.74101567268372,139.49964904785156
190.78943729400635,140.1627655029297
190.83918523788452,140.73789978027344
190.8898582458496,141.3777313232422
190.94765305519104,142.00018310546875
190.99092864990234,142.29562377929688
191.04117155075073,142.47430419921875
191.089430809021,142.59767150878906
191.1393826007843,142.7668914794922
191.18936467170715,142.80003356933594
191.23940134048462,142.85678100585938
191.28929471969604,142.71946716308594
191.3394477367401,142.6027374267578
191.38924646377563,142.6759033203125
191.43954253196716,142.9807586669922
191.48348879814148,143.33824157714844
191.5331585407257,143.63214111328125
191.58315563201904,143.857421875
191.6329846382141,144.02105712890625
191.68324661254883,144.12298583984375
191.7329957485199,144.23342895507812
191.7831530570984,144.28468322753906
191.83305287361145,144.2653350830078
191.88320231437683,144.2606964111328
191.93300199508667,144.31153869628906
191.9831886291504,144.2509307861328
192.03774189949036,144.3094024658203
192.0937623977661,144.58847045898438
192.13587880134583,144.90203857421875
192.18824768066406,145.21807861328125
192.24736070632935,145.35589599609375
192.28741908073425,145.38461303710938
192.333069562912,145.3618927001953
192.38304781913757,145.307861328125
192.4332320690155,145.16847229003906
192.48287343978882,145.01431274414062
192.5332007408142,144.78289794921875
192.58287239074707,144.77230834960938
192.6342649459839,144.6945037841797
192.68304204940796,144.63629150390625
192.73402786254883,144.78823852539062
192.782977104187,145.0579071044922
192.83412408828735,145.20216369628906
192.88292121887207,145.24783325195312
192.9340500831604,145.24365234375
192.98296451568604,145.2041015625
193.0429744720459,145.05386352539062
193.0920271873474,144.91110229492188
193.14116525650024,144.6422882080078
193.18819546699524,144.42019653320312
193.23545956611633,144.36087036132812
193.2838807106018,144.00489807128906
193.3343062400818,143.80068969726562
193.38288235664368,143.59945678710938
193.4331078529358,143.4021759033203
193.4840178489685,143.42897033691406
193.53289794921875,143.0535888671875
193.5828619003296,143.21580505371094
193.63275361061096,144.1826171875
193.6829228401184,145.47039794921875
193.73276138305664,144.64117431640625
193.7828710079193,144.4809112548828
193.8328151702881,142.61949157714844
193.882954120636,141.89553833007812
193.9389626979828,141.14158630371094
193.98909068107605,140.7853546142578
194.03290677070618,141.0954132080078
194.0829484462738,141.0991668701172
194.13277864456177,141.53529357910156
194.18289232254028,141.2763214111328
194.23275327682495,141.46530151367188
194.2829179763794,141.617431640625
194.33287072181702,140.92227172851562
194.38290309906006,141.70555114746094
194.43277072906494,142.08140563964844
194.48647117614746,142.18606567382812
194.5349736213684,142.09304809570312
194.58500909805298,142.27005004882812
194.63484930992126,141.82875061035156
194.6849274635315,141.93414306640625
194.7413353919983,142.37533569335938
194.79118371009827,142.56089782714844
194.83284854888916,143.08663940429688
194.88285779953003,143.3729248046875
194.93271946907043,143.88294982910156
194.98287844657898,144.1875
195.03275442123413,144.23651123046875
195.08283495903015,144.2263946533203
195.13271498680115,144.23487854003906
195.18291521072388,144.19094848632812
195.23279309272766,144.11158752441406
195.28280925750732,144.150146484375
195.33263111114502,144.21298217773438
195.38280606269836,144.2557830810547
195.43275332450867,144.31698608398438
195.4828541278839,144.4969940185547
195.54348635673523,144.8467254638672
195.59340453147888,145.3027801513672
195.63892102241516,145.6392364501953
195.68896746635437,145.7196807861328
195.73898482322693,145.66847229003906
195.78889632225037,145.45289611816406
195.839022397995,145.30506896972656
195.89573764801025,145.1111297607422
195.94380140304565,144.9319610595703
195.99308443069458,144.77719116210938
196.04301929473877,144.81333923339844
196.09296298027039,144.80076599121094
196.14330744743347,144.8677978515625
196.1919903755188,145.08795166015625
196.24229979515076,145.4563446044922
196.29672741889954,145.93572998046875
196.33351063728333,146.32261657714844
196.38442015647888,146.45896911621094
196.43287992477417,146.50225830078125
196.4840612411499,146.5110321044922
196.53315591812134,146.5480499267578
196.5840287208557,146.52456665039062
196.63289713859558,146.52120971679688
196.68298840522766,146.43185424804688
196.7328474521637,146.38722229003906
196.78305792808533,146.28248596191406
196.8328845500946,146.20730590820312
196.88287949562073,146.3039093017578
196.9327871799469,146.4895782470703
196.98288989067078,146.75057983398438
197.04088759422302,146.93508911132812
197.09094786643982,146.947265625
197.13924098014832,146.8916778564453
197.18901562690735,146.74188232421875
197.23912167549133,146.56173706054688
197.2889587879181,146.28335571289062
197.33903002738953,145.9618682861328
197.38889050483704,145.6902313232422
197.43897461891174,145.65354919433594
197.48899364471436,145.33546447753906
197.5392129421234,145.05506896972656
197.58910989761353,144.8905792236328
197.63926768302917,144.74351501464844
197.6890721321106,144.6120147705078
197.7390856742859,144.45999145507812
197.7890601158142,144.60687255859375
197.83914041519165,144.6416778564453
197.88904809951782,144.4806671142578
197.9390788078308,144.35693359375
197.98903155326843,143.8749542236328
198.039133310318,143.38746643066406
198.08901143074036,143.01181030273438
198.13913750648499,142.05044555664062
198.18889379501343,141.6494903564453
198.2390685081482,141.46836853027344
198.28886342048645,141.20591735839844
198.3391032218933,141.1638946533203
198.38892030715942,140.92185974121094
198.43921828269958,140.80068969726562
198.4890856742859,140.81922912597656
198.53902959823608,140.55841064453125
198.58897876739502,140.77122497558594
198.63912963867188,140.6772918701172
198.68919038772583,140.73350524902344
198.73923778533936,140.68739318847656
198.78886771202087,140.62709045410156
198.83916187286377,140.5992889404297
198.88910555839539,140.85812377929688
198.93913459777832,141.07920837402344
198.98897671699524,141.53321838378906
199.0390477180481,141.98397827148438
199.08900928497314,142.44703674316406
199.13931918144226,143.0001220703125
199.1890082359314,143.2888946533203
199.23902368545532,143.46310424804688
199.28902006149292,143.61138916015625
199.3390748500824,143.6566925048828
199.38919019699097,143.72850036621094
199.43920421600342,143.91293334960938
199.48892664909363,143.8755340576172
199.53904962539673,143.86798095703125
199.58889508247375,143.84954833984375
199.63915634155273,144.0841064453125
199.68904519081116,144.52618408203125
199.73912382125854,144.96128845214844
199.78911328315735,145.2320098876953
199.83901190757751,145.41468811035156
199.88904690742493,145.4132843017578
199.93909072875977,145.28857421875
199.9890112876892,145.0678253173828
200.038987159729,144.92910766601562
200.08903074264526,144.79393005371094
200.1391372680664,144.81344604492188
200.18916511535645,144.7030792236328
200.2390832901001,144.5309295654297
200.28903198242188,144.48300170898438
200.3390657901764,144.6688995361328
200.3890941143036,145.07470703125
200.43923997879028,145.57492065429688
200.48898649215698,145.93896484375
200.5390727519989,146.15704345703125
200.58919715881348,146.19119262695312
200.63910245895386,146.13702392578125
200.68910932540894,146.10226440429688
200.73919224739075,146.0921630859375
200.78917455673218,146.01992797851562
200.839115858078,146.03594970703125
200.8890118598938,145.96421813964844
200.93906044960022,145.8542022705078
200.98910355567932,145.91287231445312
201.03907418251038,146.12075805664062
201.08905172348022,146.42530822753906
201.139066696167,146.72531127929688
201.1891372203827,146.82992553710938
201.2390820980072,146.8561553955078
201.28909492492676,146.7545928955078
201.339035987854,146.6669921875
201.39124488830566,146.525146484375
201.44122433662415,146.3131103515625
201.48905897140503,145.9166259765625
201.53919339179993,145.65403747558594
201.58910489082336,145.2876739501953
201.63913869857788,145.07470703125
201.68897986412048,145.11837768554688
201.7391722202301,145.3252410888672
201.78914165496826,145.59262084960938
201.8391535282135,145.92066955566406
201.88913106918335,146.1395263671875
201.93905186653137,146.1701202392578
201.98891139030457,146.0886993408203
202.03910303115845,145.92112731933594
202.0890018939972,145.6890106201172
202.13926792144775,145.3363037109375
202.1890470981598,144.89418029785156
202.23908853530884,144.4280242919922
202.2889723777771,144.15794372558594
202.33907532691956,143.98406982421875
202.38905811309814,144.0013427734375
202.43915009498596,144.1195068359375
202.48902416229248,144.19830322265625
202.5391550064087,144.35272216796875
202.58905291557312,144.35330200195312
202.6391682624817,144.27703857421875
202.68908071517944,144.07496643066406
202.73914861679077,141.39439392089844
202.7890989780426,141.2569122314453
202.83904933929443,141.11312866210938
202.8890676498413,140.86521911621094
202.93910145759583,140.96661376953125
202.9890398979187,141.0405731201172
203.03923320770264,141.230712890625
203.089106798172,141.6436309814453
203.13912343978882,141.94329833984375
203.1889259815216,142.28343200683594
203.24326181411743,142.50453186035156
203.293523311615,142.56051635742188
203.34298634529114,142.69700622558594
203.38950300216675,142.69276428222656
203.44199085235596,142.5816650390625
203.49265098571777,142.19696044921875
203.54250359535217,141.83580017089844
203.59491968154907,141.0072784423828
203.6447765827179,140.75119018554688
203.68714666366577,140.97853088378906
203.73629117012024,141.33729553222656
203.79217052459717,141.6910858154297
203.83726596832275,142.0443115234375
203.88336753845215,142.3628387451172
203.93418550491333,142.58811950683594
203.98311257362366,142.69625854492188
204.03420972824097,142.8564453125
204.08309531211853,142.8457794189453
204.1342339515686,142.8128204345703
204.1831181049347,142.7364959716797
204.23418593406677,142.71356201171875
204.28311920166016,142.64044189453125
204.33317160606384,142.64739990234375
204.39134621620178,142.7837677001953
204.44127106666565,143.14060974121094
204.48931622505188,143.53614807128906
204.53927755355835,143.8478240966797
204.59140610694885,144.0257110595703
204.64141130447388,144.06967163085938
204.68972420692444,144.0595245361328
204.7391107082367,144.1719512939453
204.79001116752625,144.06405639648438
204.84374952316284,144.05267333984375
204.88641619682312,143.79135131835938
204.9365198612213,143.5623779296875
204.98769426345825,143.32614135742188
205.04047083854675,143.19668579101562
205.08309483528137,143.2183074951172
205.13312458992004,143.25448608398438
205.1907389163971,142.8939666748047
205.23282122612,142.5432891845703
205.28303265571594,142.35264587402344
205.3331654071808,142.26324462890625
205.3829369544983,142.00765991210938
205.43346285820007,141.74420166015625
205.49187898635864,141.50738525390625
205.53765296936035,141.6051483154297
205.5976438522339,141.2056427001953
205.64833664894104,141.0129852294922
205.68712329864502,141.16664123535156
205.73748064041138,141.50929260253906
205.78548645973206,141.8753662109375
205.8331356048584,142.220703125
205.88304448127747,142.3939666748047
205.93337106704712,142.73281860351562
205.98779010772705,142.89056396484375
206.03790187835693,142.7624969482422
206.08733773231506,142.55979919433594
206.13629913330078,142.2027130126953
206.18510389328003,141.85841369628906
206.23799991607666,141.48501586914062
206.28757286071777,140.95382690429688
206.34119129180908,140.5204315185547
206.38318371772766,140.42018127441406
206.4421350955963,140.31536865234375
206.49137258529663,140.63136291503906
206.53982210159302,140.74024963378906
206.58932948112488,141.0521697998047
206.63945865631104,141.31813049316406
206.68939065933228,141.31600952148438
206.73953008651733,141.4333953857422
206.78925967216492,141.3247833251953
206.83341455459595,141.3788299560547
206.8833532333374,141.50949096679688
206.93308401107788,141.56268310546875
206.9834053516388,141.43057250976562
207.03308606147766,141.7426300048828
207.08345293998718,141.92791748046875
207.13300132751465,142.22982788085938
207.18313312530518,142.64239501953125
207.23292422294617,142.8738250732422
207.28322553634644,143.24044799804688
207.3328914642334,143.45404052734375
207.3831295967102,143.45562744140625
207.43295097351074,143.45423889160156
207.4831576347351,143.1873779296875
207.54125428199768,143.0404510498047
207.5913281440735,142.8529815673828
207.64546847343445,142.6603240966797
207.6891086101532,142.2124481201172
207.73311471939087,142.15603637695312
207.78293991088867,142.246337890625
207.8330934047699,142.59268188476562
207.8830223083496,142.73301696777344
207.93318009376526,142.78213500976562
207.98296689987183,143.19467163085938
208.0331950187683,143.19325256347656
208.08309721946716,142.8473358154297
208.1330509185791,142.43508911132812
208.18319416046143,142.17532348632812
208.2343544960022,142.11599731445312
208.28314661979675,142.1982421875
208.33427238464355,141.91650390625
208.38319635391235,141.73635864257812
208.44363451004028,141.8063507080078
208.49135994911194,141.9552001953125
208.53303503990173,142.27955627441406
208.58319091796875,142.44149780273438
208.63425469398499,142.59059143066406
208.68336868286133,142.8885955810547
208.73424816131592,143.00338745117188
208.78326177597046,143.08546447753906
208.83430218696594,143.2436981201172
208.88322162628174,143.15097045898438
208.93427085876465,143.27603149414062
208.98316431045532,143.741455078125
209.0342619419098,143.5021514892578
209.08314180374146,143.4151611328125
209.13419461250305,142.65798950195312
209.1833291053772,142.92437744140625
209.2412838935852,143.2889404296875
209.29124927520752,143.6356201171875
209.3381633758545,144.00399780273438
209.38297533988953,144.13258361816406
209.4331874847412,144.0496368408203
209.48313975334167,143.91659545898438
209.53301095962524,143.81011962890625
209.58308458328247,143.42088317871094
209.63295722007751,143.20851135253906
209.68329215049744,142.98431396484375
209.73295760154724,142.9569091796875
209.78310012817383,142.40821838378906
209.83312368392944,142.2718505859375
209.8862898349762,142.25743103027344
209.93793368339539,142.39817810058594
209.98734831809998,142.40846252441406
210.04506301879883,142.38584899902344
210.09917855262756,142.653076171875
210.14458990097046,142.64048767089844
210.19101881980896,142.64613342285156
210.23946499824524,142.59042358398438
210.2892405986786,142.2928466796875
210.33941650390625,141.96142578125
210.38936519622803,141.61105346679688
210.43968868255615,141.08132934570312
210.48924660682678,140.5403594970703
210.53935599327087,140.35523986816406
210.5893268585205,140.36871337890625
210.63932251930237,140.57655334472656
210.6896915435791,140.83413696289062
210.73929119110107,141.16604614257812
210.78920078277588,141.49078369140625
210.83949899673462,141.7193603515625
210.88930130004883,141.87222290039062
210.93963193893433,141.8938751220703
210.9892292022705,141.7503662109375
211.0397024154663,141.54930114746094
211.0894889831543,141.40931701660156
211.14167141914368,141.37310791015625
211.19158101081848,141.23240661621094
211.24021673202515,141.37643432617188
211.28955960273743,141.660400390625
211.33968591690063,142.08311462402344
211.38946199417114,142.55203247070312
211.439781665802,142.9370880126953
211.48928546905518,143.309814453125
211.53941798210144,143.56240844726562
211.58933305740356,143.69105529785156
211.6394281387329,143.59774780273438
211.68964862823486,143.445556640625
211.7394003868103,143.2119903564453
211.78945207595825,143.0669708251953
211.8393349647522,143.17092895507812
211.8892307281494,143.26441955566406
211.93979048728943,143.23138427734375
211.98938512802124,143.4534149169922
212.03945922851562,143.84063720703125
212.0892779827118,144.36656188964844
212.13955521583557,144.9443817138672
212.18952465057373,145.20034790039062
212.2394142150879,145.25625610351562
212.2893238067627,145.23495483398438
212.3394069671631,145.1359405517578
212.38939905166626,145.24623107910156
212.43975734710693,145.19117736816406
212.48928928375244,145.19451904296875
212.53945446014404,144.87258911132812
212.58942198753357,145.13621520996094
212.63936400413513,145.05523681640625
212.68971347808838,144.4869384765625
212.73931002616882,142.71832275390625
212.78935980796814,143.106201171875
212.8393907546997,143.13645935058594
212.88929867744446,143.29104614257812
212.93976140022278,143.48468017578125
212.9892692565918,143.32162475585938
213.03942322731018,143.05206298828125
213.08920741081238,142.73773193359375
213.13952159881592,142.30508422851562
213.18950200080872,141.95159912109375
213.23934125900269,141.66357421875
213.28935432434082,141.366455078125
213.33932399749756,141.03143310546875
213.38914442062378,140.89736938476562
213.4398021697998,140.88967895507812
213.48928785324097,140.97232055664062
213.53935623168945,141.05921936035156
213.58931422233582,141.11915588378906
213.63930583000183,141.0341033935547
213.68962383270264,140.92111206054688
213.7398178577423,140.71910095214844
213.79080653190613,140.49600219726562
213.8396508693695,140.26791381835938
213.88420510292053,140.18588256835938
213.93376851081848,140.05987548828125
213.9844253063202,140.09715270996094
214.03325653076172,140.09556579589844
214.08431315422058,140.25811767578125
214.13333296775818,140.5905303955078
214.1848475933075,141.04144287109375
214.2333323955536,141.4673614501953
214.28434205055237,141.747314453125
214.33309531211853,141.8512420654297
214.38329219818115,141.89305114746094
214.4333701133728,141.96054077148438
214.48322892189026,141.9868927001953
214.53304624557495,141.89491271972656
214.59127140045166,141.73948669433594
214.64133143424988,141.66868591308594
214.69243597984314,141.61341857910156
214.74282431602478,141.54298400878906
214.78327894210815,141.69558715820312
214.8333330154419,142.02105712890625
214.88313794136047,142.5118865966797
214.93332147598267,142.99517822265625
214.9831943511963,143.43170166015625
215.0332214832306,143.84024047851562
215.08316111564636,144.0297088623047
215.13325190544128,144.175048828125
215.1832206249237,144.31980895996094
215.23320078849792,144.3561248779297
215.28311038017273,144.4564971923828
215.33328580856323,144.5464630126953
215.38310503959656,144.96530151367188
215.43320965766907,145.20907592773438
215.4912850856781,145.2300262451172
215.54151558876038,145.4492950439453
215.5898323059082,145.77940368652344
215.63954901695251,146.27027893066406
215.68987679481506,146.72653198242188
215.73945474624634,146.85092163085938
215.78981161117554,146.85592651367188
215.83950853347778,146.81103515625
215.8899359703064,146.75970458984375
215.93950366973877,146.7797393798828
215.9899218082428,146.78988647460938
216.03945302963257,146.87806701660156
216.08983397483826,146.77435302734375
216.1401562690735,146.96646118164062
216.19005227088928,146.93801879882812
216.2393229007721,147.04441833496094
216.2833023071289,147.2879180908203
216.33333134651184,147.59031677246094
216.38317775726318,147.9485321044922
216.43329119682312,148.1998748779297
216.48313403129578,148.14073181152344
216.53328919410706,148.06997680664062
216.58313155174255,147.8709259033203
216.63332414627075,147.64962768554688
216.68320965766907,147.28013610839844
216.7333047389984,146.931884765625
216.78316378593445,146.48825073242188
216.83328199386597,146.4174346923828
216.88312125205994,146.16236877441406
216.93329882621765,145.61990356445312
216.99401831626892,145.26173400878906
217.04401421546936,144.863525390625
217.08959102630615,144.762451171875
217.13947463035583,144.71981811523438
217.18943667411804,144.80894470214844
217.23986101150513,144.76101684570312
217.29635334014893,144.68511962890625
217.35103940963745,144.61219787597656
217.39032769203186,144.3734130859375
217.43964743614197,144.0216064453125
217.4899547100067,143.61390686035156
217.53993320465088,143.15093994140625
217.58993363380432,142.55084228515625
217.63995552062988,142.28359985351562
217.68995714187622,142.2342529296875
217.7400026321411,142.472900390625
217.79024863243103,142.72509765625
217.84343338012695,142.99578857421875
217.88695788383484,143.2851104736328
217.9334146976471,143.45724487304688
217.9833574295044,143.6055145263672
218.03314924240112,143.68008422851562
218.0833055973053,143.6631317138672
218.13313722610474,143.56393432617188
218.18334221839905,143.4332733154297
218.23320508003235,143.29171752929688
218.28324103355408,143.15658569335938
218.3331310749054,143.19345092773438
218.383287191391,143.34544372558594
218.4333837032318,143.5402374267578
218.4843397140503,143.78903198242188
218.53340983390808,143.9993133544922
218.58812594413757,144.1735076904297
218.6417670249939,144.3286895751953
218.69063544273376,144.3930206298828
218.73947978019714,144.38217163085938
218.78958439826965,144.3271484375
218.83942103385925,144.24472045898438
218.88957500457764,144.23666381835938
218.93935203552246,144.4757843017578
218.98937129974365,144.5380096435547
219.03929138183594,144.56239318847656
219.08721017837524,144.7847900390625
219.1331651210785,145.1481170654297
219.18323922157288,145.65655517578125
219.2333207130432,146.2089385986328
219.28322196006775,146.42947387695312
219.33329391479492,146.46905517578125
219.3831593990326,146.4467315673828
219.43333268165588,146.3795166015625
219.4831166267395,146.47918701171875
219.53324675559998,146.45889282226562
219.5831949710846,146.41293334960938
219.63326811790466,146.4204559326172
219.68327617645264,146.5218505859375
219.73333168029785,146.43133544921875
219.78314018249512,146.61874389648438
219.83949971199036,146.86265563964844
219.88968324661255,147.19142150878906
219.9451138973236,147.6271514892578
219.98931574821472,147.85556030273438
220.03999829292297,147.80157470703125
220.0895504951477,147.64300537109375
220.13986158370972,147.36920166015625
220.19011235237122,147.11793518066406
220.23998355865479,146.67977905273438
220.2895586490631,146.23707580566406
220.33975172042847,145.9707794189453
220.38953804969788,145.609619140625
220.44017577171326,144.9247283935547
220.48952770233154,144.60244750976562
220.5399477481842,144.4862518310547
220.5895230770111,144.5199432373047
220.63980317115784,144.60829162597656
220.69430112838745,144.7911376953125
220.74264359474182,144.85623168945312
220.7896022796631,144.69415283203125
220.8337059020996,144.5552978515625
220.88360977172852,144.20962524414062
220.93331003189087,143.8598175048828
220.98355674743652,143.5646514892578
221.0333125591278,142.98936462402344
221.0835678577423,142.38270568847656
221.13325238227844,142.0825653076172
221.1835412979126,141.8453369140625
221.23319339752197,141.91156005859375
221.28357696533203,141.9019775390625
221.33317804336548,142.0869598388672
221.38357067108154,142.2585906982422
221.43329167366028,141.88771057128906
221.48358035087585,141.2757568359375
221.5415804386139,141.45767211914062
221.59167170524597,141.3332061767578
221.64218139648438,141.45050048828125
221.69347858428955,141.49847412109375
221.73336338996887,141.58029174804688
221.78338265419006,141.64968872070312
221.83321499824524,141.70693969726562
221.88333749771118,141.92221069335938
221.93323922157288,144.38369750976562
221.9833743572235,144.88572692871094
222.03318572044373,145.0668182373047
222.0832872390747,145.1501007080078
222.13321256637573,145.149169921875
222.18331956863403,145.0393524169922
222.2332043647766,144.98605346679688
222.2833559513092,145.16566467285156
222.33319211006165,145.94949340820312
222.3833291530609,146.07603454589844
222.44404458999634,146.0260467529297
222.49397659301758,146.16793823242188
222.54276585578918,146.37255859375
222.59329056739807,146.63502502441406
222.6429407596588,146.92996215820312
222.69311547279358,147.17041015625
222.73941564559937,147.49114990234375
222.7894642353058,147.7215576171875
222.83951687812805,147.7845916748047
222.8893587589264,147.7498779296875
222.93943691253662,147.5852508544922
222.98939323425293,147.3699951171875
223.03951954841614,147.2091064453125
223.08939266204834,146.98251342773438
223.1394760608673,146.762939453125
223.18933033943176,146.72647094726562
223.23949551582336,146.92991638183594
223.28948545455933,147.2866973876953
223.33946657180786,147.6621551513672
223.38942766189575,147.95159912109375
223.43947792053223,148.15650939941406
223.48939990997314,148.23309326171875
223.53943371772766,148.26478576660156
223.58947801589966,148.3029022216797
223.6414976119995,148.2297821044922
223.69149160385132,148.34852600097656
223.73940205574036,148.6035614013672
223.78941416740417,148.8647003173828
223.83948731422424,148.83694458007812
223.8894317150116,148.9788055419922
223.93945956230164,149.28797912597656
223.98934936523438,149.697021484375
224.03938055038452,150.23675537109375
224.08946704864502,150.6024169921875
224.13951301574707,150.64170837402344
224.18935871124268,150.61302185058594
224.23956418037415,150.4892578125
224.2892987728119,150.36827087402344
224.3395073413849,150.10928344726562
224.38938426971436,149.75550842285156
224.43948698043823,149.43875122070312
224.4894802570343,149.26148986816406
224.53950786590576,149.07113647460938
224.58952379226685,149.09739685058594
224.63397693634033,149.2864532470703
224.6837089061737,149.5970458984375
224.7333869934082,149.91116333007812
224.786301612854,149.0670928955078
224.8337116241455,148.48419189453125
224.8838164806366,148.3466796875
224.93370008468628,148.15994262695312
224.9837749004364,147.78622436523438
225.03372430801392,147.37107849121094
225.08380222320557,147.06333923339844
225.13364386558533,146.6883087158203
225.18379068374634,146.2578887939453
225.23366951942444,146.09017944335938
225.28389382362366,146.02926635742188
225.33905363082886,146.301025390625
225.39480018615723,146.54901123046875
225.44143724441528,146.6503448486328
225.49005770683289,146.782470703125
225.53883719444275,146.00135803222656
225.5881543159485,145.736083984375
225.63771724700928,145.83370971679688
225.68740344047546,145.3859100341797
225.73341965675354,145.393798828125
225.7834713459015,145.0010986328125
225.83373141288757,144.87928771972656
225.8833167552948,144.7919464111328
225.9336452484131,144.95225524902344
225.9833700656891,145.43922424316406
226.03361558914185,146.4563446044922
226.08339643478394,146.66624450683594
226.13369059562683,146.9453582763672
226.18354630470276,147.10618591308594
226.23374104499817,147.27735900878906
226.2944576740265,147.348388671875
226.3427562713623,147.34768676757812
226.39008951187134,147.33163452148438
226.439715385437,147.3545379638672
226.49000024795532,147.18728637695312
226.53969645500183,147.03907775878906
226.59001350402832,147.12982177734375
226.6410903930664,147.33743286132812
226.69000148773193,147.6766815185547
226.7406530380249,148.07479858398438
226.7836685180664,148.42921447753906
226.83463144302368,148.7563018798828
226.88344836235046,148.86248779296875
226.93458151817322,148.82969665527344
226.9836766719818,148.73147583007812
227.03461003303528,148.54908752441406
227.08349442481995,148.4509735107422
227.13460159301758,148.43284606933594
227.18355655670166,148.61207580566406
227.23458123207092,148.63323974609375
227.2834575176239,148.7469940185547
227.33461570739746,149.08169555664062
227.38352274894714,149.52426147460938
227.43456959724426,150.0326385498047
227.49178171157837,150.50218200683594
227.54325151443481,150.71273803710938
227.58372282981873,150.77655029296875
227.63450574874878,150.7415008544922
227.6835687160492,150.71771240234375
227.7346386909485,150.58787536621094
227.78351283073425,150.3430633544922
227.8345878124237,150.10357666015625
227.88346004486084,149.94500732421875
227.93464398384094,149.69949340820312
227.98351645469666,149.61944580078125
228.03458499908447,149.68466186523438
228.08345937728882,149.7894287109375
228.1345534324646,149.73269653320312
228.18351650238037,149.45858764648438
228.2346169948578,149.2001495361328
228.29177284240723,148.94619750976562
228.3432273864746,150.2517547607422
228.38366746902466,149.885498046875
228.43453407287598,149.47930908203125
228.4834988117218,149.15757751464844
228.53466725349426,148.7216796875
228.5834720134735,148.32191467285156
228.634685754776,148.2252197265625
228.683584690094,148.3306884765625
228.7345962524414,148.63604736328125
228.78351998329163,148.95907592773438
228.8345968723297,149.2755126953125
228.8834936618805,149.6412353515625
228.93460726737976,149.74005126953125
228.98353552818298,149.77978515625
229.03455924987793,149.63084411621094
229.0919075012207,149.51947021484375
229.1432511806488,149.2434844970703
229.18349480628967,149.1532745361328
229.2334930896759,148.94448852539062
229.28333711624146,148.71597290039062
229.3335359096527,148.78211975097656
229.38328099250793,148.8443145751953
229.4334397315979,149.04989624023438
229.48334527015686,149.15106201171875
229.53345394134521,149.43798828125
229.58330607414246,149.5596160888672
229.63347673416138,149.51051330566406
229.68340229988098,149.42674255371094
229.73353266716003,149.14501953125
229.78329706192017,148.9028778076172
229.833416223526,148.78575134277344
229.89386248588562,148.50474548339844
229.94406056404114,148.3035125732422
229.98446488380432,148.32867431640625
230.03368639945984,148.46224975585938
230.08334136009216,148.76309204101562
230.1349003314972,149.0727996826172
230.18547749519348,149.3068084716797
230.23654174804688,149.50912475585938
230.28472185134888,149.55043029785156
230.33416604995728,149.5577850341797
230.38793206214905,149.50514221191406
230.43744206428528,149.36985778808594
230.48753905296326,149.2184600830078
230.53793144226074,149.1763916015625
230.5863287448883,149.08656311035156
230.63735961914062,149.086669921875
230.69580221176147,149.26290893554688
230.7458930015564,149.61671447753906
230.7874722480774,150.11227416992188
230.8334083557129,150.65660095214844
230.88351488113403,151.1017303466797
230.93386054039001,151.36862182617188
230.98353362083435,151.46685791015625
231.03367972373962,151.4739990234375
231.08339548110962,151.30784606933594
231.13378930091858,151.141357421875
231.18337750434875,150.9764862060547
231.23368883132935,151.093505859375
231.28344917297363,151.11923217773438
231.33368611335754,151.07814025878906
231.3833887577057,151.3218994140625
231.43657541275024,151.56182861328125
231.4905240535736,151.8948974609375
231.55341625213623,152.32659912109375
231.594144821167,152.38038635253906
231.64149522781372,152.23641967773438
231.70063257217407,152.17039489746094
231.73340916633606,152.14691162109375
231.7878715991974,152.09381103515625
231.8358016014099,151.8636932373047
231.88836693763733,151.6887969970703
231.93879652023315,151.77378845214844
231.9839324951172,151.48509216308594
232.0345950126648,151.1303253173828
232.08361530303955,150.8105926513672
232.13363409042358,150.67303466796875
232.18348050117493,150.20176696777344
232.23358130455017,149.93873596191406
232.28338527679443,149.9133758544922
232.33355808258057,149.61398315429688
232.38354682922363,149.2942657470703
232.44275879859924,148.80532836914062
232.49249076843262,148.32164001464844
232.5401690006256,147.9532928466797
232.59356951713562,147.5817108154297
232.63976979255676,147.2717742919922
232.69002985954285,147.13140869140625
232.73582363128662,147.0833740234375
232.7859275341034,147.13748168945312
232.83583307266235,147.30101013183594
232.8869137763977,147.4931182861328
232.93592405319214,147.620849609375
232.98676586151123,147.6873779296875
233.03571557998657,147.785888671875
233.08666849136353,147.83119201660156
233.13582515716553,148.3568115234375
233.18677067756653,149.09202575683594
233.23572540283203,148.73736572265625
233.28674983978271,148.64112854003906
233.3357617855072,148.6572265625
233.38678550720215,148.70730590820312
233.44284534454346,148.8646697998047
233.49403047561646,149.15213012695312
233.53610157966614,149.38589477539062
233.5868363380432,149.59552001953125
233.6382555961609,149.70150756835938
233.68680834770203,149.71829223632812
233.73378777503967,149.66358947753906
233.78747844696045,149.5176239013672
233.83779191970825,149.2930145263672
233.88708472251892,148.9145965576172
233.9375603199005,147.8815155029297
233.98767614364624,147.45516967773438
234.03736233711243,147.36276245117188
234.08430671691895,147.67384338378906
234.13765501976013,148.0534210205078
234.18786764144897,148.5398406982422
234.24540281295776,148.93759155273438
234.29534316062927,149.2382049560547
234.33613467216492,149.37432861328125
234.38827323913574,149.36692810058594
234.4380283355713,149.22244262695312
234.48671507835388,149.10948181152344
234.53689193725586,148.9408721923828
234.5841805934906,148.74411010742188
234.63580012321472,148.759521484375
234.68572783470154,148.901611328125
234.73561453819275,151.53045654296875
234.7857015132904,151.9384765625
234.83556485176086,152.3312530517578
234.88564538955688,152.68368530273438
234.93561553955078,153.055908203125
234.98558807373047,153.2853546142578
235.0447793006897,153.4754638671875
235.09465956687927,153.51194763183594
235.14270091056824,153.58035278320312
235.19250988960266,153.7445526123047
235.2427625656128,154.12158203125
235.29243278503418,154.2476806640625
235.34310841560364,154.33380126953125
235.39250993728638,154.5267791748047
235.4427366256714,154.9155731201172
235.49253296852112,155.3249969482422
235.54273509979248,155.68484497070312
235.59251952171326,155.80963134765625
235.6428098678589,155.91029357910156
235.69253969192505,155.91943359375
235.74267482757568,155.9493408203125
235.79256749153137,155.94973754882812
235.8429172039032,155.8181610107422
235.8924798965454,155.74501037597656
235.9427194595337,155.75758361816406
235.99249267578125,155.61190795898438
236.0427885055542,155.65606689453125
236.09257769584656,155.83197021484375
236.1427776813507,156.1316375732422
236.19251418113708,156.46546936035156
236.24273419380188,156.6084442138672
236.29242873191833,156.5709228515625
236.34271240234375,156.37078857421875
236.39247584342957,156.0542755126953
236.44263434410095,155.60693359375
236.49256420135498,155.08407592773438
236.54276537895203,154.56927490234375
236.59254622459412,154.3446807861328
236.64277124404907,153.5720977783203
236.69268083572388,152.90554809570312
236.74275088310242,152.40516662597656
236.7926697731018,152.2377166748047
236.84281182289124,152.29513549804688
236.89253854751587,152.45416259765625
236.94289588928223,152.60731506347656
236.9925012588501,152.59686279296875
237.04277324676514,152.5106964111328
237.09255146980286,152.35635375976562
237.14282774925232,151.96588134765625
237.19264936447144,151.55604553222656
237.24270629882812,151.02549743652344
237.2925307750702,150.519775390625
237.34274077415466,150.16387939453125
237.39256954193115,150.0321807861328
237.44293594360352,150.12086486816406
237.49255919456482,150.37933349609375
237.5424783229828,150.6985321044922
237.59255719184875,150.87232971191406
237.64275455474854,150.97950744628906
237.69365692138672,151.04693603515625
237.7361376285553,151.1823272705078
237.78587913513184,151.19677734375
237.83574414253235,151.1500244140625
237.8857500553131,150.9549102783203
237.9356644153595,150.794921875
237.98564338684082,150.6495361328125
238.0356719493866,150.68899536132812
238.0857276916504,150.86770629882812
238.1357455253601,151.0918426513672
238.18574213981628,151.42803955078125
238.2356879711151,151.6651611328125
238.28567934036255,151.76406860351562
238.33573293685913,151.85955810546875
238.38574624061584,152.0005645751953
238.4394121170044,152.0569610595703
238.49483609199524,151.9822235107422
238.54435062408447,151.97125244140625
238.59330677986145,152.00726318359375
238.6424572467804,151.94581604003906
238.69268679618835,152.013916015625
238.74272513389587,152.21279907226562
238.7925889492035,152.51222229003906
238.84027981758118,152.81602478027344
238.89121961593628,153.08743286132812
238.93758749961853,153.45132446289062
238.9835810661316,153.7731170654297
239.03364419937134,154.07159423828125
239.08370995521545,155.44761657714844
239.13352727890015,155.86715698242188
239.18362092971802,156.01004028320312
239.23354029655457,155.9894256591797
239.28367066383362,156.25048828125
239.33353090286255,156.28675842285156
239.38365507125854,156.4456329345703
239.43348622322083,156.82028198242188
239.48365354537964,157.2526397705078
239.53352046012878,157.67868041992188
239.58371329307556,157.95013427734375
239.63353943824768,158.05560302734375
239.69464778900146,158.11912536621094
239.7471444606781,158.05552673339844
239.79418444633484,158.0363006591797
239.84311485290527,157.90589904785156
239.88827085494995,157.72434997558594
239.9381537437439,157.4417724609375
239.98573875427246,157.2866973876953
240.03613567352295,156.8779296875
240.08524298667908,156.5861053466797
240.13755702972412,156.40684509277344
240.18524312973022,156.34625244140625
240.23829126358032,155.9706573486328
240.28718852996826,155.039794921875
240.33623003959656,154.5725555419922
240.38607335090637,154.45654296875
240.43823266029358,154.30934143066406
240.4866499900818,154.13916015625
240.53821301460266,153.90289306640625
240.59534287452698,153.6372528076172
240.6455943584442,153.31900024414062
240.6931493282318,152.96405029296875
240.74333882331848,152.5761260986328
240.79364776611328,152.3668670654297
240.84412288665771,152.31153869628906
240.89387917518616,152.43687438964844
240.94498229026794,152.6364288330078
240.99296236038208,152.6103973388672
241.04518342018127,152.4812774658203
241.08838510513306,152.43092346191406
241.1381323337555,155.54873657226562
241.1877899169922,155.41668701171875
241.23571300506592,155.21388244628906
241.2874186038971,155.06480407714844
241.33490777015686,154.7018585205078
241.38358664512634,154.39573669433594
241.43366289138794,154.28233337402344
241.48354482650757,154.32215881347656
241.53366613388062,154.6044464111328
241.58531165122986,154.84124755859375
241.63590145111084,155.06443786621094
241.6879632472992,155.22900390625
241.737366437912,155.17916870117188
241.79538655281067,155.09315490722656
241.84564447402954,154.74598693847656
241.8849549293518,154.1614990234375
241.9379062652588,153.52593994140625
241.9881670475006,153.10032653808594
242.03615736961365,152.69515991210938
242.08793210983276,152.6710662841797
242.13443994522095,152.8418426513672
242.18573331832886,153.1819610595703
242.23825407028198,153.60414123535156
242.28535389900208,154.00064086914062
242.33834171295166,154.412841796875
242.38623547554016,154.73455810546875
242.4357132911682,154.88368225097656
242.4862778186798,154.99417114257812
242.53786897659302,154.9687957763672
242.59553337097168,154.8823699951172
242.64567828178406,155.0355224609375
242.6846911907196,155.51902770996094
242.73650336265564,155.8274688720703
242.7883903980255,156.09877014160156
242.8361303806305,156.3942108154297
242.88528847694397,156.7720184326172
242.93628573417664,157.37168884277344
242.98705291748047,157.8905792236328
243.0363781452179,158.18917846679688
243.0867531299591,158.3521728515625
243.1369206905365,158.37852478027344
243.1874554157257,158.38546752929688
243.24152946472168,158.32965087890625
243.28361678123474,158.2636260986328
243.33372020721436,158.1226348876953
243.3919641971588,158.1449737548828
243.4418044090271,158.11386108398438
243.48367953300476,158.05352783203125
243.53372955322266,158.16293334960938
243.5835657119751,158.38778686523438
243.63369035720825,158.76148986816406
243.6836326122284,159.18653869628906
243.73371982574463,159.39071655273438
243.78359079360962,159.48158264160156
243.833744764328,159.48776245117188
243.8836371898651,159.50735473632812
243.93379259109497,159.41189575195312
243.98365926742554,159.3079376220703
244.03377771377563,159.1216278076172
244.08360624313354,159.0878448486328
244.13381552696228,158.8828125
244.18849444389343,158.78797912597656
244.24215078353882,158.89102172851562
244.29084515571594,159.10610961914062
244.34378862380981,159.40245056152344
244.39019060134888,159.63600158691406
244.4403259754181,159.66294860839844
244.49009490013123,159.6364288330078
244.53999376296997,159.5220947265625
244.59035730361938,159.4268798828125
244.64152479171753,159.20030212402344
244.6872854232788,158.88824462890625
244.73502850532532,158.59857177734375
244.78392791748047,158.43983459472656
244.83497405052185,158.0703125
244.88386917114258,157.81338500976562
244.93498754501343,157.66317749023438
244.9839096069336,157.57040405273438
245.03489899635315,157.45556640625
245.08386278152466,157.16964721679688
245.13497805595398,156.70741271972656
245.1838734149933,156.03207397460938
245.2349715232849,155.50784301757812
245.2838933467865,155.04917907714844
245.33504247665405,154.7764892578125
245.38386297225952,154.45982360839844
245.4442629814148,153.95445251464844
245.49378657341003,153.38015747070312
245.5403070449829,152.94508361816406
245.59007167816162,152.66940307617188
245.64005875587463,152.632568359375
245.69026923179626,152.5513153076172
245.74040913581848,152.43089294433594
245.79006481170654,152.1222686767578
245.83408308029175,151.54913330078125
245.8840205669403,150.79495239257812
245.93390774726868,150.1776885986328
245.98404216766357,149.58619689941406
246.0337791442871,148.91651916503906
246.0839524269104,147.9518585205078
246.13373112678528,146.54928588867188
246.1840033531189,145.40658569335938
246.23383617401123,144.46331787109375
246.28410124778748,143.6914825439453
246.3336980342865,143.8422393798828
246.3839976787567,143.27609252929688
246.433678150177,142.28050231933594
246.48404932022095,141.73410034179688
246.5421962738037,142.23902893066406
246.59218978881836,140.94602966308594
246.6403729915619,140.63986206054688
246.6906020641327,139.4009246826172
246.7405824661255,139.85838317871094
246.79001998901367,139.6538848876953
246.84056496620178,139.031982421875
246.89003682136536,138.69688415527344
246.9407913684845,138.521728515625
246.9900586605072,138.90261840820312
247.03613376617432,138.29100036621094
247.08393812179565,136.62037658691406
247.1338484287262,135.18389892578125
247.18384742736816,133.51051330566406
247.2337725162506,131.3723907470703
247.28383684158325,129.91661071777344
247.33369183540344,128.58200073242188
247.383873462677,127.45707702636719
247.43368434906006,126.40906524658203
247.4838879108429,125.9076156616211
247.53373742103577,124.8145751953125
247.58385825157166,124.37242889404297
247.63366961479187,123.87815856933594
247.6837100982666,123.75147247314453
247.74228715896606,124.28861236572266
247.79185438156128,124.81787109375
247.83880925178528,125.2981185913086
247.8837730884552,125.6374740600586
247.93752932548523,126.09622192382812
247.98374128341675,126.66712951660156
248.03374028205872,127.18952178955078
248.08377408981323,127.75741577148438
248.13377451896667,128.64698791503906
248.18383312225342,129.57254028320312
248.2336711883545,130.43856811523438
248.28385400772095,131.35987854003906
248.3336946964264,132.25994873046875
248.38380122184753,132.98178100585938
248.43393778800964,133.5098876953125
248.48393368721008,133.9313507080078
248.54186606407166,134.22836303710938
248.5920798778534,134.4659881591797
248.64005494117737,134.733642578125
248.6899151802063,135.1421356201172
248.739887714386,135.6957550048828
248.78990769386292,136.17791748046875
248.83410167694092,136.60043334960938
248.88396310806274,136.96055603027344
248.93376421928406,137.40838623046875
248.984126329422,138.50990295410156
249.03373408317566,139.19009399414062
249.08390617370605,139.76487731933594
249.1337170600891,140.20892333984375
249.18382167816162,140.42941284179688
249.23401832580566,140.8621063232422
249.28393363952637,141.21849060058594
249.33371329307556,141.7797393798828
249.38382005691528,142.357177734375
249.43370723724365,142.81631469726562
249.4841685295105,143.5013885498047
249.53508496284485,143.9824981689453
249.59227657318115,144.18472290039062
249.641991853714,144.49391174316406
249.69220733642578,144.78147888183594
249.7413032054901,145.07720947265625
249.79009699821472,145.23268127441406
249.84023714065552,145.29347229003906
249.89015245437622,145.29798889160156
249.93997240066528,144.82041931152344
249.99046969413757,144.0401611328125
250.03994584083557,143.8365936279297
250.0900092124939,143.90972900390625
250.1399323940277,144.075439453125
250.1899802684784,143.99488830566406
250.24052262306213,143.96185302734375
250.29021954536438,143.5500030517578
250.3399498462677,143.54055786132812
250.3900797367096,143.9594268798828
250.4398970603943,144.60818481445312
250.49038910865784,145.29525756835938
250.53986501693726,145.8741912841797
250.59009337425232,146.20265197753906
250.63994193077087,146.15150451660156
250.69025254249573,145.9558868408203
250.7403371334076,145.7983856201172
250.7900993824005,145.64913940429688
250.84007096290588,145.51220703125
250.89008378982544,145.32504272460938
250.9399585723877,145.34048461914062
250.99050092697144,145.33799743652344
251.03994154930115,145.3619842529297
251.09005522727966,145.5764923095703
251.1423659324646,145.81143188476562
251.20121026039124,146.1844024658203
251.2453510761261,146.60995483398438
251.28806233406067,146.9253387451172
251.33856344223022,147.20968627929688
251.38826704025269,147.43614196777344
251.43765377998352,147.70921325683594
251.48857378959656,147.90318298339844
251.53679203987122,148.02745056152344
251.5865032672882,147.9251251220703
251.6372470855713,147.71597290039062
251.69010972976685,147.46693420410156
251.73399543762207,147.1580047607422
251.78396916389465,147.0073699951172
251.83375239372253,147.15927124023438
251.88388633728027,147.4176788330078
251.93380093574524,147.61032104492188
251.99218440055847,147.4971923828125
252.042138338089,147.24594116210938
252.09004020690918,146.82989501953125
252.13998198509216,146.44309997558594
252.19001173973083,146.253173828125
252.23993849754333,146.02064514160156
252.2900447845459,145.650146484375
252.339994430542,145.3900604248047
252.38988399505615,144.7088165283203
252.43998265266418,144.10020446777344
252.49007940292358,143.61483764648438
252.53990411758423,143.32681274414062
252.59001994132996,143.4525146484375
252.6399064064026,143.52688598632812
252.69012999534607,144.34446716308594
252.7400028705597,144.620849609375
252.79003500938416,144.51263427734375
252.8398735523224,144.30487060546875
252.89008831977844,144.0093994140625
252.93992590904236,143.76364135742188
252.9901647567749,143.4989776611328
253.04005241394043,143.20587158203125
253.09013485908508,142.8770751953125
253.14003038406372,142.6747589111328
253.19005036354065,142.57920837402344
253.2399730682373,142.66265869140625
253.29005789756775,142.76690673828125
253.3400104045868,142.82199096679688
253.38998866081238,142.80662536621094
253.44001817703247,142.67633056640625
253.4900300502777,142.58621215820312
253.53999829292297,142.4892578125
253.58998894691467,142.4517059326172
253.63988542556763,142.4207000732422
253.69013738632202,142.3764190673828
253.74011063575745,142.36659240722656
253.79017043113708,142.4935760498047
253.84006333351135,142.7996368408203
253.88997983932495,143.35073852539062
253.94011783599854,141.37184143066406
253.9900689125061,141.85159301757812
254.0399432182312,142.18368530273438
254.08419799804688,142.3359375
254.13830542564392,142.42318725585938
254.187593460083,142.47499084472656
254.23580408096313,142.45938110351562
254.28829741477966,142.42120361328125
254.33575177192688,142.3651885986328
254.3883695602417,142.2619171142578
254.43835735321045,142.0677490234375
254.48790884017944,142.0884246826172
254.53824734687805,142.35479736328125
254.58812594413757,142.8853759765625
254.63801622390747,143.5314483642578
254.68626642227173,143.95025634765625
254.73611569404602,144.16546630859375
254.79523372650146,144.39129638671875
254.84504556655884,144.49362182617188
254.8931324481964,144.6613311767578
254.94285416603088,144.790283203125
254.99321937561035,144.89476013183594
255.04279208183289,145.09103393554688
255.0931887626648,145.18838500976562
255.14295172691345,145.16163635253906
255.19317626953125,145.27650451660156
255.2415735721588,145.58201599121094
255.29230999946594,146.00741577148438
255.34364080429077,146.53128051757812
255.38440823554993,146.76376342773438
255.4350824356079,146.91539001464844
255.48407363891602,146.99815368652344
255.53508949279785,146.86044311523438
255.58402681350708,146.70140075683594
255.63511109352112,146.52313232421875
255.68407917022705,146.33392333984375
255.735093832016,146.41275024414062
255.78401160240173,146.45372009277344
255.8350429534912,146.3802947998047
255.88411712646484,146.36984252929688
255.9350700378418,146.54592895507812
255.9841752052307,146.79684448242188
256.04114389419556,147.0585479736328
256.0968327522278,147.0487518310547
256.1463198661804,146.87933349609375
256.1889579296112,146.5887908935547
256.2340757846832,146.30026245117188
256.2870788574219,146.07742309570312
256.3356246948242,145.66708374023438
256.38685369491577,145.186767578125
256.43566250801086,144.97792053222656
256.486451625824,144.4405517578125
256.53627705574036,143.69068908691406
256.58686566352844,143.44412231445312
256.6362302303314,143.05848693847656
256.68625712394714,143.07626342773438
256.74416399002075,142.88870239257812
256.7839710712433,143.08981323242188
256.83399629592896,142.94248962402344
256.8839988708496,142.64759826660156
256.9420464038849,142.46168518066406
256.99204087257385,142.16583251953125
257.04217982292175,141.7986297607422
257.09151887893677,141.5206756591797
257.1401071548462,141.28253173828125
257.18992733955383,141.09620666503906
257.24021887779236,140.99990844726562
257.28995513916016,140.99356079101562
257.34044218063354,141.07855224609375
257.3902060985565,141.7210235595703
257.4340932369232,142.45799255371094
257.4841845035553,142.88259887695312
257.53396129608154,142.97019958496094
257.5841598510742,142.8790740966797
257.63386511802673,142.6954345703125
257.6843156814575,142.3919677734375
257.73394799232483,142.03619384765625
257.78426933288574,141.58302307128906
257.8338351249695,141.26123046875
257.8841743469238,141.08438110351562
257.9341769218445,140.93772888183594
257.9875223636627,140.98764038085938
258.037602186203,141.14463806152344
258.08876752853394,141.45721435546875
258.14395666122437,141.83294677734375
258.19365215301514,142.04002380371094
258.24028611183167,142.11631774902344
258.2902250289917,142.1494140625
258.34157037734985,142.0729522705078
258.39001727104187,141.9496612548828
258.4406440258026,141.72738647460938
258.4916412830353,141.52786254882812
258.5342574119568,141.4035186767578
258.5851457118988,141.4475555419922
258.63409900665283,141.4593048095703
258.68528151512146,141.55404663085938
258.7341067790985,141.71820068359375
258.78524470329285,142.00970458984375
258.8341522216797,142.43626403808594
258.88523411750793,142.8205108642578
258.9341127872467,143.1516876220703
258.9852623939514,143.33810424804688
259.0341320037842,143.4578857421875
259.08523178100586,143.45388793945312
259.1340477466583,143.45150756835938
259.1851804256439,143.3212890625
259.2424075603485,143.20925903320312
259.29396986961365,143.1859893798828
259.3342878818512,143.11695861816406
259.3851408958435,143.01309204101562
259.4341149330139,143.09344482421875
259.48523235321045,142.96954345703125
259.53408908843994,142.87425231933594
259.5852253437042,142.97161865234375
259.6341116428375,142.96188354492188
259.6852045059204,143.3258819580078
259.73409032821655,143.42250061035156
259.78522300720215,143.538330078125
259.83414244651794,143.60621643066406
259.8851375579834,143.65139770507812
259.9341011047363,143.75833129882812
259.98521184921265,143.79779052734375
260.042361497879,144.0198974609375
260.0938808917999,144.4195098876953
260.13436579704285,144.61846923828125
260.185124874115,144.70518493652344
260.2341675758362,145.0128936767578
260.28521513938904,145.4783172607422
260.3340916633606,146.0292205810547
260.38523173332214,146.44094848632812
260.434100151062,146.590087890625
260.4852705001831,146.6519012451172
260.5340886116028,146.71253967285156
260.58513474464417,146.67616271972656
260.6340956687927,146.66787719726562
260.6853368282318,146.6378631591797
260.73414397239685,146.61801147460938
260.78517508506775,146.5398712158203
260.838436126709,146.6851043701172
260.89413189888,146.77664184570312
260.93990540504456,146.83998107910156
260.9863181114197,147.01715087890625
261.0360338687897,147.33724975585938
261.0861220359802,147.74700927734375
261.136182308197,148.14547729492188
261.1862053871155,148.28321838378906
261.2361798286438,148.35403442382812
261.2862250804901,148.36842346191406
261.3362455368042,148.4524688720703
261.3861436843872,148.5653533935547
261.43607926368713,148.49659729003906
261.48618268966675,148.3568878173828
261.53414511680603,148.02935791015625
261.5841736793518,147.91416931152344
261.6339523792267,147.77908325195312
261.6927080154419,147.6943359375
261.7426722049713,147.7177276611328
261.79246163368225,147.80242919921875
261.8418927192688,147.82301330566406
261.89468336105347,147.8076171875
261.9439435005188,147.65365600585938
261.9939796924591,147.47471618652344
262.04236221313477,147.09075927734375
262.0885217189789,146.7222137451172
262.1386513710022,145.87905883789062
262.1851782798767,145.2483367919922
262.2342493534088,144.892578125
262.2840712070465,144.0950164794922
262.3341746330261,143.431884765625
262.3839762210846,143.142333984375
262.4341106414795,143.0142822265625
262.4840307235718,143.10118103027344
262.53426241874695,143.40213012695312
262.58393716812134,143.6035614013672
262.63412976264954,143.7635955810547
262.68408465385437,143.7432403564453
262.734215259552,143.71128845214844
262.79482102394104,143.6587677001953
262.844877243042,143.53460693359375
262.89030170440674,143.46751403808594
262.940144777298,143.35519409179688
262.99033069610596,143.09906005859375
263.0402524471283,142.906005859375
263.0901803970337,142.88803100585938
263.14024019241333,142.9703826904297
263.19016218185425,143.15719604492188
263.2401897907257,143.40274047851562
263.29037642478943,143.57432556152344
263.3402199745178,143.65481567382812
263.3922770023346,143.65469360351562
263.4421281814575,143.63075256347656
263.49021220207214,143.6171112060547
263.54020047187805,143.58404541015625
263.59020042419434,143.58409118652344
263.64015460014343,143.54417419433594
263.6903786659241,143.47225952148438
263.74014258384705,143.40185546875
263.79035782814026,143.49415588378906
263.8400926589966,143.70303344726562
263.89035296440125,144.0123291015625
263.9403531551361,144.29884338378906
263.9903612136841,144.490966796875
264.04029989242554,144.59498596191406
264.0903263092041,144.66461181640625
264.1402003765106,144.72320556640625
264.1903393268585,144.71385192871094
264.24026226997375,144.62442016601562
264.2902612686157,144.6522979736328
264.3401448726654,144.88311767578125
264.39029693603516,144.97891235351562
264.44019961357117,145.09324645996094
264.49027156829834,145.870849609375
264.5401043891907,146.45928955078125
264.5902967453003,147.90919494628906
264.64028573036194,148.3889923095703
264.6903290748596,148.35031127929688
264.7403266429901,148.29722595214844
264.79037714004517,148.28997802734375
264.8403182029724,148.19552612304688
264.890248298645,148.2995147705078
264.94025349617004,148.2693634033203
264.99040246009827,148.3128662109375
265.04015731811523,148.30368041992188
265.09030866622925,148.4397430419922
265.1403920650482,148.55601501464844
265.1903247833252,148.6839141845703
265.2402572631836,149.07826232910156
265.2905082702637,149.5613250732422
265.3402569293976,149.9739532470703
265.3902966976166,150.22943115234375
265.44018602371216,150.29376220703125
265.49034309387207,150.3317413330078
265.54033970832825,150.29293823242188
265.5902693271637,150.32244873046875
265.640175819397,150.2451934814453
265.6905143260956,150.18386840820312
265.74026012420654,150.0496368408203
265.79035329818726,150.03636169433594
265.84012031555176,149.9857940673828
265.89025354385376,150.00653076171875
265.940181016922,150.29566955566406
265.99031162261963,150.6436004638672
266.0402784347534,150.9774932861328
266.0922169685364,150.97349548339844
266.1422951221466,150.72801208496094
266.19073128700256,150.5265655517578
266.24184250831604,150.1667022705078
266.28440141677856,149.7803192138672
266.3353500366211,149.29444885253906
266.384268283844,148.55587768554688
266.4353656768799,147.99478149414062
266.4842505455017,145.3476104736328
266.5352432727814,145.0478973388672
266.5841875076294,144.88040161132812
266.63530945777893,144.80313110351562
266.68423318862915,145.1912384033203
266.73538851737976,145.53314208984375
266.7842540740967,145.89437866210938
266.83531308174133,145.99139404296875
266.8842911720276,145.8264617919922
266.93531370162964,145.68939208984375
266.9927999973297,145.32858276367188
267.0440709590912,144.96942138671875
267.08451986312866,144.67355346679688
267.13535594940186,144.4811248779297
267.18432116508484,144.22451782226562
267.23524260520935,144.09677124023438
267.2843134403229,144.1533660888672
267.3354239463806,144.39869689941406
267.38432908058167,144.88946533203125
267.43540596961975,145.31625366210938
267.48433566093445,145.68222045898438
267.53530859947205,145.91983032226562
267.584246635437,146.06336975097656
267.6353280544281,146.263916015625
267.68433356285095,146.30125427246094
267.73533296585083,146.4228515625
267.7888927459717,146.53659057617188
267.84405970573425,146.62823486328125
267.89143681526184,146.74798583984375
267.9404203891754,146.9137725830078
267.99051880836487,146.97119140625
268.04018115997314,147.1446990966797
268.09026288986206,147.44273376464844
268.14042234420776,147.60302734375
268.1903736591339,147.5388946533203
268.2403259277344,147.41790771484375
268.2901773452759,147.34848022460938
268.3417491912842,147.38682556152344
268.3903121948242,147.55484008789062
268.4403691291809,147.79843139648438
268.4901394844055,148.13198852539062
268.54067873954773,148.37799072265625
268.59178709983826,148.50900268554688
268.64069747924805,148.6357421875
268.69198846817017,148.99325561523438
268.7407112121582,149.4034881591797
268.79037261009216,149.85520935058594
268.84056425094604,150.19883728027344
268.89031529426575,150.45965576171875
268.9417612552643,150.5917510986328
268.99049520492554,150.66893005371094
269.04065680503845,150.6009979248047
269.09036922454834,150.6020050048828
269.1405897140503,150.48681640625
269.1888291835785,150.53672790527344
269.23469066619873,150.4110870361328
269.28430128097534,150.32176208496094
269.33405017852783,150.4142608642578
269.3842809200287,150.6105194091797
269.43416023254395,150.8518829345703
269.48424887657166,151.01007080078125
269.5341444015503,150.88771057128906
269.58426547050476,150.71041870117188
269.63404989242554,150.45458984375
269.68437147140503,150.1280059814453
269.73411083221436,149.7234344482422
269.7842297554016,149.22268676757812
269.8340485095978,148.98390197753906
269.88421154022217,146.20689392089844
269.9421033859253,145.22938537597656
269.9922058582306,145.11184692382812
270.0439341068268,145.17092895507812
270.09319162368774,145.31658935546875
270.1362774372101,145.4464111328125
270.1899678707123,145.33505249023438
270.23429441452026,143.6071319580078
270.286376953125,142.25245666503906
270.3341565132141,141.78114318847656
270.3843355178833,141.40211486816406
270.4342119693756,140.9127655029297
270.48417687416077,140.66941833496094
270.5341742038727,140.06521606445312
270.58426332473755,139.72747802734375
270.63413763046265,139.63174438476562
270.6842391490936,139.63433837890625
270.7341191768646,139.82992553710938
270.7869281768799,139.98509216308594
270.84582924842834,140.16920471191406
270.89606070518494,140.29071044921875
270.94061970710754,140.36190795898438
270.9921145439148,140.4389190673828
271.04466819763184,140.40625
271.095330953598,140.39849853515625
271.1345498561859,140.43133544921875
271.1847183704376,140.38072204589844
271.2341220378876,140.56346130371094
271.2855317592621,140.81216430664062
271.33835101127625,141.1962127685547
271.3909351825714,141.67530822753906
271.43636441230774,142.16064453125
271.48629236221313,142.64285278320312
271.53629970550537,142.99896240234375
271.58642053604126,143.1575927734375
271.63632130622864,143.23306274414062
271.6863670349121,143.21250915527344
271.7363066673279,143.21688842773438
271.7863087654114,143.21334838867188
271.84537386894226,143.21409606933594
271.89527583122253,143.24453735351562
271.943311214447,143.13275146484375
271.99330615997314,143.3376007080078
272.0434329509735,143.8613739013672
272.0930531024933,144.36375427246094
272.14333391189575,144.79556274414062
272.1932044029236,145.1100311279297
272.2434151172638,145.32675170898438
272.29311633110046,145.47032165527344
272.34336256980896,145.53155517578125
272.39330220222473,145.59808349609375
272.4434254169464,145.53167724609375
272.49312448501587,145.5482940673828
272.54350113868713,145.51290893554688
272.5935513973236,145.4649200439453
272.6433653831482,145.5188751220703
272.69329380989075,145.7259063720703
272.74333667755127,146.00921630859375
272.7931458950043,146.24412536621094
272.8434932231903,146.32687377929688
272.8931550979614,146.3927459716797
272.94337344169617,146.4059295654297
272.9931733608246,146.37384033203125
273.04349088668823,146.3047637939453
273.0931453704834,146.17710876464844
273.14356303215027,148.54612731933594
273.19319248199463,148.53488159179688
273.24339985847473,148.456787109375
273.29319071769714,148.4169921875
273.34373712539673,148.5418701171875
273.3932466506958,148.74234008789062
273.44350242614746,148.9719696044922
273.4933590888977,149.1098175048828
273.5434350967407,149.23681640625
273.59325432777405,149.20217895507812
273.6432831287384,148.9936065673828
273.6933000087738,148.85546875
273.7433018684387,148.48020935058594
273.79568219184875,147.97923278808594
273.83447098731995,147.90310668945312
273.88436913490295,147.39414978027344
273.9342129230499,147.0194091796875
273.9842720031738,146.53627014160156
274.03420090675354,145.97227478027344
274.08427476882935,145.60659790039062
274.1341576576233,145.546142578125
274.1842703819275,145.4456024169922
274.234139919281,145.2918243408203
274.284334897995,145.10693359375
274.33415269851685,144.87168884277344
274.3842833042145,144.67721557617188
274.43411564826965,144.56460571289062
274.48427987098694,144.26483154296875
274.5394344329834,143.98245239257812
274.59488701820374,143.80441284179688
274.6422529220581,143.8858184814453
274.69056129455566,144.2147674560547
274.7416744232178,144.51336669921875
274.79443430900574,144.7759552001953
274.8464684486389,144.94532775878906
274.8964493274689,145.115966796875
274.9407892227173,145.3597412109375
274.9885287284851,145.4305419921875
275.0382385253906,145.45404052734375
275.0873820781708,145.55316162109375
275.1362600326538,145.6950225830078
275.18667435646057,145.79156494140625
275.23643159866333,145.7692413330078
275.2855122089386,146.0090789794922
275.3367338180542,146.57383728027344
275.3887813091278,147.20521545410156
275.43826937675476,147.79562377929688
275.48599338531494,148.1046905517578
275.5352478027344,148.31790161132812
275.5861518383026,148.44497680664062
275.63972187042236,148.54661560058594
275.69622349739075,148.64991760253906
275.7511475086212,148.64878845214844
275.7907500267029,148.7935791015625
275.8404161930084,148.81918334960938
275.89057445526123,148.80027770996094
275.94044375419617,148.96316528320312
275.99051332473755,149.28030395507812
276.04041266441345,149.65797424316406
276.0906000137329,150.0267791748047
276.14040899276733,150.09024047851562
276.19058656692505,150.08758544921875
276.2406828403473,150.0232696533203
276.29066371917725,149.94107055664062
276.3404710292816,149.73080444335938
276.3906054496765,149.532958984375
276.4404401779175,149.2212371826172
276.49066066741943,149.07130432128906
276.5404875278473,148.86618041992188
276.59059715270996,148.8243408203125
276.64041805267334,149.05848693847656
276.690630197525,149.2976837158203
276.7404234409332,149.62680053710938
276.790812253952,149.8957977294922
276.84055495262146,149.8629913330078
276.8906352519989,149.80392456054688
276.94052958488464,149.54421997070312
276.9906144142151,149.17193603515625
277.0405852794647,148.53419494628906
277.09056878089905,147.76150512695312
277.1404993534088,147.51856994628906
277.1906306743622,146.68104553222656
277.2404770851135,146.06793212890625
277.2905344963074,145.5730743408203
277.34043169021606,145.39627075195312
277.3907115459442,145.3840789794922
277.4403715133667,145.388427734375
277.4905478954315,145.4116973876953
277.54040145874023,145.24864196777344
277.59052538871765,145.11903381347656
277.64040756225586,145.012451171875
277.69063353538513,144.8108367919922
277.74036383628845,144.68612670898438
277.79063057899475,144.525634765625
277.8403625488281,144.330078125
277.8905837535858,144.16207885742188
277.9403941631317,144.16207885742188
277.990535736084,144.41712951660156
278.0403926372528,144.93975830078125
278.0905680656433,145.38015747070312
278.1404824256897,145.75604248046875
278.1906695365906,146.07554626464844
278.24041628837585,146.3953094482422
278.29058170318604,146.7850799560547
278.34038519859314,147.06182861328125
278.39057540893555,147.36111450195312
278.4405379295349,147.59527587890625
278.4906644821167,147.81927490234375
278.5405492782593,147.9075927734375
278.5906047821045,147.8515625
278.6405007839203,147.84197998046875
278.690673828125,147.935302734375
278.74042558670044,148.15357971191406
278.79058289527893,148.43292236328125
278.8410768508911,148.53445434570312
278.8910675048828,148.60804748535156
278.9409782886505,148.63429260253906
278.99108719825745,148.70094299316406
279.0409047603607,148.6947784423828
279.0910587310791,148.797119140625
279.14099311828613,148.80545043945312
279.19123578071594,149.00442504882812
279.2409348487854,149.0117645263672
279.2911512851715,149.05099487304688
279.34112310409546,149.2525634765625
279.3911466598511,149.57186889648438
279.4410581588745,149.90977478027344
279.4911615848541,150.14476013183594
279.54116129875183,150.21604919433594
279.5913095474243,150.27915954589844
279.64106011390686,150.24415588378906
279.69133019447327,150.23431396484375
279.7410578727722,150.1644287109375
279.7910940647125,150.05935668945312
279.8410220146179,149.93003845214844
279.8911006450653,149.90345764160156
279.9409520626068,149.7401885986328
279.9910705089569,149.67660522460938
280.04104828834534,149.83233642578125
280.0912139415741,150.00733947753906
280.1410024166107,150.32989501953125
280.1912236213684,150.42391967773438
280.2410190105438,150.30303955078125
280.291118144989,150.15756225585938
280.34104323387146,149.8609161376953
280.39110112190247,149.57481384277344
280.4410409927368,149.30252075195312
280.4911346435547,148.93052673339844
280.5411124229431,148.96482849121094
280.59117579460144,148.7956085205078
280.6410701274872,148.56427001953125
280.69119453430176,148.46127319335938
280.7411057949066,148.15586853027344
280.7912073135376,147.92181396484375
280.8410906791687,147.6988525390625
280.8915169239044,147.5984649658203
280.94248938560486,147.2734832763672
280.9867103099823,147.00027465820312
281.0387899875641,146.70526123046875
281.08775424957275,146.36441040039062
281.1361391544342,146.1455078125
281.1881504058838,145.92970275878906
281.2381944656372,145.58287048339844
281.28804183006287,145.39852905273438
281.3393921852112,145.4027557373047
281.38687658309937,145.6381378173828
281.43939566612244,146.09033203125
281.48837876319885,146.5204620361328
281.53766083717346,147.00088500976562
281.5869176387787,147.32923889160156
281.63937282562256,147.5748291015625
281.69723558425903,147.77447509765625
281.74882316589355,147.78675842285156
281.7908399105072,147.93016052246094
281.8383605480194,148.01145935058594
281.88921093940735,148.2926483154297
281.94007992744446,148.3929443359375
281.9887547492981,148.37059020996094
282.03960847854614,148.59283447265625
282.08893513679504,149.00807189941406
282.13949942588806,149.47975158691406
282.18848276138306,149.94541931152344
282.24401593208313,150.11073303222656
282.28451800346375,150.25210571289062
282.3363811969757,150.3125
282.38814544677734,150.33102416992188
282.4449305534363,150.25262451171875
282.49419593811035,150.27291870117188
282.545303106308,150.17701721191406
282.58498311042786,150.31381225585938
282.63454723358154,150.2953643798828
282.6844229698181,150.2788848876953
282.73452639579773,150.4803009033203
282.7843325138092,150.76683044433594
282.83448123931885,151.11224365234375
282.88435339927673,151.37509155273438
282.9345018863678,151.4957275390625
282.9846336841583,151.58094787597656
283.03445267677307,151.5240478515625
283.08429765701294,151.49224853515625
283.13442182540894,151.31878662109375
283.18439078330994,151.17947387695312
283.2344915866852,150.97451782226562
283.2857668399811,150.9051513671875
283.3406283855438,150.7972869873047
283.39083218574524,150.7520294189453
283.4405448436737,150.8785400390625
283.49068093299866,151.04331970214844
283.5405547618866,151.1962432861328
283.59070801734924,151.2713623046875
283.640686750412,151.1461944580078
283.69082975387573,151.01889038085938
283.7406997680664,150.8091583251953
283.79072546958923,150.5491943359375
283.84044218063354,150.2570037841797
283.88779616355896,149.77743530273438
283.9344553947449,149.57867431640625
283.9844591617584,149.3612518310547
284.03554821014404,149.07911682128906
284.0844964981079,148.99783325195312
284.1347587108612,148.82200622558594
284.18465876579285,148.77195739746094
284.2351505756378,148.82688903808594
284.2847638130188,148.3665313720703
284.33476209640503,147.7132568359375
284.3844676017761,147.37962341308594
284.4347457885742,147.10211181640625
284.48466992378235,146.74327087402344
284.53506779670715,146.5629425048828
284.5846095085144,146.44064331054688
284.6434941291809,146.09146118164062
284.69286918640137,145.91209411621094
284.741824388504,145.95863342285156
284.79117345809937,146.19888305664062
284.8411078453064,146.6851043701172
284.89090847969055,147.0596466064453
284.93718552589417,147.40443420410156
284.98996567726135,147.69020080566406
285.03889441490173,147.61155700683594
285.089164018631,147.76075744628906
285.1391775608063,147.67869567871094
285.1882426738739,148.0493621826172
285.23871541023254,148.38723754882812
285.2889552116394,148.7335968017578
285.338401556015,148.7147979736328
285.38979601860046,148.61109924316406
285.43476581573486,148.7951202392578
285.4864065647125,149.10638427734375
285.5383596420288,149.57205200195312
285.59020805358887,150.0615997314453
285.6454048156738,150.2095184326172
285.70131635665894,150.34994506835938
285.73497200012207,150.30999755859375
285.7851333618164,150.23822021484375
285.83471179008484,150.0548858642578
285.8848934173584,149.90089416503906
285.9347987174988,149.71298217773438
285.984876871109,149.773193359375
286.0347526073456,149.72335815429688
286.0849983692169,149.72682189941406
286.13481283187866,150.00347900390625
286.1849672794342,150.41659545898438
286.23471188545227,150.90098571777344
286.2848937511444,151.22738647460938
286.33473443984985,151.40061950683594
286.38492941856384,151.5487060546875
286.44574785232544,151.5858612060547
286.49585914611816,151.63816833496094
286.5412526130676,151.66702270507812
286.5911602973938,151.61753845214844
286.6413071155548,151.62081909179688
286.69122982025146,151.58180236816406
286.74166440963745,151.50103759765625
286.7914094924927,151.56932067871094
286.8415343761444,151.90310668945312
286.89132928848267,152.3094482421875
286.9418158531189,152.6761016845703
286.9915738105774,152.84742736816406
287.04197096824646,152.8895263671875
287.09269762039185,152.85906982421875
287.1350350379944,152.76852416992188
287.1859087944031,152.6273956298828
287.2345869541168,152.43603515625
287.28572392463684,152.16307067871094
287.33457708358765,152.01881408691406
287.38568925857544,151.838623046875
287.43458795547485,151.67225646972656
287.4856390953064,151.64317321777344
287.5345458984375,151.74200439453125
287.58571600914,151.81166076660156
287.6346342563629,152.01962280273438
287.6857612133026,151.9718475341797
287.7346496582031,151.775634765625
287.78570079803467,151.46151733398438
287.84335684776306,151.01385498046875
287.8947458267212,150.58897399902344
287.9345874786377,150.21324157714844
287.98463129997253,149.79782104492188
288.03450870513916,149.8913116455078
288.08449363708496,149.9070281982422
288.1344566345215,149.90699768066406
288.18462085723877,150.49029541015625
288.2344572544098,151.4803466796875
288.2844789028168,152.5739288330078
288.3343789577484,152.5293426513672
288.384592294693,152.39906311035156
288.43442964553833,152.29913330078125
288.48451352119446,152.17713928222656
288.53444933891296,152.07090759277344
288.5845675468445,151.96798706054688
288.64250802993774,151.9553680419922
288.6927161216736,151.94683837890625
288.7408266067505,151.929931640625
288.79069542884827,151.9684600830078
288.8409011363983,152.22315979003906
288.8906102180481,152.55056762695312
288.9407365322113,152.9475555419922
288.9910547733307,153.29684448242188
289.04087018966675,153.60372924804688
289.0907151699066,153.89447021484375
289.1408278942108,154.06544494628906
289.190664768219,154.19134521484375
289.2407395839691,154.12420654296875
289.29084944725037,153.87673950195312
289.3407459259033,153.97381591796875
289.39085030555725,154.80703735351562
289.4409501552582,156.0398712158203
289.49071311950684,156.2677001953125
289.5408663749695,156.36477661132812
289.5907256603241,156.68580627441406
289.6408863067627,156.9934844970703
289.6949408054352,157.4635467529297
289.7441921234131,157.58184814453125
289.79420161247253,157.5807647705078
289.84431529045105,157.6011505126953
289.894816160202,157.50782775878906
289.9444305896759,157.39990234375
289.9948582649231,157.2112579345703
290.04376244544983,157.03709411621094
290.093629360199,157.0010986328125
290.14375615119934,157.13211059570312
290.19338035583496,157.15505981445312
290.23788237571716,157.2621612548828
290.28673362731934,157.634033203125
290.3368430137634,158.0848388671875
290.38691329956055,158.59423828125
290.4367699623108,158.9351043701172
290.48684644699097,159.11209106445312
290.53674268722534,159.1839599609375
290.58698058128357,159.16355895996094
290.6367337703705,159.12973022460938
290.6870868206024,159.0518341064453
290.73677611351013,158.9374542236328
290.7870283126831,158.86900329589844
290.83672285079956,158.8560028076172
290.88688564300537,158.79103088378906
290.9403212070465,158.88742065429688
290.9962818622589,159.1788330078125
291.045782327652,159.5900421142578
291.0943305492401,159.9788360595703
291.14369010925293,160.10560607910156
291.19426107406616,160.12359619140625
291.2436091899872,160.00779724121094
291.2941620349884,159.86398315429688
291.34339022636414,159.7044677734375
291.39411187171936,159.42330932617188
291.44384503364563,158.9794464111328
291.4941420555115,158.75051879882812
291.543536901474,158.52305603027344
291.59418654441833,158.2836151123047
291.64364767074585,158.2809600830078
291.69421005249023,158.3603515625
291.7439908981323,158.502197265625
291.78698086738586,158.75250244140625
291.8366537094116,158.8261260986328
291.88688492774963,158.9008026123047
291.9367530345917,158.7811279296875
291.98698234558105,158.56712341308594
292.0367519855499,158.3463897705078
292.0869359970093,157.88909912109375
292.13672947883606,157.56944274902344
292.18681740760803,157.6385040283203
292.2367970943451,157.30343627929688
292.28687858581543,157.97927856445312
292.3366551399231,160.91233825683594
292.38702607154846,161.07398986816406
292.4368360042572,161.2449951171875
292.4966084957123,161.33145141601562
292.5459132194519,161.3595428466797
292.58722138404846,161.30224609375
292.63701128959656,161.25091552734375
292.68703293800354,161.1554718017578
292.7369050979614,161.09713745117188
292.7868423461914,160.87098693847656
292.8369879722595,160.62918090820312
292.8868751525879,160.52230834960938
292.9369478225708,160.54750061035156
292.98688411712646,160.7751922607422
293.03693532943726,161.0919189453125
293.0868926048279,161.3866424560547
293.1369557380676,161.6230926513672
293.18690037727356,161.7030792236328
293.2369294166565,161.73143005371094
293.2960798740387,161.80386352539062
293.34588837623596,161.86558532714844
293.38701725006104,162.04376220703125
293.4369206428528,161.7135467529297
293.4868721961975,161.30650329589844
293.53700709342957,161.321533203125
293.5869731903076,161.2048797607422
293.6370015144348,159.98342895507812
293.6869180202484,159.3216552734375
293.7369918823242,159.92974853515625
293.7868993282318,159.80845642089844
293.8370084762573,159.8081512451172
293.8868877887726,159.88922119140625
293.93698620796204,159.99996948242188
293.98685789108276,160.07188415527344
294.0370123386383,160.04051208496094
294.09599709510803,160.04360961914062
294.1459300518036,160.21177673339844
294.1942894458771,160.22723388671875
294.24364399909973,160.2909393310547
294.2942612171173,160.54209899902344
294.3436839580536,160.95040893554688
294.39431953430176,161.36602783203125
294.44359278678894,161.6619873046875
294.49425888061523,161.8282012939453
294.54377603530884,161.93008422851562
294.59436106681824,161.9945068359375
294.6423394680023,162.00021362304688
294.6913414001465,161.9717254638672
294.7424852848053,161.910400390625
294.7851302623749,161.94786071777344
294.835875749588,161.8683319091797
294.8847224712372,161.8809051513672
294.9359028339386,162.1237030029297
294.9848096370697,162.49330139160156
295.03622484207153,162.89614868164062
295.0846788883209,163.1802520751953
295.1347441673279,163.2702178955078
295.1845395565033,163.27471923828125
295.2346360683441,163.26638793945312
295.28457379341125,163.19284057617188
295.33467864990234,163.0552215576172
295.3846616744995,162.8585205078125
295.4347219467163,162.72384643554688
295.4889805316925,162.44871520996094
295.5429711341858,162.29861450195312
295.59145975112915,162.4015350341797
295.6410572528839,162.6112823486328
295.6909465789795,162.85621643066406
295.7409267425537,162.8880615234375
295.7909245491028,162.7274169921875
295.8408935070038,162.57086181640625
295.88824915885925,162.31869506835938
295.93474078178406,162.12594604492188
295.98825097084045,161.87673950195312
296.0394604206085,161.6154327392578
296.08895349502563,161.70655822753906
296.13929438591003,161.42835998535156
296.18846917152405,161.5376739501953
296.23851799964905,161.81924438476562
296.28899598121643,161.99249267578125
296.3387293815613,162.2525177001953
296.38897466659546,162.1584014892578
296.43465638160706,161.84678649902344
296.48463559150696,161.49819946289062
296.5347213745117,161.05953979492188
296.5846035480499,160.7333221435547
296.64312529563904,160.32618713378906
296.6926338672638,160.0140838623047
296.7436203956604,159.96316528320312
296.7961976528168,159.68014526367188
296.8457713127136,159.50718688964844
296.8938992023468,159.33163452148438
296.9394943714142,159.5906524658203
296.9894452095032,160.0196990966797
297.0395679473877,160.29727172851562
297.08944606781006,160.50177001953125
297.1392545700073,160.65576171875
297.18936920166016,160.74232482910156
297.23927426338196,160.87884521484375
297.28968262672424,161.04776000976562
297.3392014503479,161.121826171875
297.3890902996063,161.39598083496094
297.43893814086914,161.62249755859375
297.4890983104706,161.46005249023438
297.53855895996094,160.97593688964844
297.58919405937195,160.51132202148438
297.6470217704773,160.71424865722656
297.69693875312805,161.09796142578125
297.7393400669098,161.30908203125
297.7903091907501,161.5017852783203
297.83945965766907,161.6484832763672
297.8901207447052,161.742431640625
297.93930101394653,161.7693634033203
297.9902024269104,161.83106994628906
298.03928685188293,161.78463745117188
298.0903296470642,161.99661254882812
298.1390173435211,162.02317810058594
298.19025897979736,162.06509399414062
298.23610663414,162.26002502441406
298.28492522239685,162.57591247558594
298.3347215652466,163.0067138671875
298.3847267627716,163.40374755859375
298.4408209323883,163.57615661621094
298.49089646339417,163.6553192138672
298.54094648361206,163.59356689453125
298.5909185409546,163.55685424804688
298.6409595012665,163.47293090820312
298.6909849643707,163.39212036132812
298.7408244609833,165.50479125976562
298.7908425331116,165.53887939453125
298.84085392951965,165.47140502929688
298.89086389541626,165.52745056152344
298.9409828186035,165.75315856933594
298.9911630153656,166.06137084960938
299.0409822463989,166.43560791015625
299.0908451080322,166.7625732421875
299.141019821167,166.7919158935547
299.1908309459686,166.67344665527344
299.24099922180176,166.43780517578125
299.2908880710602,166.18727111816406
299.3409457206726,165.87478637695312
299.3909194469452,165.612548828125
299.4408481121063,165.29725646972656
299.4908311367035,165.22332763671875
299.5430474281311,165.02212524414062
299.59292674064636,164.8385467529297
299.64110040664673,164.87939453125
299.69102668762207,164.9102783203125
299.74104619026184,165.1611328125
299.7909722328186,165.3559112548828
299.8411674499512,165.2631072998047
299.8909430503845,165.2085418701172
299.941036939621,164.9319305419922
299.9910011291504,164.70155334472656
300.0410056114197,164.42791748046875
